[28Dec2025 23:05:17.143] [main/INFO] [cpw.mods.modlauncher.Launcher/MODLAUNCHER]: ModLauncher running: args [--launchTarget, forgeserver, --fml.forgeVersion, 43.3.5, --fml.mcVersion, 1.19.2, --fml.forgeGroup, net.minecraftforge, --fml.mcpVersion, 20220805.130853, nogui]
[28Dec2025 23:05:17.147] [main/INFO] [cpw.mods.modlauncher.Launcher/MODLAUNCHER]: ModLauncher 10.0.8+10.0.8+main.0ef7e830 starting: java version 25 by Homebrew; OS Linux arch amd64 version 5.15.167.4-microsoft-standard-WSL2
[28Dec2025 23:05:17.165] [main/DEBUG] [cpw.mods.modlauncher.LaunchServiceHandler/MODLAUNCHER]: Found launch services [fmlclientdev,forgeclient,minecraft,forgegametestserverdev,fmlserveruserdev,fmlclient,fmldatauserdev,forgeserverdev,forgeserveruserdev,forgeclientdev,forgeclientuserdev,forgeserver,forgedatadev,fmlserver,fmlclientuserdev,fmlserverdev,forgedatauserdev,testharness,forgegametestserveruserdev]
[28Dec2025 23:05:17.174] [main/DEBUG] [cpw.mods.modlauncher.NameMappingServiceHandler/MODLAUNCHER]: Found naming services : [srgtomcp]
[28Dec2025 23:05:17.186] [main/DEBUG] [cpw.mods.modlauncher.LaunchPluginHandler/MODLAUNCHER]: Found launch plugins: [mixin,eventbus,slf4jfixer,object_holder_definalize,runtime_enum_extender,capability_token_subclass,accesstransformer,runtimedistcleaner]
[28Dec2025 23:05:17.194] [main/DEBUG] [cpw.mods.modlauncher.TransformationServicesHandler/MODLAUNCHER]: Discovering transformation services
[28Dec2025 23:05:19.421] [main/DEBUG] [cpw.mods.modlauncher.TransformationServicesHandler/MODLAUNCHER]: Found additional transformation services from discovery services: [/home/bryan/Minecraft-Medieval-RPG/mods/redirector-5.0.0.jar]
[28Dec2025 23:05:19.427] [main/INFO] [com.teampotato.redirector.Redirector/]: Redirector CoreMod initialized successfully!
[28Dec2025 23:05:19.432] [main/DEBUG] [cpw.mods.modlauncher.TransformationServicesHandler/MODLAUNCHER]: Found transformer services : [mixin,redirector,fml]
[28Dec2025 23:05:19.432] [main/DEBUG] [cpw.mods.modlauncher.TransformationServicesHandler/MODLAUNCHER]: Transformation services loading
[28Dec2025 23:05:19.432] [main/DEBUG] [cpw.mods.modlauncher.TransformationServiceDecorator/MODLAUNCHER]: Loading service mixin
[28Dec2025 23:05:19.432] [main/DEBUG] [cpw.mods.modlauncher.TransformationServiceDecorator/MODLAUNCHER]: Loaded service mixin
[28Dec2025 23:05:19.433] [main/DEBUG] [cpw.mods.modlauncher.TransformationServiceDecorator/MODLAUNCHER]: Loading service redirector
[28Dec2025 23:05:19.433] [main/DEBUG] [cpw.mods.modlauncher.TransformationServiceDecorator/MODLAUNCHER]: Loaded service redirector
[28Dec2025 23:05:19.433] [main/DEBUG] [cpw.mods.modlauncher.TransformationServiceDecorator/MODLAUNCHER]: Loading service fml
[28Dec2025 23:05:19.434] [main/DEBUG] [net.minecraftforge.fml.loading.LauncherVersion/CORE]: Found FMLLauncher version 1.0
[28Dec2025 23:05:19.434] [main/DEBUG] [net.minecraftforge.fml.loading.FMLLoader/CORE]: FML 1.0 loading
[28Dec2025 23:05:19.434] [main/DEBUG] [net.minecraftforge.fml.loading.FMLLoader/CORE]: FML found ModLauncher version : 10.0.8+10.0.8+main.0ef7e830
[28Dec2025 23:05:19.435] [main/DEBUG] [net.minecraftforge.fml.loading.FMLLoader/CORE]: FML found AccessTransformer version : 8.0.4+66+master.c09db6d7
[28Dec2025 23:05:19.435] [main/DEBUG] [net.minecraftforge.fml.loading.FMLLoader/CORE]: FML found EventBus version : 6.0.3+6.0.3+master.039e4ea9
[28Dec2025 23:05:19.435] [main/DEBUG] [net.minecraftforge.fml.loading.FMLLoader/CORE]: Found Runtime Dist Cleaner
[28Dec2025 23:05:19.436] [main/DEBUG] [net.minecraftforge.fml.loading.FMLLoader/CORE]: FML found CoreMod version : 5.0.1+15+master.dc5a2922
[28Dec2025 23:05:19.436] [main/DEBUG] [net.minecraftforge.fml.loading.FMLLoader/CORE]: Found ForgeSPI package implementation version 6.0.0+6.0.0+master.42474703
[28Dec2025 23:05:19.436] [main/DEBUG] [net.minecraftforge.fml.loading.FMLLoader/CORE]: Found ForgeSPI package specification 5
[28Dec2025 23:05:19.438] [main/DEBUG] [cpw.mods.modlauncher.TransformationServiceDecorator/MODLAUNCHER]: Loaded service fml
[28Dec2025 23:05:19.439] [main/DEBUG] [cpw.mods.modlauncher.TransformationServicesHandler/MODLAUNCHER]: Configuring option handling for services
[28Dec2025 23:05:19.443] [main/DEBUG] [cpw.mods.modlauncher.TransformationServicesHandler/MODLAUNCHER]: Transformation services initializing
[28Dec2025 23:05:19.444] [main/DEBUG] [cpw.mods.modlauncher.TransformationServiceDecorator/MODLAUNCHER]: Initializing transformation service mixin
[28Dec2025 23:05:19.454] [main/DEBUG] [mixin/]: MixinService [ModLauncher] was successfully booted in cpw.mods.cl.ModuleClassLoader@59e5ddf
[28Dec2025 23:05:19.470] [main/INFO] [mixin/]: SpongePowered MIXIN Subsystem Version=0.8.5 Source=union:/home/bryan/Minecraft-Medieval-RPG/libraries/org/spongepowered/mixin/0.8.5/mixin-0.8.5.jar%2363!/ Service=ModLauncher Env=SERVER
[28Dec2025 23:05:19.474] [main/DEBUG] [mixin/]: Initialising Mixin Platform Manager
[28Dec2025 23:05:19.474] [main/DEBUG] [mixin/]: Adding mixin platform agents for container ModLauncher Root Container(ModLauncher:4f56a0a2)
[28Dec2025 23:05:19.475] [main/DEBUG] [mixin/]: Instancing new MixinPlatformAgentMinecraftForge for ModLauncher Root Container(ModLauncher:4f56a0a2)
[28Dec2025 23:05:19.475] [main/DEBUG] [mixin/]: MixinPlatformAgentMinecraftForge rejected container ModLauncher Root Container(ModLauncher:4f56a0a2)
[28Dec2025 23:05:19.475] [main/DEBUG] [mixin/]: Instancing new MixinPlatformAgentDefault for ModLauncher Root Container(ModLauncher:4f56a0a2)
[28Dec2025 23:05:19.475] [main/DEBUG] [mixin/]: MixinPlatformAgentDefault accepted container ModLauncher Root Container(ModLauncher:4f56a0a2)
[28Dec2025 23:05:19.478] [main/DEBUG] [cpw.mods.modlauncher.TransformationServiceDecorator/MODLAUNCHER]: Initialized transformation service mixin
[28Dec2025 23:05:19.479] [main/DEBUG] [cpw.mods.modlauncher.TransformationServiceDecorator/MODLAUNCHER]: Initializing transformation service redirector
[28Dec2025 23:05:19.479] [main/DEBUG] [cpw.mods.modlauncher.TransformationServiceDecorator/MODLAUNCHER]: Initialized transformation service redirector
[28Dec2025 23:05:19.479] [main/DEBUG] [cpw.mods.modlauncher.TransformationServiceDecorator/MODLAUNCHER]: Initializing transformation service fml
[28Dec2025 23:05:19.479] [main/DEBUG] [net.minecraftforge.fml.loading.FMLServiceProvider/CORE]: Setting up basic FML game directories
[28Dec2025 23:05:19.480] [main/DEBUG] [net.minecraftforge.fml.loading.FileUtils/CORE]: Found existing GAMEDIR directory : /home/bryan/Minecraft-Medieval-RPG
[28Dec2025 23:05:19.480] [main/DEBUG] [net.minecraftforge.fml.loading.FMLPaths/CORE]: Path GAMEDIR is /home/bryan/Minecraft-Medieval-RPG
[28Dec2025 23:05:19.480] [main/DEBUG] [net.minecraftforge.fml.loading.FileUtils/CORE]: Found existing MODSDIR directory : /home/bryan/Minecraft-Medieval-RPG/mods
[28Dec2025 23:05:19.480] [main/DEBUG] [net.minecraftforge.fml.loading.FMLPaths/CORE]: Path MODSDIR is /home/bryan/Minecraft-Medieval-RPG/mods
[28Dec2025 23:05:19.480] [main/DEBUG] [net.minecraftforge.fml.loading.FileUtils/CORE]: Found existing CONFIGDIR directory : /home/bryan/Minecraft-Medieval-RPG/config
[28Dec2025 23:05:19.481] [main/DEBUG] [net.minecraftforge.fml.loading.FMLPaths/CORE]: Path CONFIGDIR is /home/bryan/Minecraft-Medieval-RPG/config
[28Dec2025 23:05:19.481] [main/DEBUG] [net.minecraftforge.fml.loading.FMLPaths/CORE]: Path FMLCONFIG is /home/bryan/Minecraft-Medieval-RPG/config/fml.toml
[28Dec2025 23:05:19.481] [main/DEBUG] [net.minecraftforge.fml.loading.FMLServiceProvider/CORE]: Loading configuration
[28Dec2025 23:05:19.513] [main/DEBUG] [net.minecraftforge.fml.loading.FileUtils/CORE]: Found existing default config directory directory : /home/bryan/Minecraft-Medieval-RPG/defaultconfigs
[28Dec2025 23:05:19.513] [main/DEBUG] [net.minecraftforge.fml.loading.FMLServiceProvider/CORE]: Preparing ModFile
[28Dec2025 23:05:19.515] [main/DEBUG] [net.minecraftforge.fml.loading.FMLServiceProvider/CORE]: Preparing launch handler
[28Dec2025 23:05:19.516] [main/DEBUG] [net.minecraftforge.fml.loading.FMLLoader/CORE]: Using forgeserver as launch service
[28Dec2025 23:05:19.525] [main/DEBUG] [net.minecraftforge.fml.loading.FMLLoader/CORE]: Received command line version data  : VersionInfo[forgeVersion=43.3.5, mcVersion=1.19.2, mcpVersion=20220805.130853, forgeGroup=net.minecraftforge]
[28Dec2025 23:05:19.527] [main/DEBUG] [cpw.mods.modlauncher.TransformationServiceDecorator/MODLAUNCHER]: Initialized transformation service fml
[28Dec2025 23:05:19.527] [main/DEBUG] [cpw.mods.modlauncher.NameMappingServiceHandler/MODLAUNCHER]: Current naming domain is 'srg'
[28Dec2025 23:05:19.529] [main/DEBUG] [cpw.mods.modlauncher.NameMappingServiceHandler/MODLAUNCHER]: Identified name mapping providers {}
[28Dec2025 23:05:19.529] [main/DEBUG] [cpw.mods.modlauncher.TransformationServicesHandler/MODLAUNCHER]: Transformation services begin scanning
[28Dec2025 23:05:19.529] [main/DEBUG] [cpw.mods.modlauncher.TransformationServiceDecorator/MODLAUNCHER]: Beginning scan trigger - transformation service mixin
[28Dec2025 23:05:19.530] [main/DEBUG] [cpw.mods.modlauncher.TransformationServiceDecorator/MODLAUNCHER]: End scan trigger - transformation service mixin
[28Dec2025 23:05:19.530] [main/DEBUG] [cpw.mods.modlauncher.TransformationServiceDecorator/MODLAUNCHER]: Beginning scan trigger - transformation service redirector
[28Dec2025 23:05:19.530] [main/DEBUG] [cpw.mods.modlauncher.TransformationServiceDecorator/MODLAUNCHER]: End scan trigger - transformation service redirector
[28Dec2025 23:05:19.530] [main/DEBUG] [cpw.mods.modlauncher.TransformationServiceDecorator/MODLAUNCHER]: Beginning scan trigger - transformation service fml
[28Dec2025 23:05:19.530] [main/DEBUG] [net.minecraftforge.fml.loading.FMLServiceProvider/CORE]: Initiating mod scan
[28Dec2025 23:05:19.538] [main/DEBUG] [net.minecraftforge.fml.loading.moddiscovery.ModListHandler/CORE]: Found mod coordinates from lists: []
[28Dec2025 23:05:19.542] [main/DEBUG] [net.minecraftforge.fml.loading.moddiscovery.ModDiscoverer/CORE]: Found Mod Locators : (mods folder:null),(maven libs:null),(exploded directory:null),(minecraft:null),(userdev classpath:null)
[28Dec2025 23:05:19.542] [main/DEBUG] [net.minecraftforge.fml.loading.moddiscovery.ModDiscoverer/CORE]: Found Dependency Locators : (JarInJar:null)
[28Dec2025 23:05:19.551] [main/DEBUG] [net.minecraftforge.fml.loading.moddiscovery.ModFileParser/LOADING]: Considering mod file candidate /home/bryan/Minecraft-Medieval-RPG/mods/AdvancementPlaques-1.19.2-1.4.7.jar
[28Dec2025 23:05:19.593] [main/DEBUG] [net.minecraftforge.fml.loading.moddiscovery.ModFileInfo/LOADING]: Found valid mod file AdvancementPlaques-1.19.2-1.4.7.jar with {advancementplaques} mods - versions {1.4.7}
[28Dec2025 23:05:19.594] [main/DEBUG] [net.minecraftforge.fml.loading.moddiscovery.ModFileParser/LOADING]: Considering mod file candidate /home/bryan/Minecraft-Medieval-RPG/mods/aeroblender-1.19.2-1.0.1.jar
[28Dec2025 23:05:19.595] [main/DEBUG] [net.minecraftforge.fml.loading.moddiscovery.ModFileInfo/LOADING]: Found valid mod file aeroblender-1.19.2-1.0.1.jar with {aeroblender} mods - versions {1.19.2-1.0.1}
[28Dec2025 23:05:19.597] [main/DEBUG] [net.minecraftforge.fml.loading.moddiscovery.ModFileParser/LOADING]: Considering mod file candidate /home/bryan/Minecraft-Medieval-RPG/mods/aether-1.19.2-1.4.2-forge.jar
[28Dec2025 23:05:19.599] [main/DEBUG] [net.minecraftforge.fml.loading.moddiscovery.ModFileInfo/LOADING]: Found valid mod file aether-1.19.2-1.4.2-forge.jar with {aether} mods - versions {1.19.2-1.4.2-forge}
[28Dec2025 23:05:19.599] [main/DEBUG] [net.minecraftforge.fml.loading.moddiscovery.ModFileParser/LOADING]: Considering mod file candidate /home/bryan/Minecraft-Medieval-RPG/mods/AI-Improvements-1.19.2-0.5.2.jar
[28Dec2025 23:05:19.601] [main/DEBUG] [net.minecraftforge.fml.loading.moddiscovery.ModFileInfo/LOADING]: Found valid mod file AI-Improvements-1.19.2-0.5.2.jar with {aiimprovements} mods - versions {0.5.2}
[28Dec2025 23:05:19.601] [main/DEBUG] [net.minecraftforge.fml.loading.moddiscovery.ModFileParser/LOADING]: Considering mod file candidate /home/bryan/Minecraft-Medieval-RPG/mods/alexsdelight-1.4.1.jar
[28Dec2025 23:05:19.603] [main/DEBUG] [net.minecraftforge.fml.loading.moddiscovery.ModFileInfo/LOADING]: Found valid mod file alexsdelight-1.4.1.jar with {alexsdelight} mods - versions {1.4.1}
[28Dec2025 23:05:19.606] [main/DEBUG] [net.minecraftforge.fml.loading.moddiscovery.ModFileParser/LOADING]: Considering mod file candidate /home/bryan/Minecraft-Medieval-RPG/mods/alexsmobs-1.21.1.jar
[28Dec2025 23:05:19.607] [main/DEBUG] [net.minecraftforge.fml.loading.moddiscovery.ModFileInfo/LOADING]: Found valid mod file alexsmobs-1.21.1.jar with {alexsmobs} mods - versions {1.21.1}
[28Dec2025 23:05:19.608] [main/DEBUG] [net.minecraftforge.fml.loading.moddiscovery.ModFileParser/LOADING]: Considering mod file candidate /home/bryan/Minecraft-Medieval-RPG/mods/Apotheosis-1.19.2-6.5.2.jar
[28Dec2025 23:05:19.611] [main/DEBUG] [net.minecraftforge.fml.loading.moddiscovery.ModFileInfo/LOADING]: Found valid mod file Apotheosis-1.19.2-6.5.2.jar with {apotheosis} mods - versions {6.5.2}
[28Dec2025 23:05:19.611] [main/DEBUG] [net.minecraftforge.fml.loading.moddiscovery.ModFileParser/LOADING]: Considering mod file candidate /home/bryan/Minecraft-Medieval-RPG/mods/apotheotic_additions1.0.4.jar
[28Dec2025 23:05:19.612] [main/DEBUG] [net.minecraftforge.fml.loading.moddiscovery.ModFileInfo/LOADING]: Found valid mod file apotheotic_additions1.0.4.jar with {apotheotic_additions} mods - versions {1.0.4}
[28Dec2025 23:05:19.613] [main/DEBUG] [net.minecraftforge.fml.loading.moddiscovery.ModFileParser/LOADING]: Considering mod file candidate /home/bryan/Minecraft-Medieval-RPG/mods/ApothicCurios-1.19.2-1.0.3c.jar
[28Dec2025 23:05:19.614] [main/DEBUG] [net.minecraftforge.fml.loading.moddiscovery.ModFileInfo/LOADING]: Found valid mod file ApothicCurios-1.19.2-1.0.3c.jar with {apothiccurios} mods - versions {1.0.3c}
[28Dec2025 23:05:19.614] [main/DEBUG] [net.minecraftforge.fml.loading.moddiscovery.ModFileParser/LOADING]: Considering mod file candidate /home/bryan/Minecraft-Medieval-RPG/mods/appleskin-forge-mc1.19-2.4.2.jar
[28Dec2025 23:05:19.615] [main/DEBUG] [net.minecraftforge.fml.loading.moddiscovery.ModFileInfo/LOADING]: Found valid mod file appleskin-forge-mc1.19-2.4.2.jar with {appleskin} mods - versions {2.4.2+mc1.19}
[28Dec2025 23:05:19.615] [main/DEBUG] [net.minecraftforge.fml.loading.moddiscovery.ModFileParser/LOADING]: Considering mod file candidate /home/bryan/Minecraft-Medieval-RPG/mods/Aquaculture-1.19.2-2.4.17.jar
[28Dec2025 23:05:19.615] [main/DEBUG] [net.minecraftforge.fml.loading.moddiscovery.ModFileInfo/LOADING]: Found valid mod file Aquaculture-1.19.2-2.4.17.jar with {aquaculture} mods - versions {1.19.2-2.4.17}
[28Dec2025 23:05:19.616] [main/DEBUG] [net.minecraftforge.fml.loading.moddiscovery.ModFileParser/LOADING]: Considering mod file candidate /home/bryan/Minecraft-Medieval-RPG/mods/aquamirae-6.API15.jar
[28Dec2025 23:05:19.617] [main/DEBUG] [net.minecraftforge.fml.loading.moddiscovery.ModFileInfo/LOADING]: Found valid mod file aquamirae-6.API15.jar with {aquamirae} mods - versions {6.API15}
[28Dec2025 23:05:19.617] [main/DEBUG] [net.minecraftforge.fml.loading.moddiscovery.ModFileParser/LOADING]: Considering mod file candidate /home/bryan/Minecraft-Medieval-RPG/mods/architectury-6.6.92-forge.jar
[28Dec2025 23:05:19.618] [main/DEBUG] [net.minecraftforge.fml.loading.moddiscovery.ModFileInfo/LOADING]: Found valid mod file architectury-6.6.92-forge.jar with {architectury} mods - versions {6.6.92}
[28Dec2025 23:05:19.618] [main/DEBUG] [net.minecraftforge.fml.loading.moddiscovery.ModFileParser/LOADING]: Considering mod file candidate /home/bryan/Minecraft-Medieval-RPG/mods/ars_additions-1.19.2-1.4.0.jar
[28Dec2025 23:05:19.620] [main/DEBUG] [net.minecraftforge.fml.loading.moddiscovery.ModFileInfo/LOADING]: Found valid mod file ars_additions-1.19.2-1.4.0.jar with {ars_additions} mods - versions {1.19.2-1.4.0}
[28Dec2025 23:05:19.620] [main/DEBUG] [net.minecraftforge.fml.loading.moddiscovery.ModFileParser/LOADING]: Considering mod file candidate /home/bryan/Minecraft-Medieval-RPG/mods/ars_elemental-1.19.2-0.5.9.4.1.jar
[28Dec2025 23:05:19.621] [main/DEBUG] [net.minecraftforge.fml.loading.moddiscovery.ModFileInfo/LOADING]: Found valid mod file ars_elemental-1.19.2-0.5.9.4.1.jar with {ars_elemental} mods - versions {1.19.2-0.5.9.4.1}
[28Dec2025 23:05:19.624] [main/DEBUG] [net.minecraftforge.fml.loading.moddiscovery.ModFileParser/LOADING]: Considering mod file candidate /home/bryan/Minecraft-Medieval-RPG/mods/ars_nouveau-1.19.2-3.23.0.jar
[28Dec2025 23:05:19.625] [main/DEBUG] [net.minecraftforge.fml.loading.moddiscovery.ModFileInfo/LOADING]: Found valid mod file ars_nouveau-1.19.2-3.23.0.jar with {ars_nouveau} mods - versions {3.23.0}
[28Dec2025 23:05:19.626] [main/DEBUG] [net.minecraftforge.fml.loading.moddiscovery.ModFileParser/LOADING]: Considering mod file candidate /home/bryan/Minecraft-Medieval-RPG/mods/atmospheric-1.19.2-5.1.2.jar
[28Dec2025 23:05:19.628] [main/DEBUG] [net.minecraftforge.fml.loading.moddiscovery.ModFileInfo/LOADING]: Found valid mod file atmospheric-1.19.2-5.1.2.jar with {atmospheric} mods - versions {5.1.2}
[28Dec2025 23:05:19.630] [main/DEBUG] [net.minecraftforge.fml.loading.moddiscovery.ModFileParser/LOADING]: Considering mod file candidate /home/bryan/Minecraft-Medieval-RPG/mods/AttributeFix-Forge-1.19.2-17.2.8.jar
[28Dec2025 23:05:19.631] [main/DEBUG] [net.minecraftforge.fml.loading.moddiscovery.ModFileInfo/LOADING]: Found valid mod file AttributeFix-Forge-1.19.2-17.2.8.jar with {attributefix} mods - versions {17.2.8}
[28Dec2025 23:05:19.631] [main/DEBUG] [net.minecraftforge.fml.loading.moddiscovery.ModFileParser/LOADING]: Considering mod file candidate /home/bryan/Minecraft-Medieval-RPG/mods/AutoLeveling-1.19.2-1.19b.jar
[28Dec2025 23:05:19.631] [main/DEBUG] [net.minecraftforge.fml.loading.moddiscovery.ModFileInfo/LOADING]: Found valid mod file AutoLeveling-1.19.2-1.19b.jar with {autoleveling} mods - versions {1.19b}
[28Dec2025 23:05:19.632] [main/DEBUG] [net.minecraftforge.fml.loading.moddiscovery.ModFileParser/LOADING]: Considering mod file candidate /home/bryan/Minecraft-Medieval-RPG/mods/AutoRegLib-1.8.2-55.jar
[28Dec2025 23:05:19.632] [main/DEBUG] [net.minecraftforge.fml.loading.moddiscovery.ModFileInfo/LOADING]: Found valid mod file AutoRegLib-1.8.2-55.jar with {autoreglib} mods - versions {1.8.2-55}
[28Dec2025 23:05:19.633] [main/DEBUG] [net.minecraftforge.fml.loading.moddiscovery.ModFileParser/LOADING]: Considering mod file candidate /home/bryan/Minecraft-Medieval-RPG/mods/awesomedungeonend-forge-1.19.2-3.1.1.jar
[28Dec2025 23:05:19.634] [main/DEBUG] [net.minecraftforge.fml.loading.moddiscovery.ModFileInfo/LOADING]: Found valid mod file awesomedungeonend-forge-1.19.2-3.1.1.jar with {awesomedungeonend} mods - versions {3.1.1}
[28Dec2025 23:05:19.634] [main/DEBUG] [net.minecraftforge.fml.loading.moddiscovery.ModFileParser/LOADING]: Considering mod file candidate /home/bryan/Minecraft-Medieval-RPG/mods/awesomedungeonnether-forge-1.19.2-3.1.1.jar
[28Dec2025 23:05:19.635] [main/DEBUG] [net.minecraftforge.fml.loading.moddiscovery.ModFileInfo/LOADING]: Found valid mod file awesomedungeonnether-forge-1.19.2-3.1.1.jar with {awesomedungeonnether} mods - versions {3.1.1}
[28Dec2025 23:05:19.635] [main/DEBUG] [net.minecraftforge.fml.loading.moddiscovery.ModFileParser/LOADING]: Considering mod file candidate /home/bryan/Minecraft-Medieval-RPG/mods/azurelib-forge-1.19.2-3.0.8.jar
[28Dec2025 23:05:19.636] [main/DEBUG] [net.minecraftforge.fml.loading.moddiscovery.ModFileInfo/LOADING]: Found valid mod file azurelib-forge-1.19.2-3.0.8.jar with {azurelib} mods - versions {3.0.8}
[28Dec2025 23:05:19.636] [main/DEBUG] [net.minecraftforge.fml.loading.moddiscovery.ModFileParser/LOADING]: Considering mod file candidate /home/bryan/Minecraft-Medieval-RPG/mods/BadMobs-1.19.2-16.1.3.jar
[28Dec2025 23:05:19.636] [main/DEBUG] [net.minecraftforge.fml.loading.moddiscovery.ModFileInfo/LOADING]: Found valid mod file BadMobs-1.19.2-16.1.3.jar with {badmobs} mods - versions {16.1.3}
[28Dec2025 23:05:19.637] [main/DEBUG] [net.minecraftforge.fml.loading.moddiscovery.ModFileParser/LOADING]: Considering mod file candidate /home/bryan/Minecraft-Medieval-RPG/mods/BadOptimizations-2.1.4-1.19.1-19.2.jar
[28Dec2025 23:05:19.638] [main/DEBUG] [net.minecraftforge.fml.loading.moddiscovery.ModFileInfo/LOADING]: Found valid mod file BadOptimizations-2.1.4-1.19.1-19.2.jar with {badoptimizations} mods - versions {2.1.4}
[28Dec2025 23:05:19.638] [main/DEBUG] [net.minecraftforge.fml.loading.moddiscovery.ModFileParser/LOADING]: Considering mod file candidate /home/bryan/Minecraft-Medieval-RPG/mods/balm-forge-1.19.2-4.6.0.jar
[28Dec2025 23:05:19.639] [main/DEBUG] [net.minecraftforge.fml.loading.moddiscovery.ModFileInfo/LOADING]: Found valid mod file balm-forge-1.19.2-4.6.0.jar with {balm} mods - versions {4.6.0}
[28Dec2025 23:05:19.639] [main/DEBUG] [net.minecraftforge.fml.loading.moddiscovery.ModFileParser/LOADING]: Considering mod file candidate /home/bryan/Minecraft-Medieval-RPG/mods/BetterAdvancements-1.19.2-0.2.2.142.jar
[28Dec2025 23:05:19.640] [main/DEBUG] [net.minecraftforge.fml.loading.moddiscovery.ModFileInfo/LOADING]: Found valid mod file BetterAdvancements-1.19.2-0.2.2.142.jar with {betteradvancements} mods - versions {0.2.2.142}
[28Dec2025 23:05:19.640] [main/DEBUG] [net.minecraftforge.fml.loading.moddiscovery.ModFileParser/LOADING]: Considering mod file candidate /home/bryan/Minecraft-Medieval-RPG/mods/bettercombat-forge-1.7.1+1.19.jar
[28Dec2025 23:05:19.643] [main/DEBUG] [net.minecraftforge.fml.loading.moddiscovery.ModFileInfo/LOADING]: Found valid mod file bettercombat-forge-1.7.1+1.19.jar with {bettercombat} mods - versions {1.7.1+1.19}
[28Dec2025 23:05:19.643] [main/DEBUG] [net.minecraftforge.fml.loading.moddiscovery.ModFileParser/LOADING]: Considering mod file candidate /home/bryan/Minecraft-Medieval-RPG/mods/betterfpsdist-1.19.2-4.1.jar
[28Dec2025 23:05:19.644] [main/DEBUG] [net.minecraftforge.fml.loading.moddiscovery.ModFileInfo/LOADING]: Found valid mod file betterfpsdist-1.19.2-4.1.jar with {betterfpsdist} mods - versions {1.19.2-4.1}
[28Dec2025 23:05:19.645] [main/DEBUG] [net.minecraftforge.fml.loading.moddiscovery.ModFileParser/LOADING]: Considering mod file candidate /home/bryan/Minecraft-Medieval-RPG/mods/BetterThirdPerson-Forge-1.19-1.9.0.jar
[28Dec2025 23:05:19.646] [main/DEBUG] [net.minecraftforge.fml.loading.moddiscovery.ModFileInfo/LOADING]: Found valid mod file BetterThirdPerson-Forge-1.19-1.9.0.jar with {betterthirdperson} mods - versions {1.9.0}
[28Dec2025 23:05:19.646] [main/DEBUG] [net.minecraftforge.fml.loading.moddiscovery.ModFileParser/LOADING]: Considering mod file candidate /home/bryan/Minecraft-Medieval-RPG/mods/betterwithminecolonies-1.19-1.18.19.jar
[28Dec2025 23:05:19.646] [main/DEBUG] [net.minecraftforge.fml.loading.moddiscovery.ModFileInfo/LOADING]: Found valid mod file betterwithminecolonies-1.19-1.18.19.jar with {betterwithminecolonies} mods - versions {1.19++-1.18.19}
[28Dec2025 23:05:19.647] [main/DEBUG] [net.minecraftforge.fml.loading.moddiscovery.ModFileParser/LOADING]: Considering mod file candidate /home/bryan/Minecraft-Medieval-RPG/mods/BHMenu-Forge-1.19.2-2.4.2.jar
[28Dec2025 23:05:19.647] [main/DEBUG] [net.minecraftforge.fml.loading.moddiscovery.ModFileInfo/LOADING]: Found valid mod file BHMenu-Forge-1.19.2-2.4.2.jar with {bhmenu} mods - versions {2.4.2}
[28Dec2025 23:05:19.647] [main/DEBUG] [net.minecraftforge.fml.loading.moddiscovery.ModFileParser/LOADING]: Considering mod file candidate /home/bryan/Minecraft-Medieval-RPG/mods/biomemusic-1.19.2-2.2.jar
[28Dec2025 23:05:19.648] [main/DEBUG] [net.minecraftforge.fml.loading.moddiscovery.ModFileInfo/LOADING]: Found valid mod file biomemusic-1.19.2-2.2.jar with {biomemusic} mods - versions {1.19.2-2.2}
[28Dec2025 23:05:19.648] [main/DEBUG] [net.minecraftforge.fml.loading.moddiscovery.ModFileParser/LOADING]: Considering mod file candidate /home/bryan/Minecraft-Medieval-RPG/mods/blockui-1.19.2-1.0.140-BETA.jar
[28Dec2025 23:05:19.649] [main/DEBUG] [net.minecraftforge.fml.loading.moddiscovery.ModFileInfo/LOADING]: Found valid mod file blockui-1.19.2-1.0.140-BETA.jar with {blockui} mods - versions {1.19.2-1.0.140-BETA}
[28Dec2025 23:05:19.653] [main/DEBUG] [net.minecraftforge.fml.loading.moddiscovery.ModFileParser/LOADING]: Considering mod file candidate /home/bryan/Minecraft-Medieval-RPG/mods/blue_skies-1.19.2-1.3.20.jar
[28Dec2025 23:05:19.655] [main/DEBUG] [net.minecraftforge.fml.loading.moddiscovery.ModFileInfo/LOADING]: Found valid mod file blue_skies-1.19.2-1.3.20.jar with {blue_skies} mods - versions {1.3.20}
[28Dec2025 23:05:19.655] [main/DEBUG] [net.minecraftforge.fml.loading.moddiscovery.ModFileParser/LOADING]: Considering mod file candidate /home/bryan/Minecraft-Medieval-RPG/mods/blueprint-1.19.2-6.2.0.jar
[28Dec2025 23:05:19.656] [main/DEBUG] [net.minecraftforge.fml.loading.moddiscovery.ModFileInfo/LOADING]: Found valid mod file blueprint-1.19.2-6.2.0.jar with {blueprint} mods - versions {6.2.0}
[28Dec2025 23:05:19.656] [main/DEBUG] [net.minecraftforge.fml.loading.moddiscovery.ModFileParser/LOADING]: Considering mod file candidate /home/bryan/Minecraft-Medieval-RPG/mods/bocchium-1.19.2-0.0.3.jar
[28Dec2025 23:05:19.656] [main/DEBUG] [net.minecraftforge.fml.loading.moddiscovery.ModFileInfo/LOADING]: Found valid mod file bocchium-1.19.2-0.0.3.jar with {bocchium} mods - versions {1.19.2-0.0.3}
[28Dec2025 23:05:19.657] [main/DEBUG] [net.minecraftforge.fml.loading.moddiscovery.ModFileParser/LOADING]: Considering mod file candidate /home/bryan/Minecraft-Medieval-RPG/mods/BOMD-Forge-1.19.2-1.0.6.jar
[28Dec2025 23:05:19.658] [main/DEBUG] [net.minecraftforge.fml.loading.moddiscovery.ModFileInfo/LOADING]: Found valid mod file BOMD-Forge-1.19.2-1.0.6.jar with {bosses_of_mass_destruction} mods - versions {1.0.6}
[28Dec2025 23:05:19.660] [main/DEBUG] [net.minecraftforge.fml.loading.moddiscovery.ModFileParser/LOADING]: Considering mod file candidate /home/bryan/Minecraft-Medieval-RPG/mods/Bookshelf-Forge-1.19.2-16.3.20.jar
[28Dec2025 23:05:19.661] [main/DEBUG] [net.minecraftforge.fml.loading.moddiscovery.ModFileInfo/LOADING]: Found valid mod file Bookshelf-Forge-1.19.2-16.3.20.jar with {bookshelf} mods - versions {16.3.20}
[28Dec2025 23:05:19.661] [main/DEBUG] [net.minecraftforge.fml.loading.moddiscovery.ModFileParser/LOADING]: Considering mod file candidate /home/bryan/Minecraft-Medieval-RPG/mods/BrewinAndChewin-1.19-2.0.jar
[28Dec2025 23:05:19.662] [main/DEBUG] [net.minecraftforge.fml.loading.moddiscovery.ModFileInfo/LOADING]: Found valid mod file BrewinAndChewin-1.19-2.0.jar with {brewinandchewin} mods - versions {1.19-2.0}
[28Dec2025 23:05:19.663] [main/DEBUG] [net.minecraftforge.fml.loading.moddiscovery.ModFileParser/LOADING]: Considering mod file candidate /home/bryan/Minecraft-Medieval-RPG/mods/brutalbosses-1.19.2-6.8.jar
[28Dec2025 23:05:19.663] [main/DEBUG] [net.minecraftforge.fml.loading.moddiscovery.ModFileInfo/LOADING]: Found valid mod file brutalbosses-1.19.2-6.8.jar with {brutalbosses} mods - versions {1.19.2-6.8}
[28Dec2025 23:05:19.664] [main/DEBUG] [net.minecraftforge.fml.loading.moddiscovery.ModFileParser/LOADING]: Considering mod file candidate /home/bryan/Minecraft-Medieval-RPG/mods/bygonenether-1.3.2-1.19.2.jar
[28Dec2025 23:05:19.665] [main/DEBUG] [net.minecraftforge.fml.loading.moddiscovery.ModFileInfo/LOADING]: Found valid mod file bygonenether-1.3.2-1.19.2.jar with {bygonenether} mods - versions {1.3.2}
[28Dec2025 23:05:19.665] [main/DEBUG] [net.minecraftforge.fml.loading.moddiscovery.ModFileParser/LOADING]: Considering mod file candidate /home/bryan/Minecraft-Medieval-RPG/mods/caelus-forge-1.19.2-3.0.0.6.jar
[28Dec2025 23:05:19.665] [main/DEBUG] [net.minecraftforge.fml.loading.moddiscovery.ModFileInfo/LOADING]: Found valid mod file caelus-forge-1.19.2-3.0.0.6.jar with {caelus} mods - versions {1.19.2-3.0.0.6}
[28Dec2025 23:05:19.666] [main/DEBUG] [net.minecraftforge.fml.loading.moddiscovery.ModFileParser/LOADING]: Considering mod file candidate /home/bryan/Minecraft-Medieval-RPG/mods/canary-mc1.19.2-0.3.3.jar
[28Dec2025 23:05:19.666] [main/DEBUG] [net.minecraftforge.fml.loading.moddiscovery.ModFileInfo/LOADING]: Found valid mod file canary-mc1.19.2-0.3.3.jar with {canary} mods - versions {0.3.3}
[28Dec2025 23:05:19.667] [main/DEBUG] [net.minecraftforge.fml.loading.moddiscovery.ModFileParser/LOADING]: Considering mod file candidate /home/bryan/Minecraft-Medieval-RPG/mods/carryon-forge-1.19.2-2.1.2.23.jar
[28Dec2025 23:05:19.667] [main/DEBUG] [net.minecraftforge.fml.loading.moddiscovery.ModFileInfo/LOADING]: Found valid mod file carryon-forge-1.19.2-2.1.2.23.jar with {carryon} mods - versions {2.1.2.23}
[28Dec2025 23:05:19.667] [main/DEBUG] [net.minecraftforge.fml.loading.moddiscovery.ModFileParser/LOADING]: Considering mod file candidate /home/bryan/Minecraft-Medieval-RPG/mods/celestisynth-1.19.2-1.1.5.jar
[28Dec2025 23:05:19.668] [main/DEBUG] [net.minecraftforge.fml.loading.moddiscovery.ModFileInfo/LOADING]: Found valid mod file celestisynth-1.19.2-1.1.5.jar with {celestisynth} mods - versions {1.19.2-1.1.5}
[28Dec2025 23:05:19.669] [main/DEBUG] [net.minecraftforge.fml.loading.moddiscovery.ModFileParser/LOADING]: Considering mod file candidate /home/bryan/Minecraft-Medieval-RPG/mods/chunksending-1.19.2-2.8.jar
[28Dec2025 23:05:19.669] [main/DEBUG] [net.minecraftforge.fml.loading.moddiscovery.ModFileInfo/LOADING]: Found valid mod file chunksending-1.19.2-2.8.jar with {chunksending} mods - versions {1.19.2-2.8}
[28Dec2025 23:05:19.671] [main/DEBUG] [net.minecraftforge.fml.loading.moddiscovery.ModFileParser/LOADING]: Considering mod file candidate /home/bryan/Minecraft-Medieval-RPG/mods/cisco_mod_9.2.jar
[28Dec2025 23:05:19.671] [main/DEBUG] [net.minecraftforge.fml.loading.moddiscovery.ModFileInfo/LOADING]: Found valid mod file cisco_mod_9.2.jar with {cisco_mod} mods - versions {5.4}
[28Dec2025 23:05:19.672] [main/DEBUG] [net.minecraftforge.fml.loading.moddiscovery.ModFileParser/LOADING]: Considering mod file candidate /home/bryan/Minecraft-Medieval-RPG/mods/citadel-2.1.4-1.19.jar
[28Dec2025 23:05:19.672] [main/DEBUG] [net.minecraftforge.fml.loading.moddiscovery.ModFileInfo/LOADING]: Found valid mod file citadel-2.1.4-1.19.jar with {citadel} mods - versions {2.1.4}
[28Dec2025 23:05:19.673] [main/DEBUG] [net.minecraftforge.fml.loading.moddiscovery.ModFileParser/LOADING]: Considering mod file candidate /home/bryan/Minecraft-Medieval-RPG/mods/clayworks-1.19.2-2.1.0.jar
[28Dec2025 23:05:19.674] [main/DEBUG] [net.minecraftforge.fml.loading.moddiscovery.ModFileInfo/LOADING]: Found valid mod file clayworks-1.19.2-2.1.0.jar with {clayworks} mods - versions {2.1.0}
[28Dec2025 23:05:19.676] [main/DEBUG] [net.minecraftforge.fml.loading.moddiscovery.ModFileParser/LOADING]: Considering mod file candidate /home/bryan/Minecraft-Medieval-RPG/mods/cloth-config-8.3.134-forge.jar
[28Dec2025 23:05:19.676] [main/DEBUG] [net.minecraftforge.fml.loading.moddiscovery.ModFileInfo/LOADING]: Found valid mod file cloth-config-8.3.134-forge.jar with {cloth_config} mods - versions {8.3.134}
[28Dec2025 23:05:19.676] [main/DEBUG] [net.minecraftforge.fml.loading.moddiscovery.ModFileParser/LOADING]: Considering mod file candidate /home/bryan/Minecraft-Medieval-RPG/mods/Clumps-forge-1.19.2-9.0.0+14.jar
[28Dec2025 23:05:19.677] [main/DEBUG] [net.minecraftforge.fml.loading.moddiscovery.ModFileInfo/LOADING]: Found valid mod file Clumps-forge-1.19.2-9.0.0+14.jar with {clumps} mods - versions {9.0.0+14}
[28Dec2025 23:05:19.677] [main/DEBUG] [net.minecraftforge.fml.loading.moddiscovery.ModFileParser/LOADING]: Considering mod file candidate /home/bryan/Minecraft-Medieval-RPG/mods/collection-of-singiro-1.19.x-1.1.4.jar
[28Dec2025 23:05:19.678] [main/DEBUG] [net.minecraftforge.fml.loading.moddiscovery.ModFileInfo/LOADING]: Found valid mod file collection-of-singiro-1.19.x-1.1.4.jar with {collectionofsingiro} mods - versions {1.0}
[28Dec2025 23:05:19.678] [main/DEBUG] [net.minecraftforge.fml.loading.moddiscovery.ModFileParser/LOADING]: Considering mod file candidate /home/bryan/Minecraft-Medieval-RPG/mods/combatroll-forge-1.1.5+1.19.jar
[28Dec2025 23:05:19.678] [main/DEBUG] [net.minecraftforge.fml.loading.moddiscovery.ModFileInfo/LOADING]: Found valid mod file combatroll-forge-1.1.5+1.19.jar with {combatroll} mods - versions {1.1.5+1.19}
[28Dec2025 23:05:19.679] [main/DEBUG] [net.minecraftforge.fml.loading.moddiscovery.ModFileParser/LOADING]: Considering mod file candidate /home/bryan/Minecraft-Medieval-RPG/mods/comforts-forge-6.0.7+1.19.2.jar
[28Dec2025 23:05:19.679] [main/DEBUG] [net.minecraftforge.fml.loading.moddiscovery.ModFileInfo/LOADING]: Found valid mod file comforts-forge-6.0.7+1.19.2.jar with {comforts} mods - versions {6.0.7+1.19.2}
[28Dec2025 23:05:19.679] [main/DEBUG] [net.minecraftforge.fml.loading.moddiscovery.ModFileParser/LOADING]: Considering mod file candidate /home/bryan/Minecraft-Medieval-RPG/mods/connectivity-1.19.2-4.6.jar
[28Dec2025 23:05:19.680] [main/DEBUG] [net.minecraftforge.fml.loading.moddiscovery.ModFileInfo/LOADING]: Found valid mod file connectivity-1.19.2-4.6.jar with {connectivity} mods - versions {1.19.2-4.6}
[28Dec2025 23:05:19.680] [main/DEBUG] [net.minecraftforge.fml.loading.moddiscovery.ModFileParser/LOADING]: Considering mod file candidate /home/bryan/Minecraft-Medieval-RPG/mods/constructionwand-1.19.2-2.10.jar
[28Dec2025 23:05:19.681] [main/DEBUG] [net.minecraftforge.fml.loading.moddiscovery.ModFileInfo/LOADING]: Found valid mod file constructionwand-1.19.2-2.10.jar with {constructionwand} mods - versions {1.19.2-2.10}
[28Dec2025 23:05:19.681] [main/DEBUG] [net.minecraftforge.fml.loading.moddiscovery.ModFileParser/LOADING]: Considering mod file candidate /home/bryan/Minecraft-Medieval-RPG/mods/Controlling-forge-1.19.2-10.0+7.jar
[28Dec2025 23:05:19.681] [main/DEBUG] [net.minecraftforge.fml.loading.moddiscovery.ModFileInfo/LOADING]: Found valid mod file Controlling-forge-1.19.2-10.0+7.jar with {controlling} mods - versions {10.0+7}
[28Dec2025 23:05:19.681] [main/DEBUG] [net.minecraftforge.fml.loading.moddiscovery.ModFileParser/LOADING]: Considering mod file candidate /home/bryan/Minecraft-Medieval-RPG/mods/CorgiLib-forge-1.19.2-1.0.0.34.jar
[28Dec2025 23:05:19.682] [main/DEBUG] [net.minecraftforge.fml.loading.moddiscovery.ModFileInfo/LOADING]: Found valid mod file CorgiLib-forge-1.19.2-1.0.0.34.jar with {corgilib} mods - versions {1.0.0.34}
[28Dec2025 23:05:19.682] [main/DEBUG] [net.minecraftforge.fml.loading.moddiscovery.ModFileParser/LOADING]: Considering mod file candidate /home/bryan/Minecraft-Medieval-RPG/mods/corpse-forge-1.19.2-1.0.17.jar
[28Dec2025 23:05:19.684] [main/DEBUG] [net.minecraftforge.fml.loading.moddiscovery.ModFileInfo/LOADING]: Found valid mod file corpse-forge-1.19.2-1.0.17.jar with {corpse} mods - versions {1.19.2-1.0.17}
[28Dec2025 23:05:19.684] [main/DEBUG] [net.minecraftforge.fml.loading.moddiscovery.ModFileParser/LOADING]: Considering mod file candidate /home/bryan/Minecraft-Medieval-RPG/mods/corpsecurioscompat-1.18.x-1.20.x-Forge-2.2.2.jar
[28Dec2025 23:05:19.685] [main/DEBUG] [net.minecraftforge.fml.loading.moddiscovery.ModFileInfo/LOADING]: Found valid mod file corpsecurioscompat-1.18.x-1.20.x-Forge-2.2.2.jar with {corpsecurioscompat} mods - versions {2.2.2}
[28Dec2025 23:05:19.685] [main/DEBUG] [net.minecraftforge.fml.loading.moddiscovery.ModFileParser/LOADING]: Considering mod file candidate /home/bryan/Minecraft-Medieval-RPG/mods/CraftTweaker-forge-1.19.2-10.1.56.jar
[28Dec2025 23:05:19.686] [main/DEBUG] [net.minecraftforge.fml.loading.moddiscovery.ModFileInfo/LOADING]: Found valid mod file CraftTweaker-forge-1.19.2-10.1.56.jar with {crafttweaker} mods - versions {10.1.56}
[28Dec2025 23:05:19.686] [main/DEBUG] [net.minecraftforge.fml.loading.moddiscovery.ModFileParser/LOADING]: Considering mod file candidate /home/bryan/Minecraft-Medieval-RPG/mods/CraterLib-Forge-1.19.2-2.1.5.jar
[28Dec2025 23:05:19.687] [main/DEBUG] [net.minecraftforge.fml.loading.moddiscovery.ModFileInfo/LOADING]: Found valid mod file CraterLib-Forge-1.19.2-2.1.5.jar with {craterlib} mods - versions {2.1.5}
[28Dec2025 23:05:19.687] [main/DEBUG] [net.minecraftforge.fml.loading.moddiscovery.ModFileParser/LOADING]: Considering mod file candidate /home/bryan/Minecraft-Medieval-RPG/mods/ctov-3.2.6c.jar
[28Dec2025 23:05:19.689] [main/DEBUG] [net.minecraftforge.fml.loading.moddiscovery.ModFileInfo/LOADING]: Found valid mod file ctov-3.2.6c.jar with {ctov} mods - versions {3.2.6c}
[28Dec2025 23:05:19.689] [main/DEBUG] [net.minecraftforge.fml.loading.moddiscovery.ModFileParser/LOADING]: Considering mod file candidate /home/bryan/Minecraft-Medieval-RPG/mods/CullLessLeaves-Reforged-1.0.5.jar
[28Dec2025 23:05:19.689] [main/DEBUG] [net.minecraftforge.fml.loading.moddiscovery.ModFileInfo/LOADING]: Found valid mod file CullLessLeaves-Reforged-1.0.5.jar with {culllessleaves} mods - versions {1.0.5}
[28Dec2025 23:05:19.690] [main/DEBUG] [net.minecraftforge.fml.loading.moddiscovery.ModFileParser/LOADING]: Considering mod file candidate /home/bryan/Minecraft-Medieval-RPG/mods/cupboard-1.19.2-2.6.jar
[28Dec2025 23:05:19.690] [main/DEBUG] [net.minecraftforge.fml.loading.moddiscovery.ModFileInfo/LOADING]: Found valid mod file cupboard-1.19.2-2.6.jar with {cupboard} mods - versions {1.19.2-2.6}
[28Dec2025 23:05:19.690] [main/DEBUG] [net.minecraftforge.fml.loading.moddiscovery.ModFileParser/LOADING]: Considering mod file candidate /home/bryan/Minecraft-Medieval-RPG/mods/curios-forge-1.19.2-5.1.6.4.jar
[28Dec2025 23:05:19.691] [main/DEBUG] [net.minecraftforge.fml.loading.moddiscovery.ModFileInfo/LOADING]: Found valid mod file curios-forge-1.19.2-5.1.6.4.jar with {curios} mods - versions {1.19.2-5.1.6.4}
[28Dec2025 23:05:19.692] [main/DEBUG] [net.minecraftforge.fml.loading.moddiscovery.ModFileParser/LOADING]: Considering mod file candidate /home/bryan/Minecraft-Medieval-RPG/mods/DarkerDepths-1.19.2-1.0.0.jar
[28Dec2025 23:05:19.692] [main/DEBUG] [net.minecraftforge.fml.loading.moddiscovery.ModFileInfo/LOADING]: Found valid mod file DarkerDepths-1.19.2-1.0.0.jar with {darkerdepths} mods - versions {1.19-1.0.7}
[28Dec2025 23:05:19.693] [main/DEBUG] [net.minecraftforge.fml.loading.moddiscovery.ModFileParser/LOADING]: Considering mod file candidate /home/bryan/Minecraft-Medieval-RPG/mods/Decorative Blocks-forge-1.19.2-3.0.0.jar
[28Dec2025 23:05:19.693] [main/DEBUG] [net.minecraftforge.fml.loading.moddiscovery.ModFileInfo/LOADING]: Found valid mod file Decorative Blocks-forge-1.19.2-3.0.0.jar with {decorative_blocks} mods - versions {3.0.0}
[28Dec2025 23:05:19.696] [main/DEBUG] [net.minecraftforge.fml.loading.moddiscovery.ModFileParser/LOADING]: Considering mod file candidate /home/bryan/Minecraft-Medieval-RPG/mods/deep_aether-1.19.2-1.0.4.jar
[28Dec2025 23:05:19.697] [main/DEBUG] [net.minecraftforge.fml.loading.moddiscovery.ModFileInfo/LOADING]: Found valid mod file deep_aether-1.19.2-1.0.4.jar with {deep_aether} mods - versions {1.19.2-1.0.4}
[28Dec2025 23:05:19.697] [main/DEBUG] [net.minecraftforge.fml.loading.moddiscovery.ModFileParser/LOADING]: Considering mod file candidate /home/bryan/Minecraft-Medieval-RPG/mods/deeperdarker-forge-1.19.2-1.2.2.jar
[28Dec2025 23:05:19.697] [main/DEBUG] [net.minecraftforge.fml.loading.moddiscovery.ModFileInfo/LOADING]: Found valid mod file deeperdarker-forge-1.19.2-1.2.2.jar with {deeperdarker} mods - versions {1.2.2}
[28Dec2025 23:05:19.698] [main/DEBUG] [net.minecraftforge.fml.loading.moddiscovery.ModFileParser/LOADING]: Considering mod file candidate /home/bryan/Minecraft-Medieval-RPG/mods/defaultoptions-forge-1.19-15.0.2.jar
[28Dec2025 23:05:19.698] [main/DEBUG] [net.minecraftforge.fml.loading.moddiscovery.ModFileInfo/LOADING]: Found valid mod file defaultoptions-forge-1.19-15.0.2.jar with {defaultoptions} mods - versions {15.0.2}
[28Dec2025 23:05:19.700] [main/DEBUG] [net.minecraftforge.fml.loading.moddiscovery.ModFileParser/LOADING]: Considering mod file candidate /home/bryan/Minecraft-Medieval-RPG/mods/Delightful-1.19.2-3.4.1.jar
[28Dec2025 23:05:19.700] [main/DEBUG] [net.minecraftforge.fml.loading.moddiscovery.ModFileInfo/LOADING]: Found valid mod file Delightful-1.19.2-3.4.1.jar with {delightful} mods - versions {3.4.1}
[28Dec2025 23:05:19.701] [main/DEBUG] [net.minecraftforge.fml.loading.moddiscovery.ModFileParser/LOADING]: Considering mod file candidate /home/bryan/Minecraft-Medieval-RPG/mods/doapi-1.1.0b.jar
[28Dec2025 23:05:19.701] [main/DEBUG] [net.minecraftforge.fml.loading.moddiscovery.ModFileInfo/LOADING]: Found valid mod file doapi-1.1.0b.jar with {doapi,terraform} mods - versions {1.1.0b,4.2.0}
[28Dec2025 23:05:19.702] [main/DEBUG] [net.minecraftforge.fml.loading.moddiscovery.ModFileParser/LOADING]: Considering mod file candidate /home/bryan/Minecraft-Medieval-RPG/mods/doespotatotick-1.19.2-4.0.2.jar
[28Dec2025 23:05:19.702] [main/DEBUG] [net.minecraftforge.fml.loading.moddiscovery.ModFileInfo/LOADING]: Found valid mod file doespotatotick-1.19.2-4.0.2.jar with {doespotatotick} mods - versions {1.19.2-4.0.2}
[28Dec2025 23:05:19.702] [main/DEBUG] [net.minecraftforge.fml.loading.moddiscovery.ModFileParser/LOADING]: Considering mod file candidate /home/bryan/Minecraft-Medieval-RPG/mods/domum_ornamentum-1.19-1.0.146-BETA-universal.jar
[28Dec2025 23:05:19.703] [main/DEBUG] [net.minecraftforge.fml.loading.moddiscovery.ModFileInfo/LOADING]: Found valid mod file domum_ornamentum-1.19-1.0.146-BETA-universal.jar with {domum_ornamentum} mods - versions {1.19-1.0.146-BETA}
[28Dec2025 23:05:19.703] [main/DEBUG] [net.minecraftforge.fml.loading.moddiscovery.ModFileParser/LOADING]: Considering mod file candidate /home/bryan/Minecraft-Medieval-RPG/mods/dragon_enchants-1.0.4-1.19.2.jar
[28Dec2025 23:05:19.703] [main/DEBUG] [net.minecraftforge.fml.loading.moddiscovery.ModFileInfo/LOADING]: Found valid mod file dragon_enchants-1.0.4-1.19.2.jar with {dragonenchants} mods - versions {1.0.4}
[28Dec2025 23:05:19.703] [main/DEBUG] [net.minecraftforge.fml.loading.moddiscovery.ModFileParser/LOADING]: Considering mod file candidate /home/bryan/Minecraft-Medieval-RPG/mods/dragonmounts-1.19.2-1.2.3-beta.jar
[28Dec2025 23:05:19.704] [main/DEBUG] [net.minecraftforge.fml.loading.moddiscovery.ModFileInfo/LOADING]: Found valid mod file dragonmounts-1.19.2-1.2.3-beta.jar with {dragonmounts} mods - versions {1.2.3-beta}
[28Dec2025 23:05:19.714] [main/DEBUG] [net.minecraftforge.fml.loading.moddiscovery.ModFileParser/LOADING]: Considering mod file candidate /home/bryan/Minecraft-Medieval-RPG/mods/DramaticDoors-QuiFabrge-1.19.2-3.2.7.jar
[28Dec2025 23:05:19.715] [main/DEBUG] [net.minecraftforge.fml.loading.moddiscovery.ModFileInfo/LOADING]: Found valid mod file DramaticDoors-QuiFabrge-1.19.2-3.2.7.jar with {dramaticdoors} mods - versions {1.19.2-3.2.7}
[28Dec2025 23:05:19.716] [main/DEBUG] [net.minecraftforge.fml.loading.moddiscovery.ModFileParser/LOADING]: Considering mod file candidate /home/bryan/Minecraft-Medieval-RPG/mods/dreadsteel-1.19.2-1.1.6.jar
[28Dec2025 23:05:19.716] [main/DEBUG] [net.minecraftforge.fml.loading.moddiscovery.ModFileInfo/LOADING]: Found valid mod file dreadsteel-1.19.2-1.1.6.jar with {dreadsteel} mods - versions {1.19.2-1.1.6}
[28Dec2025 23:05:19.717] [main/DEBUG] [net.minecraftforge.fml.loading.moddiscovery.ModFileParser/LOADING]: Considering mod file candidate /home/bryan/Minecraft-Medieval-RPG/mods/dummmmmmy-1.19.2-1.7.1.jar
[28Dec2025 23:05:19.717] [main/DEBUG] [net.minecraftforge.fml.loading.moddiscovery.ModFileInfo/LOADING]: Found valid mod file dummmmmmy-1.19.2-1.7.1.jar with {dummmmmmy} mods - versions {1.19.2-1.7.1}
[28Dec2025 23:05:19.718] [main/DEBUG] [net.minecraftforge.fml.loading.moddiscovery.ModFileParser/LOADING]: Considering mod file candidate /home/bryan/Minecraft-Medieval-RPG/mods/DungeonCrawl-1.19-2.3.12.jar
[28Dec2025 23:05:19.718] [main/DEBUG] [net.minecraftforge.fml.loading.moddiscovery.ModFileInfo/LOADING]: Found valid mod file DungeonCrawl-1.19-2.3.12.jar with {dungeoncrawl} mods - versions {2.3.12}
[28Dec2025 23:05:19.720] [main/DEBUG] [net.minecraftforge.fml.loading.moddiscovery.ModFileParser/LOADING]: Considering mod file candidate /home/bryan/Minecraft-Medieval-RPG/mods/dungeons-and-taverns-2.0.2 forge.jar
[28Dec2025 23:05:19.720] [main/DEBUG] [net.minecraftforge.fml.loading.moddiscovery.ModFileInfo/LOADING]: Found valid mod file dungeons-and-taverns-2.0.2 forge.jar with {dungeons_andtaverns_mr} mods - versions {2.0.2}
[28Dec2025 23:05:19.721] [main/DEBUG] [net.minecraftforge.fml.loading.moddiscovery.ModFileParser/LOADING]: Considering mod file candidate /home/bryan/Minecraft-Medieval-RPG/mods/dungeons_enhanced-1.19.2-4.1.jar
[28Dec2025 23:05:19.721] [main/DEBUG] [net.minecraftforge.fml.loading.moddiscovery.ModFileInfo/LOADING]: Found valid mod file dungeons_enhanced-1.19.2-4.1.jar with {dungeons_enhanced} mods - versions {4.1}
[28Dec2025 23:05:19.722] [main/DEBUG] [net.minecraftforge.fml.loading.moddiscovery.ModFileParser/LOADING]: Considering mod file candidate /home/bryan/Minecraft-Medieval-RPG/mods/dungeons_plus-1.19.2-1.3.1.jar
[28Dec2025 23:05:19.722] [main/DEBUG] [net.minecraftforge.fml.loading.moddiscovery.ModFileInfo/LOADING]: Found valid mod file dungeons_plus-1.19.2-1.3.1.jar with {dungeons_plus} mods - versions {1.3.1}
[28Dec2025 23:05:19.723] [main/DEBUG] [net.minecraftforge.fml.loading.moddiscovery.ModFileParser/LOADING]: Considering mod file candidate /home/bryan/Minecraft-Medieval-RPG/mods/DungeonsArise-1.19.2-2.1.54-release.jar
[28Dec2025 23:05:19.723] [main/DEBUG] [net.minecraftforge.fml.loading.moddiscovery.ModFileInfo/LOADING]: Found valid mod file DungeonsArise-1.19.2-2.1.54-release.jar with {dungeons_arise} mods - versions {2.1.54-1.19.2}
[28Dec2025 23:05:19.723] [main/DEBUG] [net.minecraftforge.fml.loading.moddiscovery.ModFileParser/LOADING]: Considering mod file candidate /home/bryan/Minecraft-Medieval-RPG/mods/DungeonsAriseSevenSeas-1.19.2-1.0.2-forge.jar
[28Dec2025 23:05:19.724] [main/DEBUG] [net.minecraftforge.fml.loading.moddiscovery.ModFileInfo/LOADING]: Found valid mod file DungeonsAriseSevenSeas-1.19.2-1.0.2-forge.jar with {dungeons_arise_seven_seas} mods - versions {1.0.2}
[28Dec2025 23:05:19.724] [main/DEBUG] [net.minecraftforge.fml.loading.moddiscovery.ModFileParser/LOADING]: Considering mod file candidate /home/bryan/Minecraft-Medieval-RPG/mods/DynamicTrees-1.19.2-1.2.2.jar
[28Dec2025 23:05:19.725] [main/DEBUG] [net.minecraftforge.fml.loading.moddiscovery.ModFileInfo/LOADING]: Found valid mod file DynamicTrees-1.19.2-1.2.2.jar with {dynamictrees} mods - versions {1.19.2-1.2.2}
[28Dec2025 23:05:19.726] [main/DEBUG] [net.minecraftforge.fml.loading.moddiscovery.ModFileParser/LOADING]: Considering mod file candidate /home/bryan/Minecraft-Medieval-RPG/mods/easy-villagers-forge-1.19.2-1.1.23.jar
[28Dec2025 23:05:19.727] [main/DEBUG] [net.minecraftforge.fml.loading.moddiscovery.ModFileInfo/LOADING]: Found valid mod file easy-villagers-forge-1.19.2-1.1.23.jar with {easy_villagers} mods - versions {1.19.2-1.1.23}
[28Dec2025 23:05:19.727] [main/DEBUG] [net.minecraftforge.fml.loading.moddiscovery.ModFileParser/LOADING]: Considering mod file candidate /home/bryan/Minecraft-Medieval-RPG/mods/eccentrictome-1.19.2-1.10.2.jar
[28Dec2025 23:05:19.727] [main/DEBUG] [net.minecraftforge.fml.loading.moddiscovery.ModFileInfo/LOADING]: Found valid mod file eccentrictome-1.19.2-1.10.2.jar with {eccentrictome} mods - versions {1.19.2-1.10.2}
[28Dec2025 23:05:19.728] [main/DEBUG] [net.minecraftforge.fml.loading.moddiscovery.ModFileParser/LOADING]: Considering mod file candidate /home/bryan/Minecraft-Medieval-RPG/mods/ecologics-forge-1.19.2-2.1.11.jar
[28Dec2025 23:05:19.728] [main/DEBUG] [net.minecraftforge.fml.loading.moddiscovery.ModFileInfo/LOADING]: Found valid mod file ecologics-forge-1.19.2-2.1.11.jar with {ecologics} mods - versions {2.1.11}
[28Dec2025 23:05:19.729] [main/DEBUG] [net.minecraftforge.fml.loading.moddiscovery.ModFileParser/LOADING]: Considering mod file candidate /home/bryan/Minecraft-Medieval-RPG/mods/elevatorid-1.19.2-1.8.10.jar
[28Dec2025 23:05:19.729] [main/DEBUG] [net.minecraftforge.fml.loading.moddiscovery.ModFileInfo/LOADING]: Found valid mod file elevatorid-1.19.2-1.8.10.jar with {elevatorid} mods - versions {1.19.2-1.8.10}
[28Dec2025 23:05:19.729] [main/DEBUG] [net.minecraftforge.fml.loading.moddiscovery.ModFileParser/LOADING]: Considering mod file candidate /home/bryan/Minecraft-Medieval-RPG/mods/elytraslot-forge-6.1.2+1.19.2.jar
[28Dec2025 23:05:19.730] [main/DEBUG] [net.minecraftforge.fml.loading.moddiscovery.ModFileInfo/LOADING]: Found valid mod file elytraslot-forge-6.1.2+1.19.2.jar with {elytraslot} mods - versions {6.1.2+1.19.2}
[28Dec2025 23:05:19.732] [main/DEBUG] [net.minecraftforge.fml.loading.moddiscovery.ModFileParser/LOADING]: Considering mod file candidate /home/bryan/Minecraft-Medieval-RPG/mods/EnchantmentDescriptions-Forge-1.19.2-13.0.14.jar
[28Dec2025 23:05:19.732] [main/DEBUG] [net.minecraftforge.fml.loading.moddiscovery.ModFileInfo/LOADING]: Found valid mod file EnchantmentDescriptions-Forge-1.19.2-13.0.14.jar with {enchdesc} mods - versions {13.0.14}
[28Dec2025 23:05:19.732] [main/DEBUG] [net.minecraftforge.fml.loading.moddiscovery.ModFileParser/LOADING]: Considering mod file candidate /home/bryan/Minecraft-Medieval-RPG/mods/End's Phantasm - BETAv1.2.10.5 - 1.19.2.jar
[28Dec2025 23:05:19.733] [main/DEBUG] [net.minecraftforge.fml.loading.moddiscovery.ModFileInfo/LOADING]: Found valid mod file End's Phantasm - BETAv1.2.10.5 - 1.19.2.jar with {phantasm} mods - versions {1.2.10.5}
[28Dec2025 23:05:19.734] [main/DEBUG] [net.minecraftforge.fml.loading.moddiscovery.ModFileParser/LOADING]: Considering mod file candidate /home/bryan/Minecraft-Medieval-RPG/mods/EndlessBiomes 1.4s - 1.19.2 (Server-friendly).jar
[28Dec2025 23:05:19.734] [main/DEBUG] [net.minecraftforge.fml.loading.moddiscovery.ModFileInfo/LOADING]: Found valid mod file EndlessBiomes 1.4s - 1.19.2 (Server-friendly).jar with {endlessbiomes} mods - versions {1.0.0}
[28Dec2025 23:05:19.735] [main/DEBUG] [net.minecraftforge.fml.loading.moddiscovery.ModFileParser/LOADING]: Considering mod file candidate /home/bryan/Minecraft-Medieval-RPG/mods/endrem_forge-5.2.1-R-1.19.X.jar
[28Dec2025 23:05:19.735] [main/DEBUG] [net.minecraftforge.fml.loading.moddiscovery.ModFileInfo/LOADING]: Found valid mod file endrem_forge-5.2.1-R-1.19.X.jar with {endrem} mods - versions {5.2.1-R-1.19.2}
[28Dec2025 23:05:19.735] [main/DEBUG] [net.minecraftforge.fml.loading.moddiscovery.ModFileParser/LOADING]: Considering mod file candidate /home/bryan/Minecraft-Medieval-RPG/mods/enemyexpansion-2.4.0-forge-1.19.2.jar
[28Dec2025 23:05:19.736] [main/DEBUG] [net.minecraftforge.fml.loading.moddiscovery.ModFileInfo/LOADING]: Found valid mod file enemyexpansion-2.4.0-forge-1.19.2.jar with {enemyexpansion} mods - versions {2.4.0}
[28Dec2025 23:05:19.736] [main/DEBUG] [net.minecraftforge.fml.loading.moddiscovery.ModFileParser/LOADING]: Considering mod file candidate /home/bryan/Minecraft-Medieval-RPG/mods/enigmaticaddons-1.19.2-1.2.2.jar
[28Dec2025 23:05:19.736] [main/DEBUG] [net.minecraftforge.fml.loading.moddiscovery.ModFileInfo/LOADING]: Found valid mod file enigmaticaddons-1.19.2-1.2.2.jar with {enigmaticaddons} mods - versions {1.19.2-1.2.2}
[28Dec2025 23:05:19.737] [main/DEBUG] [net.minecraftforge.fml.loading.moddiscovery.ModFileParser/LOADING]: Considering mod file candidate /home/bryan/Minecraft-Medieval-RPG/mods/EnigmaticLegacy-2.26.5.jar
[28Dec2025 23:05:19.738] [main/DEBUG] [net.minecraftforge.fml.loading.moddiscovery.ModFileInfo/LOADING]: Found valid mod file EnigmaticLegacy-2.26.5.jar with {enigmaticlegacy} mods - versions {2.26.5}
[28Dec2025 23:05:19.738] [main/DEBUG] [net.minecraftforge.fml.loading.moddiscovery.ModFileParser/LOADING]: Considering mod file candidate /home/bryan/Minecraft-Medieval-RPG/mods/Entity_Collision_FPS_Fix-forge-1.19-2.0.0.0.jar
[28Dec2025 23:05:19.740] [main/DEBUG] [net.minecraftforge.fml.loading.moddiscovery.ModFileInfo/LOADING]: Found valid mod file Entity_Collision_FPS_Fix-forge-1.19-2.0.0.0.jar with {entitycollisionfpsfix} mods - versions {2.0.0.0}
[28Dec2025 23:05:19.740] [main/DEBUG] [net.minecraftforge.fml.loading.moddiscovery.ModFileParser/LOADING]: Considering mod file candidate /home/bryan/Minecraft-Medieval-RPG/mods/entityculling-forge-1.6.1-mc1.19.2.jar
[28Dec2025 23:05:19.740] [main/DEBUG] [net.minecraftforge.fml.loading.moddiscovery.ModFileInfo/LOADING]: Found valid mod file entityculling-forge-1.6.1-mc1.19.2.jar with {entityculling} mods - versions {1.6.1}
[28Dec2025 23:05:19.740] [main/DEBUG] [net.minecraftforge.fml.loading.moddiscovery.ModFileParser/LOADING]: Considering mod file candidate /home/bryan/Minecraft-Medieval-RPG/mods/ExplorersCompass-1.19.2-1.3.0-forge.jar
[28Dec2025 23:05:19.741] [main/DEBUG] [net.minecraftforge.fml.loading.moddiscovery.ModFileInfo/LOADING]: Found valid mod file ExplorersCompass-1.19.2-1.3.0-forge.jar with {explorerscompass} mods - versions {1.19.2-1.3.0-forge}
[28Dec2025 23:05:19.741] [main/DEBUG] [net.minecraftforge.fml.loading.moddiscovery.ModFileParser/LOADING]: Considering mod file candidate /home/bryan/Minecraft-Medieval-RPG/mods/Explorify v1.6.2 f10-48.jar
[28Dec2025 23:05:19.741] [main/DEBUG] [net.minecraftforge.fml.loading.moddiscovery.ModFileInfo/LOADING]: Found valid mod file Explorify v1.6.2 f10-48.jar with {explorify} mods - versions {1.6.2}
[28Dec2025 23:05:19.742] [main/DEBUG] [net.minecraftforge.fml.loading.moddiscovery.ModFileParser/LOADING]: Considering mod file candidate /home/bryan/Minecraft-Medieval-RPG/mods/fantasyfurniture-1.19.2-6.7.0.jar
[28Dec2025 23:05:19.743] [main/DEBUG] [net.minecraftforge.fml.loading.moddiscovery.ModFileInfo/LOADING]: Found valid mod file fantasyfurniture-1.19.2-6.7.0.jar with {fantasyfurniture} mods - versions {6.7.0}
[28Dec2025 23:05:19.745] [main/DEBUG] [net.minecraftforge.fml.loading.moddiscovery.ModFileParser/LOADING]: Considering mod file candidate /home/bryan/Minecraft-Medieval-RPG/mods/FarmersDelight-1.19.2-1.2.4.jar
[28Dec2025 23:05:19.745] [main/DEBUG] [net.minecraftforge.fml.loading.moddiscovery.ModFileInfo/LOADING]: Found valid mod file FarmersDelight-1.19.2-1.2.4.jar with {farmersdelight} mods - versions {1.19.2-1.2.4}
[28Dec2025 23:05:19.798] [main/DEBUG] [net.minecraftforge.fml.loading.moddiscovery.ModFileParser/LOADING]: Considering mod file candidate /home/bryan/Minecraft-Medieval-RPG/mods/FarmersRespite-1.19-2.0.jar
[28Dec2025 23:05:19.799] [main/DEBUG] [net.minecraftforge.fml.loading.moddiscovery.ModFileInfo/LOADING]: Found valid mod file FarmersRespite-1.19-2.0.jar with {farmersrespite} mods - versions {1.19-2.0}
[28Dec2025 23:05:19.800] [main/DEBUG] [net.minecraftforge.fml.loading.moddiscovery.ModFileParser/LOADING]: Considering mod file candidate /home/bryan/Minecraft-Medieval-RPG/mods/fastasyncworldsave-1.19.2-2.0.jar
[28Dec2025 23:05:19.800] [main/DEBUG] [net.minecraftforge.fml.loading.moddiscovery.ModFileInfo/LOADING]: Found valid mod file fastasyncworldsave-1.19.2-2.0.jar with {fastasyncworldsave} mods - versions {1.19.2-2.0}
[28Dec2025 23:05:19.800] [main/DEBUG] [net.minecraftforge.fml.loading.moddiscovery.ModFileParser/LOADING]: Considering mod file candidate /home/bryan/Minecraft-Medieval-RPG/mods/fastpaintings-1.19-1.1.3.jar
[28Dec2025 23:05:19.801] [main/DEBUG] [net.minecraftforge.fml.loading.moddiscovery.ModFileInfo/LOADING]: Found valid mod file fastpaintings-1.19-1.1.3.jar with {fastpaintings} mods - versions {1.19-1.1.3}
[28Dec2025 23:05:19.803] [main/DEBUG] [net.minecraftforge.fml.loading.moddiscovery.ModFileParser/LOADING]: Considering mod file candidate /home/bryan/Minecraft-Medieval-RPG/mods/ferritecore-5.0.3-forge.jar
[28Dec2025 23:05:19.803] [main/DEBUG] [net.minecraftforge.fml.loading.moddiscovery.ModFileInfo/LOADING]: Found valid mod file ferritecore-5.0.3-forge.jar with {ferritecore} mods - versions {5.0.3}
[28Dec2025 23:05:19.805] [main/DEBUG] [net.minecraftforge.fml.loading.moddiscovery.ModFileParser/LOADING]: Considering mod file candidate /home/bryan/Minecraft-Medieval-RPG/mods/forbidden_arcanus-1.19.2-2.1.5.jar
[28Dec2025 23:05:19.805] [main/DEBUG] [net.minecraftforge.fml.loading.moddiscovery.ModFileInfo/LOADING]: Found valid mod file forbidden_arcanus-1.19.2-2.1.5.jar with {forbidden_arcanus} mods - versions {1.19.2-2.1.5}
[28Dec2025 23:05:19.806] [main/DEBUG] [net.minecraftforge.fml.loading.moddiscovery.ModFileParser/LOADING]: Considering mod file candidate /home/bryan/Minecraft-Medieval-RPG/mods/ftb-chunks-forge-1902.4.7-build.420.jar
[28Dec2025 23:05:19.806] [main/DEBUG] [net.minecraftforge.fml.loading.moddiscovery.ModFileInfo/LOADING]: Found valid mod file ftb-chunks-forge-1902.4.7-build.420.jar with {ftbchunks} mods - versions {1902.4.7-build.420}
[28Dec2025 23:05:19.806] [main/DEBUG] [net.minecraftforge.fml.loading.moddiscovery.ModFileParser/LOADING]: Considering mod file candidate /home/bryan/Minecraft-Medieval-RPG/mods/ftb-library-forge-1902.4.1-build.236.jar
[28Dec2025 23:05:19.806] [main/DEBUG] [net.minecraftforge.fml.loading.moddiscovery.ModFileInfo/LOADING]: Found valid mod file ftb-library-forge-1902.4.1-build.236.jar with {ftblibrary} mods - versions {1902.4.1-build.236}
[28Dec2025 23:05:19.807] [main/DEBUG] [net.minecraftforge.fml.loading.moddiscovery.ModFileParser/LOADING]: Considering mod file candidate /home/bryan/Minecraft-Medieval-RPG/mods/ftb-quests-forge-1902.5.10-build.497.jar
[28Dec2025 23:05:19.807] [main/DEBUG] [net.minecraftforge.fml.loading.moddiscovery.ModFileInfo/LOADING]: Found valid mod file ftb-quests-forge-1902.5.10-build.497.jar with {ftbquests} mods - versions {1902.5.10-build.497}
[28Dec2025 23:05:19.807] [main/DEBUG] [net.minecraftforge.fml.loading.moddiscovery.ModFileParser/LOADING]: Considering mod file candidate /home/bryan/Minecraft-Medieval-RPG/mods/ftb-teams-forge-1902.2.14-build.123.jar
[28Dec2025 23:05:19.808] [main/DEBUG] [net.minecraftforge.fml.loading.moddiscovery.ModFileInfo/LOADING]: Found valid mod file ftb-teams-forge-1902.2.14-build.123.jar with {ftbteams} mods - versions {1902.2.14-build.123}
[28Dec2025 23:05:19.808] [main/DEBUG] [net.minecraftforge.fml.loading.moddiscovery.ModFileParser/LOADING]: Considering mod file candidate /home/bryan/Minecraft-Medieval-RPG/mods/ftb-ultimine-forge-1902.4.2-build.14.jar
[28Dec2025 23:05:19.808] [main/DEBUG] [net.minecraftforge.fml.loading.moddiscovery.ModFileInfo/LOADING]: Found valid mod file ftb-ultimine-forge-1902.4.2-build.14.jar with {ftbultimine} mods - versions {1902.4.2-build.14}
[28Dec2025 23:05:19.808] [main/DEBUG] [net.minecraftforge.fml.loading.moddiscovery.ModFileParser/LOADING]: Considering mod file candidate /home/bryan/Minecraft-Medieval-RPG/mods/ftb-xmod-compat-forge-1.2.4.jar
[28Dec2025 23:05:19.809] [main/DEBUG] [net.minecraftforge.fml.loading.moddiscovery.ModFileInfo/LOADING]: Found valid mod file ftb-xmod-compat-forge-1.2.4.jar with {ftbxmodcompat} mods - versions {1.2.4}
[28Dec2025 23:05:19.810] [main/DEBUG] [net.minecraftforge.fml.loading.moddiscovery.ModFileParser/LOADING]: Considering mod file candidate /home/bryan/Minecraft-Medieval-RPG/mods/Galosphere-1.19.2-1.3.0-Forge.jar
[28Dec2025 23:05:19.810] [main/DEBUG] [net.minecraftforge.fml.loading.moddiscovery.ModFileInfo/LOADING]: Found valid mod file Galosphere-1.19.2-1.3.0-Forge.jar with {galosphere} mods - versions {1.19.2-1.3.0}
[28Dec2025 23:05:19.812] [main/DEBUG] [net.minecraftforge.fml.loading.moddiscovery.ModFileParser/LOADING]: Considering mod file candidate /home/bryan/Minecraft-Medieval-RPG/mods/GameStages-Forge-1.19.2-11.1.4.jar
[28Dec2025 23:05:19.812] [main/DEBUG] [net.minecraftforge.fml.loading.moddiscovery.ModFileInfo/LOADING]: Found valid mod file GameStages-Forge-1.19.2-11.1.4.jar with {gamestages} mods - versions {11.1.4}
[28Dec2025 23:05:19.812] [main/DEBUG] [net.minecraftforge.fml.loading.moddiscovery.ModFileParser/LOADING]: Considering mod file candidate /home/bryan/Minecraft-Medieval-RPG/mods/GatewaysToEternity-1.19.2-3.2.3.jar
[28Dec2025 23:05:19.812] [main/DEBUG] [net.minecraftforge.fml.loading.moddiscovery.ModFileInfo/LOADING]: Found valid mod file GatewaysToEternity-1.19.2-3.2.3.jar with {gateways} mods - versions {3.2.3}
[28Dec2025 23:05:19.813] [main/DEBUG] [net.minecraftforge.fml.loading.moddiscovery.ModFileParser/LOADING]: Considering mod file candidate /home/bryan/Minecraft-Medieval-RPG/mods/geckolib-forge-1.19-3.1.40.jar
[28Dec2025 23:05:19.813] [main/DEBUG] [net.minecraftforge.fml.loading.moddiscovery.ModFileInfo/LOADING]: Found valid mod file geckolib-forge-1.19-3.1.40.jar with {geckolib3} mods - versions {3.1.40}
[28Dec2025 23:05:19.814] [main/DEBUG] [net.minecraftforge.fml.loading.moddiscovery.ModFileParser/LOADING]: Considering mod file candidate /home/bryan/Minecraft-Medieval-RPG/mods/getittogetherdrops-forge-1.19.2-1.3.jar
[28Dec2025 23:05:19.814] [main/DEBUG] [net.minecraftforge.fml.loading.moddiscovery.ModFileInfo/LOADING]: Found valid mod file getittogetherdrops-forge-1.19.2-1.3.jar with {getittogetherdrops} mods - versions {1.3}
[28Dec2025 23:05:19.814] [main/DEBUG] [net.minecraftforge.fml.loading.moddiscovery.ModFileParser/LOADING]: Considering mod file candidate /home/bryan/Minecraft-Medieval-RPG/mods/goblintraders-1.8.0-1.19.2.jar
[28Dec2025 23:05:19.814] [main/DEBUG] [net.minecraftforge.fml.loading.moddiscovery.ModFileInfo/LOADING]: Found valid mod file goblintraders-1.8.0-1.19.2.jar with {goblintraders} mods - versions {1.8.0}
[28Dec2025 23:05:19.814] [main/DEBUG] [net.minecraftforge.fml.loading.moddiscovery.ModFileParser/LOADING]: Considering mod file candidate /home/bryan/Minecraft-Medieval-RPG/mods/gpumemleakfix-1.19.2-1.6.jar
[28Dec2025 23:05:19.815] [main/DEBUG] [net.minecraftforge.fml.loading.moddiscovery.ModFileInfo/LOADING]: Found valid mod file gpumemleakfix-1.19.2-1.6.jar with {gpumemleakfix} mods - versions {1.19.2-1.6}
[28Dec2025 23:05:19.816] [main/DEBUG] [net.minecraftforge.fml.loading.moddiscovery.ModFileParser/LOADING]: Considering mod file candidate /home/bryan/Minecraft-Medieval-RPG/mods/Highlighter-1.19.1-1.1.4.jar
[28Dec2025 23:05:19.816] [main/DEBUG] [net.minecraftforge.fml.loading.moddiscovery.ModFileInfo/LOADING]: Found valid mod file Highlighter-1.19.1-1.1.4.jar with {highlighter} mods - versions {1.1.4}
[28Dec2025 23:05:19.817] [main/DEBUG] [net.minecraftforge.fml.loading.moddiscovery.ModFileParser/LOADING]: Considering mod file candidate /home/bryan/Minecraft-Medieval-RPG/mods/HL-0.9.1-1.19.2.jar
[28Dec2025 23:05:19.817] [main/DEBUG] [net.minecraftforge.fml.loading.moddiscovery.ModFileInfo/LOADING]: Found valid mod file HL-0.9.1-1.19.2.jar with {hiccups_legacy} mods - versions {0.9.1}
[28Dec2025 23:05:19.817] [main/DEBUG] [net.minecraftforge.fml.loading.moddiscovery.ModFileParser/LOADING]: Considering mod file candidate /home/bryan/Minecraft-Medieval-RPG/mods/HopoBetterRuinedPortals-[1.19-1.19.3]-1.3.3b.jar
[28Dec2025 23:05:19.818] [main/DEBUG] [net.minecraftforge.fml.loading.moddiscovery.ModFileInfo/LOADING]: Found valid mod file HopoBetterRuinedPortals-[1.19-1.19.3]-1.3.3b.jar with {hoporp} mods - versions {1.3.3}
[28Dec2025 23:05:19.818] [main/DEBUG] [net.minecraftforge.fml.loading.moddiscovery.ModFileParser/LOADING]: Considering mod file candidate /home/bryan/Minecraft-Medieval-RPG/mods/humancompanions-1.19.2-1.7.4.jar
[28Dec2025 23:05:19.819] [main/DEBUG] [net.minecraftforge.fml.loading.moddiscovery.ModFileInfo/LOADING]: Found valid mod file humancompanions-1.19.2-1.7.4.jar with {humancompanions} mods - versions {1.19.2-1.7.4}
[28Dec2025 23:05:19.819] [main/DEBUG] [net.minecraftforge.fml.loading.moddiscovery.ModFileParser/LOADING]: Considering mod file candidate /home/bryan/Minecraft-Medieval-RPG/mods/Iceberg-1.19.2-forge-1.1.4.jar
[28Dec2025 23:05:19.820] [main/DEBUG] [net.minecraftforge.fml.loading.moddiscovery.ModFileInfo/LOADING]: Found valid mod file Iceberg-1.19.2-forge-1.1.4.jar with {iceberg} mods - versions {1.1.4}
[28Dec2025 23:05:19.820] [main/DEBUG] [net.minecraftforge.fml.loading.moddiscovery.ModFileParser/LOADING]: Considering mod file candidate /home/bryan/Minecraft-Medieval-RPG/mods/ImmediatelyFast-Forge-1.3.4+1.19.2.jar
[28Dec2025 23:05:19.821] [main/DEBUG] [net.minecraftforge.fml.loading.moddiscovery.ModFileInfo/LOADING]: Found valid mod file ImmediatelyFast-Forge-1.3.4+1.19.2.jar with {immediatelyfast} mods - versions {1.3.4+1.19.2}
[28Dec2025 23:05:19.821] [main/DEBUG] [net.minecraftforge.fml.loading.moddiscovery.ModFileParser/LOADING]: Considering mod file candidate /home/bryan/Minecraft-Medieval-RPG/mods/immersive_aircraft-0.7.11+1.19.2-forge.jar
[28Dec2025 23:05:19.821] [main/DEBUG] [net.minecraftforge.fml.loading.moddiscovery.ModFileInfo/LOADING]: Found valid mod file immersive_aircraft-0.7.11+1.19.2-forge.jar with {immersive_aircraft} mods - versions {0.7.11+1.19.2}
[28Dec2025 23:05:19.822] [main/DEBUG] [net.minecraftforge.fml.loading.moddiscovery.ModFileParser/LOADING]: Considering mod file candidate /home/bryan/Minecraft-Medieval-RPG/mods/immersive_armors-1.5.6+1.19.2-forge.jar
[28Dec2025 23:05:19.822] [main/DEBUG] [net.minecraftforge.fml.loading.moddiscovery.ModFileInfo/LOADING]: Found valid mod file immersive_armors-1.5.6+1.19.2-forge.jar with {immersive_armors} mods - versions {1.5.6+1.19.2}
[28Dec2025 23:05:19.823] [main/DEBUG] [net.minecraftforge.fml.loading.moddiscovery.ModFileParser/LOADING]: Considering mod file candidate /home/bryan/Minecraft-Medieval-RPG/mods/immersive_paintings-0.6.7+1.19.2-forge.jar
[28Dec2025 23:05:19.823] [main/DEBUG] [net.minecraftforge.fml.loading.moddiscovery.ModFileInfo/LOADING]: Found valid mod file immersive_paintings-0.6.7+1.19.2-forge.jar with {immersive_paintings} mods - versions {0.6.7+1.19.2}
[28Dec2025 23:05:19.824] [main/DEBUG] [net.minecraftforge.fml.loading.moddiscovery.ModFileParser/LOADING]: Considering mod file candidate /home/bryan/Minecraft-Medieval-RPG/mods/Incendium_1.19.3_v5.1.6.jar
[28Dec2025 23:05:19.825] [main/DEBUG] [net.minecraftforge.fml.loading.moddiscovery.ModFileInfo/LOADING]: Found valid mod file Incendium_1.19.3_v5.1.6.jar with {incendium} mods - versions {5.1.6}
[28Dec2025 23:05:19.825] [main/DEBUG] [net.minecraftforge.fml.loading.moddiscovery.ModFileParser/LOADING]: Considering mod file candidate /home/bryan/Minecraft-Medieval-RPG/mods/infernalmobs-1.19.2.4.jar
[28Dec2025 23:05:19.825] [main/DEBUG] [net.minecraftforge.fml.loading.moddiscovery.ModFileInfo/LOADING]: Found valid mod file infernalmobs-1.19.2.4.jar with {infernalmobs} mods - versions {1.19.2.4}
[28Dec2025 23:05:19.825] [main/DEBUG] [net.minecraftforge.fml.loading.moddiscovery.ModFileParser/LOADING]: Considering mod file candidate /home/bryan/Minecraft-Medieval-RPG/mods/InsaneLib-1.7.5-mc1.19.2.jar
[28Dec2025 23:05:19.826] [main/DEBUG] [net.minecraftforge.fml.loading.moddiscovery.ModFileInfo/LOADING]: Found valid mod file InsaneLib-1.7.5-mc1.19.2.jar with {insanelib} mods - versions {1.7.5}
[28Dec2025 23:05:19.826] [main/DEBUG] [net.minecraftforge.fml.loading.moddiscovery.ModFileParser/LOADING]: Considering mod file candidate /home/bryan/Minecraft-Medieval-RPG/mods/ironchest-1.19.2-14.2.7.jar
[28Dec2025 23:05:19.827] [main/DEBUG] [net.minecraftforge.fml.loading.moddiscovery.ModFileInfo/LOADING]: Found valid mod file ironchest-1.19.2-14.2.7.jar with {ironchest} mods - versions {1.19.2-14.2.7}
[28Dec2025 23:05:19.828] [main/DEBUG] [net.minecraftforge.fml.loading.moddiscovery.ModFileParser/LOADING]: Considering mod file candidate /home/bryan/Minecraft-Medieval-RPG/mods/ironfurnaces-1.19.2-3.6.5.jar
[28Dec2025 23:05:19.828] [main/DEBUG] [net.minecraftforge.fml.loading.moddiscovery.ModFileInfo/LOADING]: Found valid mod file ironfurnaces-1.19.2-3.6.5.jar with {ironfurnaces} mods - versions {3.6.5}
[28Dec2025 23:05:19.829] [main/DEBUG] [net.minecraftforge.fml.loading.moddiscovery.ModFileParser/LOADING]: Considering mod file candidate /home/bryan/Minecraft-Medieval-RPG/mods/irons_spellbooks-1.19.2-3.4.0.jar
[28Dec2025 23:05:19.829] [main/DEBUG] [net.minecraftforge.fml.loading.moddiscovery.ModFileInfo/LOADING]: Found valid mod file irons_spellbooks-1.19.2-3.4.0.jar with {irons_spellbooks} mods - versions {1.19.2-3.4.0}
[28Dec2025 23:05:19.829] [main/DEBUG] [net.minecraftforge.fml.loading.moddiscovery.ModFileParser/LOADING]: Considering mod file candidate /home/bryan/Minecraft-Medieval-RPG/mods/item-filters-forge-1902.2.9-build.51.jar
[28Dec2025 23:05:19.830] [main/DEBUG] [net.minecraftforge.fml.loading.moddiscovery.ModFileInfo/LOADING]: Found valid mod file item-filters-forge-1902.2.9-build.51.jar with {itemfilters} mods - versions {1902.2.9-build.51}
[28Dec2025 23:05:19.830] [main/DEBUG] [net.minecraftforge.fml.loading.moddiscovery.ModFileParser/LOADING]: Considering mod file candidate /home/bryan/Minecraft-Medieval-RPG/mods/Item_Obliterator-FORGE-MC1.19.2-1.6.2.jar
[28Dec2025 23:05:19.830] [main/DEBUG] [net.minecraftforge.fml.loading.moddiscovery.ModFileInfo/LOADING]: Found valid mod file Item_Obliterator-FORGE-MC1.19.2-1.6.2.jar with {item_obliterator} mods - versions {1.6.2}
[28Dec2025 23:05:19.830] [main/DEBUG] [net.minecraftforge.fml.loading.moddiscovery.ModFileParser/LOADING]: Considering mod file candidate /home/bryan/Minecraft-Medieval-RPG/mods/ItemProductionLib-1.19.2-1.0.2a-all.jar
[28Dec2025 23:05:19.830] [main/DEBUG] [net.minecraftforge.fml.loading.moddiscovery.ModFileInfo/LOADING]: Found valid mod file ItemProductionLib-1.19.2-1.0.2a-all.jar with {itemproductionlib} mods - versions {1.0.2a}
[28Dec2025 23:05:19.833] [main/DEBUG] [net.minecraftforge.fml.loading.moddiscovery.ModFileParser/LOADING]: Considering mod file candidate /home/bryan/Minecraft-Medieval-RPG/mods/ItemStages-Forge-1.19.2-5.1.4.jar
[28Dec2025 23:05:19.833] [main/DEBUG] [net.minecraftforge.fml.loading.moddiscovery.ModFileInfo/LOADING]: Found valid mod file ItemStages-Forge-1.19.2-5.1.4.jar with {itemstages} mods - versions {5.1.4}
[28Dec2025 23:05:19.834] [main/DEBUG] [net.minecraftforge.fml.loading.moddiscovery.ModFileParser/LOADING]: Considering mod file candidate /home/bryan/Minecraft-Medieval-RPG/mods/iterpg-0.5.0-1.19.2.jar
[28Dec2025 23:05:19.834] [main/DEBUG] [net.minecraftforge.fml.loading.moddiscovery.ModFileInfo/LOADING]: Found valid mod file iterpg-0.5.0-1.19.2.jar with {iter_rpg} mods - versions {0.5.0}
[28Dec2025 23:05:19.834] [main/DEBUG] [net.minecraftforge.fml.loading.moddiscovery.ModFileParser/LOADING]: Considering mod file candidate /home/bryan/Minecraft-Medieval-RPG/mods/Jade-1.19.1-forge-8.9.2.jar
[28Dec2025 23:05:19.835] [main/DEBUG] [net.minecraftforge.fml.loading.moddiscovery.ModFileInfo/LOADING]: Found valid mod file Jade-1.19.1-forge-8.9.2.jar with {jade} mods - versions {8.9.2}
[28Dec2025 23:05:19.835] [main/DEBUG] [net.minecraftforge.fml.loading.moddiscovery.ModFileParser/LOADING]: Considering mod file candidate /home/bryan/Minecraft-Medieval-RPG/mods/jei-1.19.2-forge-11.8.1.1034.jar
[28Dec2025 23:05:19.836] [main/DEBUG] [net.minecraftforge.fml.loading.moddiscovery.ModFileInfo/LOADING]: Found valid mod file jei-1.19.2-forge-11.8.1.1034.jar with {jei} mods - versions {11.8.1.1034}
[28Dec2025 23:05:19.836] [main/DEBUG] [net.minecraftforge.fml.loading.moddiscovery.ModFileParser/LOADING]: Considering mod file candidate /home/bryan/Minecraft-Medieval-RPG/mods/JustEnoughResources-1.19.2-1.2.3.243.jar
[28Dec2025 23:05:19.836] [main/DEBUG] [net.minecraftforge.fml.loading.moddiscovery.ModFileInfo/LOADING]: Found valid mod file JustEnoughResources-1.19.2-1.2.3.243.jar with {jeresources} mods - versions {1.2.3.243}
[28Dec2025 23:05:19.838] [main/DEBUG] [net.minecraftforge.fml.loading.moddiscovery.ModFileParser/LOADING]: Considering mod file candidate /home/bryan/Minecraft-Medieval-RPG/mods/knightlib-forge-1.19.2-1.2.0.jar
[28Dec2025 23:05:19.838] [main/DEBUG] [net.minecraftforge.fml.loading.moddiscovery.ModFileInfo/LOADING]: Found valid mod file knightlib-forge-1.19.2-1.2.0.jar with {knightlib} mods - versions {1.2.0}
[28Dec2025 23:05:19.839] [main/DEBUG] [net.minecraftforge.fml.loading.moddiscovery.ModFileParser/LOADING]: Considering mod file candidate /home/bryan/Minecraft-Medieval-RPG/mods/knightquest-1.8.5.jar
[28Dec2025 23:05:19.839] [main/DEBUG] [net.minecraftforge.fml.loading.moddiscovery.ModFileInfo/LOADING]: Found valid mod file knightquest-1.8.5.jar with {knightquest} mods - versions {1.8.5}
[28Dec2025 23:05:19.839] [main/DEBUG] [net.minecraftforge.fml.loading.moddiscovery.ModFileParser/LOADING]: Considering mod file candidate /home/bryan/Minecraft-Medieval-RPG/mods/konkrete_forge_1.8.0_MC_1.19-1.19.2.jar
[28Dec2025 23:05:19.840] [main/DEBUG] [net.minecraftforge.fml.loading.moddiscovery.ModFileInfo/LOADING]: Found valid mod file konkrete_forge_1.8.0_MC_1.19-1.19.2.jar with {konkrete} mods - versions {1.8.0}
[28Dec2025 23:05:19.840] [main/DEBUG] [net.minecraftforge.fml.loading.moddiscovery.ModFileParser/LOADING]: Considering mod file candidate /home/bryan/Minecraft-Medieval-RPG/mods/kubejs-forge-1902.6.2-build.73.jar
[28Dec2025 23:05:19.841] [main/DEBUG] [net.minecraftforge.fml.loading.moddiscovery.ModFileInfo/LOADING]: Found valid mod file kubejs-forge-1902.6.2-build.73.jar with {kubejs} mods - versions {1902.6.2-build.73}
[28Dec2025 23:05:19.843] [main/DEBUG] [net.minecraftforge.fml.loading.moddiscovery.ModFileParser/LOADING]: Considering mod file candidate /home/bryan/Minecraft-Medieval-RPG/mods/L_Enders_Cataclysm-2.46-1.19.2.jar
[28Dec2025 23:05:19.843] [main/DEBUG] [net.minecraftforge.fml.loading.moddiscovery.ModFileInfo/LOADING]: Found valid mod file L_Enders_Cataclysm-2.46-1.19.2.jar with {cataclysm} mods - versions {2.46}
[28Dec2025 23:05:19.843] [main/DEBUG] [net.minecraftforge.fml.loading.moddiscovery.ModFileParser/LOADING]: Considering mod file candidate /home/bryan/Minecraft-Medieval-RPG/mods/lazydfu-1.19-1.0.2.jar
[28Dec2025 23:05:19.843] [main/DEBUG] [net.minecraftforge.fml.loading.moddiscovery.ModFileInfo/LOADING]: Found valid mod file lazydfu-1.19-1.0.2.jar with {lazydfu} mods - versions {0.1.3}
[28Dec2025 23:05:19.844] [main/DEBUG] [net.minecraftforge.fml.loading.moddiscovery.ModFileParser/LOADING]: Considering mod file candidate /home/bryan/Minecraft-Medieval-RPG/mods/LeavesBeGone-v4.0.1-1.19.2-Forge.jar
[28Dec2025 23:05:19.845] [main/DEBUG] [net.minecraftforge.fml.loading.moddiscovery.ModFileInfo/LOADING]: Found valid mod file LeavesBeGone-v4.0.1-1.19.2-Forge.jar with {leavesbegone} mods - versions {4.0.1}
[28Dec2025 23:05:19.845] [main/DEBUG] [net.minecraftforge.fml.loading.moddiscovery.ModFileParser/LOADING]: Considering mod file candidate /home/bryan/Minecraft-Medieval-RPG/mods/letmedespawn-forge-1.3.2b.jar
[28Dec2025 23:05:19.845] [main/DEBUG] [net.minecraftforge.fml.loading.moddiscovery.ModFileInfo/LOADING]: Found valid mod file letmedespawn-forge-1.3.2b.jar with {letmedespawn} mods - versions {1.3.2b}
[28Dec2025 23:05:19.845] [main/DEBUG] [net.minecraftforge.fml.loading.moddiscovery.ModFileParser/LOADING]: Considering mod file candidate /home/bryan/Minecraft-Medieval-RPG/mods/letsdo-bakery-forge-1.0.6.jar
[28Dec2025 23:05:19.846] [main/DEBUG] [net.minecraftforge.fml.loading.moddiscovery.ModFileInfo/LOADING]: Found valid mod file letsdo-bakery-forge-1.0.6.jar with {bakery} mods - versions {1.0.6}
[28Dec2025 23:05:19.847] [main/DEBUG] [net.minecraftforge.fml.loading.moddiscovery.ModFileParser/LOADING]: Considering mod file candidate /home/bryan/Minecraft-Medieval-RPG/mods/letsdo-vinery-forge-1.3.12b.jar
[28Dec2025 23:05:19.847] [main/DEBUG] [net.minecraftforge.fml.loading.moddiscovery.ModFileInfo/LOADING]: Found valid mod file letsdo-vinery-forge-1.3.12b.jar with {vinery} mods - versions {1.3.12}
[28Dec2025 23:05:19.847] [main/DEBUG] [net.minecraftforge.fml.loading.moddiscovery.ModFileParser/LOADING]: Considering mod file candidate /home/bryan/Minecraft-Medieval-RPG/mods/libraryferret-forge-1.19.2-4.0.0.jar
[28Dec2025 23:05:19.848] [main/DEBUG] [net.minecraftforge.fml.loading.moddiscovery.ModFileInfo/LOADING]: Found valid mod file libraryferret-forge-1.19.2-4.0.0.jar with {libraryferret} mods - versions {4.0.0}
[28Dec2025 23:05:19.848] [main/DEBUG] [net.minecraftforge.fml.loading.moddiscovery.ModFileParser/LOADING]: Considering mod file candidate /home/bryan/Minecraft-Medieval-RPG/mods/lionfishapi-1.8.jar
[28Dec2025 23:05:19.848] [main/DEBUG] [net.minecraftforge.fml.loading.moddiscovery.ModFileInfo/LOADING]: Found valid mod file lionfishapi-1.8.jar with {lionfishapi} mods - versions {1.8}
[28Dec2025 23:05:19.849] [main/DEBUG] [net.minecraftforge.fml.loading.moddiscovery.ModFileParser/LOADING]: Considering mod file candidate /home/bryan/Minecraft-Medieval-RPG/mods/LongNbtKiller-Forge-1.19.2-1.0.0.jar
[28Dec2025 23:05:19.849] [main/DEBUG] [net.minecraftforge.fml.loading.moddiscovery.ModFileInfo/LOADING]: Found valid mod file LongNbtKiller-Forge-1.19.2-1.0.0.jar with {longnbtkiller} mods - versions {1.0.0}
[28Dec2025 23:05:19.849] [main/DEBUG] [net.minecraftforge.fml.loading.moddiscovery.ModFileParser/LOADING]: Considering mod file candidate /home/bryan/Minecraft-Medieval-RPG/mods/lootintegrations-1.19.2-4.7.jar
[28Dec2025 23:05:19.849] [main/DEBUG] [net.minecraftforge.fml.loading.moddiscovery.ModFileInfo/LOADING]: Found valid mod file lootintegrations-1.19.2-4.7.jar with {lootintegrations} mods - versions {1.19.2-4.7}
[28Dec2025 23:05:19.850] [main/DEBUG] [net.minecraftforge.fml.loading.moddiscovery.ModFileParser/LOADING]: Considering mod file candidate /home/bryan/Minecraft-Medieval-RPG/mods/lootr-forge-1.19-0.4.29.76.jar
[28Dec2025 23:05:19.850] [main/DEBUG] [net.minecraftforge.fml.loading.moddiscovery.ModFileInfo/LOADING]: Found valid mod file lootr-forge-1.19-0.4.29.76.jar with {lootr} mods - versions {0.4.28.75}
[28Dec2025 23:05:19.850] [main/DEBUG] [net.minecraftforge.fml.loading.moddiscovery.ModFileParser/LOADING]: Considering mod file candidate /home/bryan/Minecraft-Medieval-RPG/mods/majrusz-library-forge-1.19.2-7.0.5-backport.1.jar
[28Dec2025 23:05:19.850] [main/DEBUG] [net.minecraftforge.fml.loading.moddiscovery.ModFileInfo/LOADING]: Found valid mod file majrusz-library-forge-1.19.2-7.0.5-backport.1.jar with {majruszlibrary} mods - versions {7.0.5-backport.1}
[28Dec2025 23:05:19.851] [main/DEBUG] [net.minecraftforge.fml.loading.moddiscovery.ModFileParser/LOADING]: Considering mod file candidate /home/bryan/Minecraft-Medieval-RPG/mods/majruszs-accessories-forge-1.19.2-1.5.2-backport.2.jar
[28Dec2025 23:05:19.851] [main/DEBUG] [net.minecraftforge.fml.loading.moddiscovery.ModFileInfo/LOADING]: Found valid mod file majruszs-accessories-forge-1.19.2-1.5.2-backport.2.jar with {majruszsaccessories} mods - versions {1.5.2-backport.2}
[28Dec2025 23:05:19.851] [main/DEBUG] [net.minecraftforge.fml.loading.moddiscovery.ModFileParser/LOADING]: Considering mod file candidate /home/bryan/Minecraft-Medieval-RPG/mods/majruszs-difficulty-forge-1.19.2-1.9.9-backport.1.jar
[28Dec2025 23:05:19.852] [main/DEBUG] [net.minecraftforge.fml.loading.moddiscovery.ModFileInfo/LOADING]: Found valid mod file majruszs-difficulty-forge-1.19.2-1.9.9-backport.1.jar with {majruszsdifficulty} mods - versions {1.9.9-backport.1}
[28Dec2025 23:05:19.852] [main/DEBUG] [net.minecraftforge.fml.loading.moddiscovery.ModFileParser/LOADING]: Considering mod file candidate /home/bryan/Minecraft-Medieval-RPG/mods/majruszs-enchantments-forge-1.19.2-1.10.7-backport.1.jar
[28Dec2025 23:05:19.852] [main/DEBUG] [net.minecraftforge.fml.loading.moddiscovery.ModFileInfo/LOADING]: Found valid mod file majruszs-enchantments-forge-1.19.2-1.10.7-backport.1.jar with {majruszsenchantments} mods - versions {1.10.7-backport.1}
[28Dec2025 23:05:19.854] [main/DEBUG] [net.minecraftforge.fml.loading.moddiscovery.ModFileParser/LOADING]: Considering mod file candidate /home/bryan/Minecraft-Medieval-RPG/mods/MaxHealthFix-Forge-1.19.2-8.0.2.jar
[28Dec2025 23:05:19.855] [main/DEBUG] [net.minecraftforge.fml.loading.moddiscovery.ModFileInfo/LOADING]: Found valid mod file MaxHealthFix-Forge-1.19.2-8.0.2.jar with {maxhealthfix} mods - versions {8.0.2}
[28Dec2025 23:05:19.855] [main/DEBUG] [net.minecraftforge.fml.loading.moddiscovery.ModFileParser/LOADING]: Considering mod file candidate /home/bryan/Minecraft-Medieval-RPG/mods/mcsa-forge-3.1.4+1.19.jar
[28Dec2025 23:05:19.855] [main/DEBUG] [net.minecraftforge.fml.loading.moddiscovery.ModFileInfo/LOADING]: Found valid mod file mcsa-forge-3.1.4+1.19.jar with {mcsa} mods - versions {3.1.4+1.19}
[28Dec2025 23:05:19.856] [main/DEBUG] [net.minecraftforge.fml.loading.moddiscovery.ModFileParser/LOADING]: Considering mod file candidate /home/bryan/Minecraft-Medieval-RPG/mods/medieval_paintings-1.19.2-7.0.jar
[28Dec2025 23:05:19.856] [main/DEBUG] [net.minecraftforge.fml.loading.moddiscovery.ModFileInfo/LOADING]: Found valid mod file medieval_paintings-1.19.2-7.0.jar with {medieval_paintings} mods - versions {7.0}
[28Dec2025 23:05:19.856] [main/DEBUG] [net.minecraftforge.fml.loading.moddiscovery.ModFileParser/LOADING]: Considering mod file candidate /home/bryan/Minecraft-Medieval-RPG/mods/meetyourfight-1.19.2-1.3.4.jar
[28Dec2025 23:05:19.856] [main/DEBUG] [net.minecraftforge.fml.loading.moddiscovery.ModFileInfo/LOADING]: Found valid mod file meetyourfight-1.19.2-1.3.4.jar with {meetyourfight} mods - versions {1.19.2-1.3.4}
[28Dec2025 23:05:19.856] [main/DEBUG] [net.minecraftforge.fml.loading.moddiscovery.ModFileParser/LOADING]: Considering mod file candidate /home/bryan/Minecraft-Medieval-RPG/mods/melody_forge_1.0.1_MC_1.19.2.jar
[28Dec2025 23:05:19.857] [main/DEBUG] [net.minecraftforge.fml.loading.moddiscovery.ModFileInfo/LOADING]: Found valid mod file melody_forge_1.0.1_MC_1.19.2.jar with {melody} mods - versions {1.0.1}
[28Dec2025 23:05:19.857] [main/DEBUG] [net.minecraftforge.fml.loading.moddiscovery.ModFileParser/LOADING]: Considering mod file candidate /home/bryan/Minecraft-Medieval-RPG/mods/memoryleakfix-forge-1.17+-1.0.0.jar
[28Dec2025 23:05:19.857] [main/DEBUG] [net.minecraftforge.fml.loading.moddiscovery.ModFileInfo/LOADING]: Found valid mod file memoryleakfix-forge-1.17+-1.0.0.jar with {memoryleakfix} mods - versions {1.0.0}
[28Dec2025 23:05:19.857] [main/DEBUG] [net.minecraftforge.fml.loading.moddiscovery.ModFileParser/LOADING]: Considering mod file candidate /home/bryan/Minecraft-Medieval-RPG/mods/memorysettings-1.19.2-5.4.jar
[28Dec2025 23:05:19.857] [main/DEBUG] [net.minecraftforge.fml.loading.moddiscovery.ModFileInfo/LOADING]: Found valid mod file memorysettings-1.19.2-5.4.jar with {memorysettings} mods - versions {1.19.2-5.4}
[28Dec2025 23:05:19.866] [main/DEBUG] [net.minecraftforge.fml.loading.moddiscovery.ModFileParser/LOADING]: Considering mod file candidate /home/bryan/Minecraft-Medieval-RPG/mods/minecolonies-1.19.2-1.1.516-BETA.jar
[28Dec2025 23:05:19.867] [main/DEBUG] [net.minecraftforge.fml.loading.moddiscovery.ModFileInfo/LOADING]: Found valid mod file minecolonies-1.19.2-1.1.516-BETA.jar with {minecolonies} mods - versions {1.19.2-1.1.516-BETA}
[28Dec2025 23:05:19.867] [main/DEBUG] [net.minecraftforge.fml.loading.moddiscovery.ModFileParser/LOADING]: Considering mod file candidate /home/bryan/Minecraft-Medieval-RPG/mods/modernfix-forge-5.18.1+mc1.19.2.jar
[28Dec2025 23:05:19.868] [main/DEBUG] [net.minecraftforge.fml.loading.moddiscovery.ModFileInfo/LOADING]: Found valid mod file modernfix-forge-5.18.1+mc1.19.2.jar with {modernfix} mods - versions {5.18.1+mc1.19.2}
[28Dec2025 23:05:19.869] [main/DEBUG] [net.minecraftforge.fml.loading.moddiscovery.ModFileParser/LOADING]: Considering mod file candidate /home/bryan/Minecraft-Medieval-RPG/mods/moonlight-1.19.2-2.3.7-forge.jar
[28Dec2025 23:05:19.870] [main/DEBUG] [net.minecraftforge.fml.loading.moddiscovery.ModFileInfo/LOADING]: Found valid mod file moonlight-1.19.2-2.3.7-forge.jar with {moonlight} mods - versions {1.19.2-2.3.7}
[28Dec2025 23:05:19.870] [main/DEBUG] [net.minecraftforge.fml.loading.moddiscovery.ModFileParser/LOADING]: Considering mod file candidate /home/bryan/Minecraft-Medieval-RPG/mods/morevillagers-forge-1.19-4.0.3.jar
[28Dec2025 23:05:19.870] [main/DEBUG] [net.minecraftforge.fml.loading.moddiscovery.ModFileInfo/LOADING]: Found valid mod file morevillagers-forge-1.19-4.0.3.jar with {morevillagers} mods - versions {4.0.3}
[28Dec2025 23:05:19.870] [main/DEBUG] [net.minecraftforge.fml.loading.moddiscovery.ModFileParser/LOADING]: Considering mod file candidate /home/bryan/Minecraft-Medieval-RPG/mods/MouseTweaks-forge-mc1.19-2.23.jar
[28Dec2025 23:05:19.871] [main/DEBUG] [net.minecraftforge.fml.loading.moddiscovery.ModFileInfo/LOADING]: Found valid mod file MouseTweaks-forge-mc1.19-2.23.jar with {mousetweaks} mods - versions {2.23}
[28Dec2025 23:05:19.871] [main/DEBUG] [net.minecraftforge.fml.loading.moddiscovery.ModFileParser/LOADING]: Considering mod file candidate /home/bryan/Minecraft-Medieval-RPG/mods/mowziesmobs-1.6.3.jar
[28Dec2025 23:05:19.871] [main/DEBUG] [net.minecraftforge.fml.loading.moddiscovery.ModFileInfo/LOADING]: Found valid mod file mowziesmobs-1.6.3.jar with {mowziesmobs} mods - versions {1.6.3}
[28Dec2025 23:05:19.871] [main/DEBUG] [net.minecraftforge.fml.loading.moddiscovery.ModFileParser/LOADING]: Considering mod file candidate /home/bryan/Minecraft-Medieval-RPG/mods/multipiston-1.19.2-1.2.25-ALPHA.jar
[28Dec2025 23:05:19.872] [main/DEBUG] [net.minecraftforge.fml.loading.moddiscovery.ModFileInfo/LOADING]: Found valid mod file multipiston-1.19.2-1.2.25-ALPHA.jar with {multipiston} mods - versions {1.19.2-1.2.25-ALPHA}
[28Dec2025 23:05:19.875] [main/DEBUG] [net.minecraftforge.fml.loading.moddiscovery.ModFileParser/LOADING]: Considering mod file candidate /home/bryan/Minecraft-Medieval-RPG/mods/MutantMonsters-v4.0.6-1.19.2-Forge.jar
[28Dec2025 23:05:19.875] [main/DEBUG] [net.minecraftforge.fml.loading.moddiscovery.ModFileInfo/LOADING]: Found valid mod file MutantMonsters-v4.0.6-1.19.2-Forge.jar with {mutantmonsters} mods - versions {4.0.6}
[28Dec2025 23:05:19.875] [main/DEBUG] [net.minecraftforge.fml.loading.moddiscovery.ModFileParser/LOADING]: Considering mod file candidate /home/bryan/Minecraft-Medieval-RPG/mods/MyServerIsCompatible-1.19-1.0.jar
[28Dec2025 23:05:19.875] [main/DEBUG] [net.minecraftforge.fml.loading.moddiscovery.ModFileInfo/LOADING]: Found valid mod file MyServerIsCompatible-1.19-1.0.jar with {myserveriscompatible} mods - versions {1.0}
[28Dec2025 23:05:19.876] [main/DEBUG] [net.minecraftforge.fml.loading.moddiscovery.ModFileParser/LOADING]: Considering mod file candidate /home/bryan/Minecraft-Medieval-RPG/mods/Mythic-Origins-1.19.x-1.0.0.jar
[28Dec2025 23:05:19.876] [main/DEBUG] [net.minecraftforge.fml.loading.moddiscovery.ModFileInfo/LOADING]: Found valid mod file Mythic-Origins-1.19.x-1.0.0.jar with {mythic} mods - versions {1.0.0}
[28Dec2025 23:05:19.876] [main/DEBUG] [net.minecraftforge.fml.loading.moddiscovery.ModFileParser/LOADING]: Considering mod file candidate /home/bryan/Minecraft-Medieval-RPG/mods/NaturesCompass-1.19.2-1.10.0-forge.jar
[28Dec2025 23:05:19.876] [main/DEBUG] [net.minecraftforge.fml.loading.moddiscovery.ModFileInfo/LOADING]: Found valid mod file NaturesCompass-1.19.2-1.10.0-forge.jar with {naturescompass} mods - versions {1.19.2-1.10.0-forge}
[28Dec2025 23:05:19.877] [main/DEBUG] [net.minecraftforge.fml.loading.moddiscovery.ModFileParser/LOADING]: Considering mod file candidate /home/bryan/Minecraft-Medieval-RPG/mods/Necronomicon-Forge-1.4.2.jar
[28Dec2025 23:05:19.877] [main/DEBUG] [net.minecraftforge.fml.loading.moddiscovery.ModFileInfo/LOADING]: Found valid mod file Necronomicon-Forge-1.4.2.jar with {necronomicon} mods - versions {1.4.2}
[28Dec2025 23:05:19.877] [main/DEBUG] [net.minecraftforge.fml.loading.moddiscovery.ModFileParser/LOADING]: Considering mod file candidate /home/bryan/Minecraft-Medieval-RPG/mods/nerb-1.19.2-0.3-FORGE.jar
[28Dec2025 23:05:19.877] [main/DEBUG] [net.minecraftforge.fml.loading.moddiscovery.ModFileInfo/LOADING]: Found valid mod file nerb-1.19.2-0.3-FORGE.jar with {nerb} mods - versions {0.3}
[28Dec2025 23:05:19.877] [main/DEBUG] [net.minecraftforge.fml.loading.moddiscovery.ModFileParser/LOADING]: Considering mod file candidate /home/bryan/Minecraft-Medieval-RPG/mods/NethersDelight-1.19-3.1.jar
[28Dec2025 23:05:19.878] [main/DEBUG] [net.minecraftforge.fml.loading.moddiscovery.ModFileInfo/LOADING]: Found valid mod file NethersDelight-1.19-3.1.jar with {nethersdelight} mods - versions {1.19-3.1}
[28Dec2025 23:05:19.879] [main/DEBUG] [net.minecraftforge.fml.loading.moddiscovery.ModFileParser/LOADING]: Considering mod file candidate /home/bryan/Minecraft-Medieval-RPG/mods/NightConfigFixes-v4.0.7-1.19.2-Forge.jar
[28Dec2025 23:05:19.879] [main/DEBUG] [net.minecraftforge.fml.loading.moddiscovery.ModFileInfo/LOADING]: Found valid mod file NightConfigFixes-v4.0.7-1.19.2-Forge.jar with {nightconfigfixes} mods - versions {4.0.7}
[28Dec2025 23:05:19.879] [main/DEBUG] [net.minecraftforge.fml.loading.moddiscovery.ModFileParser/LOADING]: Considering mod file candidate /home/bryan/Minecraft-Medieval-RPG/mods/noisium-1.0.2.jar
[28Dec2025 23:05:19.879] [main/DEBUG] [net.minecraftforge.fml.loading.moddiscovery.ModFileInfo/LOADING]: Found valid mod file noisium-1.0.2.jar with {noisium} mods - versions {1.0.2}
[28Dec2025 23:05:19.879] [main/DEBUG] [net.minecraftforge.fml.loading.moddiscovery.ModFileParser/LOADING]: Considering mod file candidate /home/bryan/Minecraft-Medieval-RPG/mods/obscure_api-15.jar
[28Dec2025 23:05:19.881] [main/DEBUG] [net.minecraftforge.fml.loading.moddiscovery.ModFileInfo/LOADING]: Found valid mod file obscure_api-15.jar with {obscure_api} mods - versions {15}
[28Dec2025 23:05:19.881] [main/DEBUG] [net.minecraftforge.fml.loading.moddiscovery.ModFileParser/LOADING]: Considering mod file candidate /home/bryan/Minecraft-Medieval-RPG/mods/octolib-1.19.2-0.3.jar
[28Dec2025 23:05:19.881] [main/DEBUG] [net.minecraftforge.fml.loading.moddiscovery.ModFileInfo/LOADING]: Found valid mod file octolib-1.19.2-0.3.jar with {octolib} mods - versions {0.3}
[28Dec2025 23:05:19.887] [main/DEBUG] [net.minecraftforge.fml.loading.moddiscovery.ModFileParser/LOADING]: Considering mod file candidate /home/bryan/Minecraft-Medieval-RPG/mods/Oh_The_Biomes_You'll_Go-forge-1.19.2-2.0.1.6.jar
[28Dec2025 23:05:19.888] [main/DEBUG] [net.minecraftforge.fml.loading.moddiscovery.ModFileInfo/LOADING]: Found valid mod file Oh_The_Biomes_You'll_Go-forge-1.19.2-2.0.1.6.jar with {byg} mods - versions {2.0.1.6}
[28Dec2025 23:05:19.888] [main/DEBUG] [net.minecraftforge.fml.loading.moddiscovery.ModFileParser/LOADING]: Considering mod file candidate /home/bryan/Minecraft-Medieval-RPG/mods/open-parties-and-claims-forge-1.19.2-0.23.7.jar
[28Dec2025 23:05:19.888] [main/DEBUG] [net.minecraftforge.fml.loading.moddiscovery.ModFileInfo/LOADING]: Found valid mod file open-parties-and-claims-forge-1.19.2-0.23.7.jar with {openpartiesandclaims} mods - versions {0.23.7}
[28Dec2025 23:05:19.889] [main/DEBUG] [net.minecraftforge.fml.loading.moddiscovery.ModFileParser/LOADING]: Considering mod file candidate /home/bryan/Minecraft-Medieval-RPG/mods/origins-accessbilities-1.19.2-1.1.1.jar
[28Dec2025 23:05:19.889] [main/DEBUG] [net.minecraftforge.fml.loading.moddiscovery.ModFileInfo/LOADING]: Found valid mod file origins-accessbilities-1.19.2-1.1.1.jar with {oriacs} mods - versions {1.1.0}
[28Dec2025 23:05:19.889] [main/DEBUG] [net.minecraftforge.fml.loading.moddiscovery.ModFileParser/LOADING]: Considering mod file candidate /home/bryan/Minecraft-Medieval-RPG/mods/origins-classes-forge-1.2.1.jar
[28Dec2025 23:05:19.889] [main/DEBUG] [net.minecraftforge.fml.loading.moddiscovery.ModFileInfo/LOADING]: Found valid mod file origins-classes-forge-1.2.1.jar with {origins_classes} mods - versions {1.2.1}
[28Dec2025 23:05:19.890] [main/DEBUG] [net.minecraftforge.fml.loading.moddiscovery.ModFileParser/LOADING]: Considering mod file candidate /home/bryan/Minecraft-Medieval-RPG/mods/origins-forge-1.19.2-1.7.1.7-all.jar
[28Dec2025 23:05:19.890] [main/DEBUG] [net.minecraftforge.fml.loading.moddiscovery.ModFileInfo/LOADING]: Found valid mod file origins-forge-1.19.2-1.7.1.7-all.jar with {origins} mods - versions {1.19.2-1.7.1.7}
[28Dec2025 23:05:19.891] [main/DEBUG] [net.minecraftforge.fml.loading.moddiscovery.ModFileParser/LOADING]: Considering mod file candidate /home/bryan/Minecraft-Medieval-RPG/mods/OverflowingBars-v4.0.1-1.19.2-Forge.jar
[28Dec2025 23:05:19.891] [main/DEBUG] [net.minecraftforge.fml.loading.moddiscovery.ModFileInfo/LOADING]: Found valid mod file OverflowingBars-v4.0.1-1.19.2-Forge.jar with {overflowingbars} mods - versions {4.0.1}
[28Dec2025 23:05:19.892] [main/DEBUG] [net.minecraftforge.fml.loading.moddiscovery.ModFileParser/LOADING]: Considering mod file candidate /home/bryan/Minecraft-Medieval-RPG/mods/packetfixer-3.1.4-1.18-1.20.4-merged.jar
[28Dec2025 23:05:19.892] [main/DEBUG] [net.minecraftforge.fml.loading.moddiscovery.ModFileInfo/LOADING]: Found valid mod file packetfixer-3.1.4-1.18-1.20.4-merged.jar with {packetfixer} mods - versions {3.1.4}
[28Dec2025 23:05:19.893] [main/DEBUG] [net.minecraftforge.fml.loading.moddiscovery.ModFileParser/LOADING]: Considering mod file candidate /home/bryan/Minecraft-Medieval-RPG/mods/PassiveSkillTree-1.19.2-BETA-0.6.14b-all.jar
[28Dec2025 23:05:19.894] [main/DEBUG] [net.minecraftforge.fml.loading.moddiscovery.ModFileInfo/LOADING]: Found valid mod file PassiveSkillTree-1.19.2-BETA-0.6.14b-all.jar with {skilltree} mods - versions {0.6.14b}
[28Dec2025 23:05:19.894] [main/DEBUG] [net.minecraftforge.fml.loading.moddiscovery.ModFileParser/LOADING]: Considering mod file candidate /home/bryan/Minecraft-Medieval-RPG/mods/Patchouli-1.19.2-77.jar
[28Dec2025 23:05:19.894] [main/DEBUG] [net.minecraftforge.fml.loading.moddiscovery.ModFileInfo/LOADING]: Found valid mod file Patchouli-1.19.2-77.jar with {patchouli} mods - versions {1.19.2-77}
[28Dec2025 23:05:19.894] [main/DEBUG] [net.minecraftforge.fml.loading.moddiscovery.ModFileParser/LOADING]: Considering mod file candidate /home/bryan/Minecraft-Medieval-RPG/mods/Paxi-1.19.2-Forge-3.0.1.jar
[28Dec2025 23:05:19.894] [main/DEBUG] [net.minecraftforge.fml.loading.moddiscovery.ModFileInfo/LOADING]: Found valid mod file Paxi-1.19.2-Forge-3.0.1.jar with {paxi} mods - versions {1.19.2-Forge-3.0.1}
[28Dec2025 23:05:19.895] [main/DEBUG] [net.minecraftforge.fml.loading.moddiscovery.ModFileParser/LOADING]: Considering mod file candidate /home/bryan/Minecraft-Medieval-RPG/mods/Pehkui-3.8.2+1.19.2-forge.jar
[28Dec2025 23:05:19.895] [main/DEBUG] [net.minecraftforge.fml.loading.moddiscovery.ModFileInfo/LOADING]: Found valid mod file Pehkui-3.8.2+1.19.2-forge.jar with {pehkui} mods - versions {3.8.2+1.19.2-forge}
[28Dec2025 23:05:19.895] [main/DEBUG] [net.minecraftforge.fml.loading.moddiscovery.ModFileParser/LOADING]: Considering mod file candidate /home/bryan/Minecraft-Medieval-RPG/mods/Placebo-1.19.2-7.4.1.jar
[28Dec2025 23:05:19.896] [main/DEBUG] [net.minecraftforge.fml.loading.moddiscovery.ModFileInfo/LOADING]: Found valid mod file Placebo-1.19.2-7.4.1.jar with {placebo} mods - versions {7.4.1}
[28Dec2025 23:05:19.896] [main/DEBUG] [net.minecraftforge.fml.loading.moddiscovery.ModFileParser/LOADING]: Considering mod file candidate /home/bryan/Minecraft-Medieval-RPG/mods/player-animation-lib-forge-1.0.2.jar
[28Dec2025 23:05:19.896] [main/DEBUG] [net.minecraftforge.fml.loading.moddiscovery.ModFileInfo/LOADING]: Found valid mod file player-animation-lib-forge-1.0.2.jar with {playeranimator} mods - versions {1.0.2}
[28Dec2025 23:05:19.896] [main/DEBUG] [net.minecraftforge.fml.loading.moddiscovery.ModFileParser/LOADING]: Considering mod file candidate /home/bryan/Minecraft-Medieval-RPG/mods/pluto-mc1.19.2-0.0.9.jar
[28Dec2025 23:05:19.897] [main/DEBUG] [net.minecraftforge.fml.loading.moddiscovery.ModFileInfo/LOADING]: Found valid mod file pluto-mc1.19.2-0.0.9.jar with {pluto} mods - versions {0.0.9}
[28Dec2025 23:05:19.897] [main/DEBUG] [net.minecraftforge.fml.loading.moddiscovery.ModFileParser/LOADING]: Considering mod file candidate /home/bryan/Minecraft-Medieval-RPG/mods/polymorph-forge-0.46.6+1.19.2.jar
[28Dec2025 23:05:19.897] [main/DEBUG] [net.minecraftforge.fml.loading.moddiscovery.ModFileInfo/LOADING]: Found valid mod file polymorph-forge-0.46.6+1.19.2.jar with {polymorph} mods - versions {0.46.6+1.19.2}
[28Dec2025 23:05:19.898] [main/DEBUG] [net.minecraftforge.fml.loading.moddiscovery.ModFileParser/LOADING]: Considering mod file candidate /home/bryan/Minecraft-Medieval-RPG/mods/Prism-1.19.1-1.0.2.jar
[28Dec2025 23:05:19.898] [main/DEBUG] [net.minecraftforge.fml.loading.moddiscovery.ModFileInfo/LOADING]: Found valid mod file Prism-1.19.1-1.0.2.jar with {prism} mods - versions {1.0.2}
[28Dec2025 23:05:19.899] [main/DEBUG] [net.minecraftforge.fml.loading.moddiscovery.ModFileParser/LOADING]: Considering mod file candidate /home/bryan/Minecraft-Medieval-RPG/mods/ProgressiveBosses-3.7.6-mc1.19.2.jar
[28Dec2025 23:05:19.900] [main/DEBUG] [net.minecraftforge.fml.loading.moddiscovery.ModFileInfo/LOADING]: Found valid mod file ProgressiveBosses-3.7.6-mc1.19.2.jar with {progressivebosses} mods - versions {3.7.6}
[28Dec2025 23:05:19.901] [main/DEBUG] [net.minecraftforge.fml.loading.moddiscovery.ModFileParser/LOADING]: Considering mod file candidate /home/bryan/Minecraft-Medieval-RPG/mods/PuzzlesLib-v4.4.3-1.19.2-Forge.jar
[28Dec2025 23:05:19.902] [main/DEBUG] [net.minecraftforge.fml.loading.moddiscovery.ModFileInfo/LOADING]: Found valid mod file PuzzlesLib-v4.4.3-1.19.2-Forge.jar with {puzzleslib} mods - versions {4.4.3}
[28Dec2025 23:05:19.905] [main/DEBUG] [net.minecraftforge.fml.loading.moddiscovery.ModFileParser/LOADING]: Considering mod file candidate /home/bryan/Minecraft-Medieval-RPG/mods/Quark-3.4-418.jar
[28Dec2025 23:05:19.905] [main/DEBUG] [net.minecraftforge.fml.loading.moddiscovery.ModFileInfo/LOADING]: Found valid mod file Quark-3.4-418.jar with {quark} mods - versions {3.4-418}
[28Dec2025 23:05:19.905] [main/DEBUG] [net.minecraftforge.fml.loading.moddiscovery.ModFileParser/LOADING]: Considering mod file candidate /home/bryan/Minecraft-Medieval-RPG/mods/Raided-1.19.2-0.1.4.jar
[28Dec2025 23:05:19.906] [main/DEBUG] [net.minecraftforge.fml.loading.moddiscovery.ModFileInfo/LOADING]: Found valid mod file Raided-1.19.2-0.1.4.jar with {raided} mods - versions {0.1.4}
[28Dec2025 23:05:19.906] [main/DEBUG] [net.minecraftforge.fml.loading.moddiscovery.ModFileParser/LOADING]: Considering mod file candidate /home/bryan/Minecraft-Medieval-RPG/mods/recipeessentials-1.19.2-3.5.jar
[28Dec2025 23:05:19.907] [main/DEBUG] [net.minecraftforge.fml.loading.moddiscovery.ModFileInfo/LOADING]: Found valid mod file recipeessentials-1.19.2-3.5.jar with {recipeessentials} mods - versions {1.19.2-3.5}
[28Dec2025 23:05:19.908] [main/DEBUG] [net.minecraftforge.fml.loading.moddiscovery.ModFileParser/LOADING]: Considering mod file candidate /home/bryan/Minecraft-Medieval-RPG/mods/relics-1.19.2-0.6.2.5.jar
[28Dec2025 23:05:19.908] [main/DEBUG] [net.minecraftforge.fml.loading.moddiscovery.ModFileInfo/LOADING]: Found valid mod file relics-1.19.2-0.6.2.5.jar with {relics} mods - versions {0.6.2.5}
[28Dec2025 23:05:19.911] [main/DEBUG] [net.minecraftforge.fml.loading.moddiscovery.ModFileParser/LOADING]: Considering mod file candidate /home/bryan/Minecraft-Medieval-RPG/mods/repurposed_structures_forge-6.3.29+1.19.2.jar
[28Dec2025 23:05:19.911] [main/DEBUG] [net.minecraftforge.fml.loading.moddiscovery.ModFileInfo/LOADING]: Found valid mod file repurposed_structures_forge-6.3.29+1.19.2.jar with {repurposed_structures} mods - versions {6.3.29+1.19.2}
[28Dec2025 23:05:19.912] [main/DEBUG] [net.minecraftforge.fml.loading.moddiscovery.ModFileParser/LOADING]: Considering mod file candidate /home/bryan/Minecraft-Medieval-RPG/mods/rhino-forge-1902.2.3-build.284.jar
[28Dec2025 23:05:19.912] [main/DEBUG] [net.minecraftforge.fml.loading.moddiscovery.ModFileInfo/LOADING]: Found valid mod file rhino-forge-1902.2.3-build.284.jar with {rhino} mods - versions {1902.2.3-build.284}
[28Dec2025 23:05:19.912] [main/DEBUG] [net.minecraftforge.fml.loading.moddiscovery.ModFileParser/LOADING]: Considering mod file candidate /home/bryan/Minecraft-Medieval-RPG/mods/right-click-harvest-3.2.3+1.19.2-forge.jar
[28Dec2025 23:05:19.912] [main/DEBUG] [net.minecraftforge.fml.loading.moddiscovery.ModFileInfo/LOADING]: Found valid mod file right-click-harvest-3.2.3+1.19.2-forge.jar with {rightclickharvest} mods - versions {3.2.3+1.19.2-forge}
[28Dec2025 23:05:19.913] [main/DEBUG] [net.minecraftforge.fml.loading.moddiscovery.ModFileParser/LOADING]: Considering mod file candidate /home/bryan/Minecraft-Medieval-RPG/mods/RingsOfAscension-1.19-1.0.1.jar
[28Dec2025 23:05:19.913] [main/DEBUG] [net.minecraftforge.fml.loading.moddiscovery.ModFileInfo/LOADING]: Found valid mod file RingsOfAscension-1.19-1.0.1.jar with {ringsofascension} mods - versions {1.0.0}
[28Dec2025 23:05:19.913] [main/DEBUG] [net.minecraftforge.fml.loading.moddiscovery.ModFileParser/LOADING]: Considering mod file candidate /home/bryan/Minecraft-Medieval-RPG/mods/royal_variations_[Forge]_1.19.2_1.0.jar
[28Dec2025 23:05:19.913] [main/DEBUG] [net.minecraftforge.fml.loading.moddiscovery.ModFileInfo/LOADING]: Found valid mod file royal_variations_[Forge]_1.19.2_1.0.jar with {royalvariations} mods - versions {1.0.0}
[28Dec2025 23:05:19.914] [main/DEBUG] [net.minecraftforge.fml.loading.moddiscovery.ModFileParser/LOADING]: Considering mod file candidate /home/bryan/Minecraft-Medieval-RPG/mods/rubidium-mc1.19.2-0.6.2c.jar
[28Dec2025 23:05:19.914] [main/DEBUG] [net.minecraftforge.fml.loading.moddiscovery.ModFileInfo/LOADING]: Found valid mod file rubidium-mc1.19.2-0.6.2c.jar with {rubidium} mods - versions {0.6.2c}
[28Dec2025 23:05:19.914] [main/DEBUG] [net.minecraftforge.fml.loading.moddiscovery.ModFileParser/LOADING]: Considering mod file candidate /home/bryan/Minecraft-Medieval-RPG/mods/rubidium_extras-1.19.2_v1.4.3.jar
[28Dec2025 23:05:19.914] [main/DEBUG] [net.minecraftforge.fml.loading.moddiscovery.ModFileInfo/LOADING]: Found valid mod file rubidium_extras-1.19.2_v1.4.3.jar with {rubidium_extras} mods - versions {1.19.2_v1.4.3}
[28Dec2025 23:05:19.915] [main/DEBUG] [net.minecraftforge.fml.loading.moddiscovery.ModFileParser/LOADING]: Considering mod file candidate /home/bryan/Minecraft-Medieval-RPG/mods/saturn-mc1.19.2-0.1.4.jar
[28Dec2025 23:05:19.915] [main/DEBUG] [net.minecraftforge.fml.loading.moddiscovery.ModFileInfo/LOADING]: Found valid mod file saturn-mc1.19.2-0.1.4.jar with {saturn} mods - versions {0.1.4}
[28Dec2025 23:05:19.916] [main/DEBUG] [net.minecraftforge.fml.loading.moddiscovery.ModFileParser/LOADING]: Considering mod file candidate /home/bryan/Minecraft-Medieval-RPG/mods/savage_and_ravage-1.19.2-5.0.5.jar
[28Dec2025 23:05:19.917] [main/DEBUG] [net.minecraftforge.fml.loading.moddiscovery.ModFileInfo/LOADING]: Found valid mod file savage_and_ravage-1.19.2-5.0.5.jar with {savage_and_ravage} mods - versions {5.0.5}
[28Dec2025 23:05:19.917] [main/DEBUG] [net.minecraftforge.fml.loading.moddiscovery.ModFileParser/LOADING]: Considering mod file candidate /home/bryan/Minecraft-Medieval-RPG/mods/servercore-forge-1.3.6+1.19.2.jar
[28Dec2025 23:05:19.917] [main/DEBUG] [net.minecraftforge.fml.loading.moddiscovery.ModFileInfo/LOADING]: Found valid mod file servercore-forge-1.3.6+1.19.2.jar with {servercore} mods - versions {1.3.6+1.19.2}
[28Dec2025 23:05:19.917] [main/DEBUG] [net.minecraftforge.fml.loading.moddiscovery.ModFileParser/LOADING]: Considering mod file candidate /home/bryan/Minecraft-Medieval-RPG/mods/shadowizardlib-1.19.2-1.0.8.jar
[28Dec2025 23:05:19.918] [main/DEBUG] [net.minecraftforge.fml.loading.moddiscovery.ModFileInfo/LOADING]: Found valid mod file shadowizardlib-1.19.2-1.0.8.jar with {shadowizardlib} mods - versions {1.19.2-1.0.8}
[28Dec2025 23:05:19.918] [main/DEBUG] [net.minecraftforge.fml.loading.moddiscovery.ModFileParser/LOADING]: Considering mod file candidate /home/bryan/Minecraft-Medieval-RPG/mods/SimpleRPC-4.0.4.jar
[28Dec2025 23:05:19.919] [main/DEBUG] [net.minecraftforge.fml.loading.moddiscovery.ModFileInfo/LOADING]: Found valid mod file SimpleRPC-4.0.4.jar with {simplerpc} mods - versions {4.0.4}
[28Dec2025 23:05:19.921] [main/DEBUG] [net.minecraftforge.fml.loading.moddiscovery.ModFileParser/LOADING]: Considering mod file candidate /home/bryan/Minecraft-Medieval-RPG/mods/simplyswords-forge-1.47.0-1.19.2.jar
[28Dec2025 23:05:19.921] [main/DEBUG] [net.minecraftforge.fml.loading.moddiscovery.ModFileInfo/LOADING]: Found valid mod file simplyswords-forge-1.47.0-1.19.2.jar with {simplyswords} mods - versions {1.47.0-1.19.2}
[28Dec2025 23:05:19.921] [main/DEBUG] [net.minecraftforge.fml.loading.moddiscovery.ModFileParser/LOADING]: Considering mod file candidate /home/bryan/Minecraft-Medieval-RPG/mods/SkyVillages-1.0.3-1.19.2-1.20.x-forge-release.jar
[28Dec2025 23:05:19.922] [main/DEBUG] [net.minecraftforge.fml.loading.moddiscovery.ModFileInfo/LOADING]: Found valid mod file SkyVillages-1.0.3-1.19.2-1.20.x-forge-release.jar with {skyvillages} mods - versions {1.0.3}
[28Dec2025 23:05:19.922] [main/DEBUG] [net.minecraftforge.fml.loading.moddiscovery.ModFileParser/LOADING]: Considering mod file candidate /home/bryan/Minecraft-Medieval-RPG/mods/smallships-forge-1.19.2-2.0.0-b1.3.1.jar
[28Dec2025 23:05:19.923] [main/DEBUG] [net.minecraftforge.fml.loading.moddiscovery.ModFileInfo/LOADING]: Found valid mod file smallships-forge-1.19.2-2.0.0-b1.3.1.jar with {smallships} mods - versions {2.0.0-b1.3.1}
[28Dec2025 23:05:19.923] [main/DEBUG] [net.minecraftforge.fml.loading.moddiscovery.ModFileParser/LOADING]: Considering mod file candidate /home/bryan/Minecraft-Medieval-RPG/mods/smoothboot(reloaded)-mc1.19.2-0.0.4.jar
[28Dec2025 23:05:19.923] [main/DEBUG] [net.minecraftforge.fml.loading.moddiscovery.ModFileInfo/LOADING]: Found valid mod file smoothboot(reloaded)-mc1.19.2-0.0.4.jar with {smoothboot} mods - versions {0.0.4}
[28Dec2025 23:05:19.923] [main/DEBUG] [net.minecraftforge.fml.loading.moddiscovery.ModFileParser/LOADING]: Considering mod file candidate /home/bryan/Minecraft-Medieval-RPG/mods/solapplepie-1.19.2-2.2.0.jar
[28Dec2025 23:05:19.924] [main/DEBUG] [net.minecraftforge.fml.loading.moddiscovery.ModFileInfo/LOADING]: Found valid mod file solapplepie-1.19.2-2.2.0.jar with {solapplepie} mods - versions {1.19.2-2.2.0}
[28Dec2025 23:05:19.924] [main/DEBUG] [net.minecraftforge.fml.loading.moddiscovery.ModFileParser/LOADING]: Considering mod file candidate /home/bryan/Minecraft-Medieval-RPG/mods/sons-of-sins-1.19.2-2.1.6.jar
[28Dec2025 23:05:19.924] [main/DEBUG] [net.minecraftforge.fml.loading.moddiscovery.ModFileInfo/LOADING]: Found valid mod file sons-of-sins-1.19.2-2.1.6.jar with {sons_of_sins} mods - versions {2.1.6}
[28Dec2025 23:05:19.926] [main/DEBUG] [net.minecraftforge.fml.loading.moddiscovery.ModFileParser/LOADING]: Considering mod file candidate /home/bryan/Minecraft-Medieval-RPG/mods/sophisticatedbackpacks-1.19.2-3.20.2.1035.jar
[28Dec2025 23:05:19.926] [main/DEBUG] [net.minecraftforge.fml.loading.moddiscovery.ModFileInfo/LOADING]: Found valid mod file sophisticatedbackpacks-1.19.2-3.20.2.1035.jar with {sophisticatedbackpacks} mods - versions {1.19.2-3.20.2.1035}
[28Dec2025 23:05:19.926] [main/DEBUG] [net.minecraftforge.fml.loading.moddiscovery.ModFileParser/LOADING]: Considering mod file candidate /home/bryan/Minecraft-Medieval-RPG/mods/sophisticatedcore-1.19.2-0.6.4.730.jar
[28Dec2025 23:05:19.927] [main/DEBUG] [net.minecraftforge.fml.loading.moddiscovery.ModFileInfo/LOADING]: Found valid mod file sophisticatedcore-1.19.2-0.6.4.730.jar with {sophisticatedcore} mods - versions {1.19.2-0.6.4.730}
[28Dec2025 23:05:19.927] [main/DEBUG] [net.minecraftforge.fml.loading.moddiscovery.ModFileParser/LOADING]: Considering mod file candidate /home/bryan/Minecraft-Medieval-RPG/mods/stalwart-dungeons-1.19.2-1.2.8.jar
[28Dec2025 23:05:19.927] [main/DEBUG] [net.minecraftforge.fml.loading.moddiscovery.ModFileInfo/LOADING]: Found valid mod file stalwart-dungeons-1.19.2-1.2.8.jar with {stalwart_dungeons} mods - versions {1.2.8}
[28Dec2025 23:05:19.927] [main/DEBUG] [net.minecraftforge.fml.loading.moddiscovery.ModFileParser/LOADING]: Considering mod file candidate /home/bryan/Minecraft-Medieval-RPG/mods/starlight-1.1.1+forge.cf5b10b.jar
[28Dec2025 23:05:19.928] [main/DEBUG] [net.minecraftforge.fml.loading.moddiscovery.ModFileInfo/LOADING]: Found valid mod file starlight-1.1.1+forge.cf5b10b.jar with {starlight} mods - versions {1.1.1+forge.a3aea74}
[28Dec2025 23:05:19.928] [main/DEBUG] [net.minecraftforge.fml.loading.moddiscovery.ModFileParser/LOADING]: Considering mod file candidate /home/bryan/Minecraft-Medieval-RPG/mods/StorageDrawers-1.19.2-11.4.1.jar
[28Dec2025 23:05:19.928] [main/DEBUG] [net.minecraftforge.fml.loading.moddiscovery.ModFileInfo/LOADING]: Found valid mod file StorageDrawers-1.19.2-11.4.1.jar with {storagedrawers} mods - versions {11.4.1}
[28Dec2025 23:05:19.929] [main/DEBUG] [net.minecraftforge.fml.loading.moddiscovery.ModFileParser/LOADING]: Considering mod file candidate /home/bryan/Minecraft-Medieval-RPG/mods/strictly_origins_v9.2.1_1.19.2.jar
[28Dec2025 23:05:19.929] [main/DEBUG] [net.minecraftforge.fml.loading.moddiscovery.ModFileInfo/LOADING]: Found valid mod file strictly_origins_v9.2.1_1.19.2.jar with {strictly_origins} mods - versions {8}
[28Dec2025 23:05:19.929] [main/DEBUG] [net.minecraftforge.fml.loading.moddiscovery.ModFileParser/LOADING]: Considering mod file candidate /home/bryan/Minecraft-Medieval-RPG/mods/Structory_1.19.3_v1.3.1a.jar
[28Dec2025 23:05:19.929] [main/DEBUG] [net.minecraftforge.fml.loading.moddiscovery.ModFileInfo/LOADING]: Found valid mod file Structory_1.19.3_v1.3.1a.jar with {structory} mods - versions {1.3.1a}
[28Dec2025 23:05:19.929] [main/DEBUG] [net.minecraftforge.fml.loading.moddiscovery.ModFileParser/LOADING]: Considering mod file candidate /home/bryan/Minecraft-Medieval-RPG/mods/Structory_Towers_1.19.3_v1.0.2.jar
[28Dec2025 23:05:19.930] [main/DEBUG] [net.minecraftforge.fml.loading.moddiscovery.ModFileInfo/LOADING]: Found valid mod file Structory_Towers_1.19.3_v1.0.2.jar with {structorytowers} mods - versions {1.0.2}
[28Dec2025 23:05:19.931] [main/DEBUG] [net.minecraftforge.fml.loading.moddiscovery.ModFileParser/LOADING]: Considering mod file candidate /home/bryan/Minecraft-Medieval-RPG/mods/structure_gel-1.19.2-2.7.3.jar
[28Dec2025 23:05:19.932] [main/DEBUG] [net.minecraftforge.fml.loading.moddiscovery.ModFileInfo/LOADING]: Found valid mod file structure_gel-1.19.2-2.7.3.jar with {structure_gel} mods - versions {2.7.3}
[28Dec2025 23:05:19.932] [main/DEBUG] [net.minecraftforge.fml.loading.moddiscovery.ModFileParser/LOADING]: Considering mod file candidate /home/bryan/Minecraft-Medieval-RPG/mods/structureessentials-1.19.2-3.2.jar
[28Dec2025 23:05:19.932] [main/DEBUG] [net.minecraftforge.fml.loading.moddiscovery.ModFileInfo/LOADING]: Found valid mod file structureessentials-1.19.2-3.2.jar with {structureessentials} mods - versions {1.19.2-3.2}
[28Dec2025 23:05:19.932] [main/DEBUG] [net.minecraftforge.fml.loading.moddiscovery.ModFileParser/LOADING]: Considering mod file candidate /home/bryan/Minecraft-Medieval-RPG/mods/structurize-1.19.2-1.0.689-RELEASE.jar
[28Dec2025 23:05:19.933] [main/DEBUG] [net.minecraftforge.fml.loading.moddiscovery.ModFileInfo/LOADING]: Found valid mod file structurize-1.19.2-1.0.689-RELEASE.jar with {structurize} mods - versions {1.19.2-1.0.689-RELEASE}
[28Dec2025 23:05:19.935] [main/DEBUG] [net.minecraftforge.fml.loading.moddiscovery.ModFileParser/LOADING]: Considering mod file candidate /home/bryan/Minecraft-Medieval-RPG/mods/stylecolonies-1.2.2.jar
[28Dec2025 23:05:19.935] [main/DEBUG] [net.minecraftforge.fml.loading.moddiscovery.ModFileInfo/LOADING]: Found valid mod file stylecolonies-1.2.2.jar with {stylecolonies} mods - versions {1.2.2}
[28Dec2025 23:05:19.938] [main/DEBUG] [net.minecraftforge.fml.loading.moddiscovery.ModFileParser/LOADING]: Considering mod file candidate /home/bryan/Minecraft-Medieval-RPG/mods/supplementaries-1.19.2-2.4.20.jar
[28Dec2025 23:05:19.938] [main/DEBUG] [net.minecraftforge.fml.loading.moddiscovery.ModFileInfo/LOADING]: Found valid mod file supplementaries-1.19.2-2.4.20.jar with {supplementaries} mods - versions {1.19.2-2.4.20}
[28Dec2025 23:05:19.939] [main/DEBUG] [net.minecraftforge.fml.loading.moddiscovery.ModFileParser/LOADING]: Considering mod file candidate /home/bryan/Minecraft-Medieval-RPG/mods/takesapillage-1.0.3-1.19.2.jar
[28Dec2025 23:05:19.939] [main/DEBUG] [net.minecraftforge.fml.loading.moddiscovery.ModFileInfo/LOADING]: Found valid mod file takesapillage-1.0.3-1.19.2.jar with {takesapillage} mods - versions {1.0.3}
[28Dec2025 23:05:19.939] [main/DEBUG] [net.minecraftforge.fml.loading.moddiscovery.ModFileParser/LOADING]: Considering mod file candidate /home/bryan/Minecraft-Medieval-RPG/mods/TerraBlender-forge-1.19.2-2.0.1.166.jar
[28Dec2025 23:05:19.940] [main/DEBUG] [net.minecraftforge.fml.loading.moddiscovery.ModFileInfo/LOADING]: Found valid mod file TerraBlender-forge-1.19.2-2.0.1.166.jar with {terrablender} mods - versions {2.0.1.166}
[28Dec2025 23:05:19.940] [main/DEBUG] [net.minecraftforge.fml.loading.moddiscovery.ModFileParser/LOADING]: Considering mod file candidate /home/bryan/Minecraft-Medieval-RPG/mods/TextruesRubidiumOptions-1.0.7-mc1.19.2.jar
[28Dec2025 23:05:19.940] [main/DEBUG] [net.minecraftforge.fml.loading.moddiscovery.ModFileInfo/LOADING]: Found valid mod file TextruesRubidiumOptions-1.0.7-mc1.19.2.jar with {reeses_sodium_options} mods - versions {1.0.7-mc1.19.2}
[28Dec2025 23:05:19.940] [main/DEBUG] [net.minecraftforge.fml.loading.moddiscovery.ModFileParser/LOADING]: Considering mod file candidate /home/bryan/Minecraft-Medieval-RPG/mods/tlc_forge-1.0.2-R-1.19.2.jar
[28Dec2025 23:05:19.941] [main/DEBUG] [net.minecraftforge.fml.loading.moddiscovery.ModFileInfo/LOADING]: Found valid mod file tlc_forge-1.0.2-R-1.19.2.jar with {tlc} mods - versions {1.0.2}
[28Dec2025 23:05:19.941] [main/DEBUG] [net.minecraftforge.fml.loading.moddiscovery.ModFileParser/LOADING]: Considering mod file candidate /home/bryan/Minecraft-Medieval-RPG/mods/toms_storage-1.19-1.5.11.jar
[28Dec2025 23:05:19.941] [main/DEBUG] [net.minecraftforge.fml.loading.moddiscovery.ModFileInfo/LOADING]: Found valid mod file toms_storage-1.19-1.5.11.jar with {toms_storage} mods - versions {1.5.11}
[28Dec2025 23:05:19.941] [main/DEBUG] [net.minecraftforge.fml.loading.moddiscovery.ModFileParser/LOADING]: Considering mod file candidate /home/bryan/Minecraft-Medieval-RPG/mods/toofast-1.19-0.2.2.4.jar
[28Dec2025 23:05:19.942] [main/DEBUG] [net.minecraftforge.fml.loading.moddiscovery.ModFileInfo/LOADING]: Found valid mod file toofast-1.19-0.2.2.4.jar with {toofast} mods - versions {0.2.2.4}
[28Dec2025 23:05:19.942] [main/DEBUG] [net.minecraftforge.fml.loading.moddiscovery.ModFileParser/LOADING]: Considering mod file candidate /home/bryan/Minecraft-Medieval-RPG/mods/toomanyglyphs-1.19.2-2.2.376.1564.jar
[28Dec2025 23:05:19.942] [main/DEBUG] [net.minecraftforge.fml.loading.moddiscovery.ModFileInfo/LOADING]: Found valid mod file toomanyglyphs-1.19.2-2.2.376.1564.jar with {toomanyglyphs} mods - versions {2.2.376.1564}
[28Dec2025 23:05:19.942] [main/DEBUG] [net.minecraftforge.fml.loading.moddiscovery.ModFileParser/LOADING]: Considering mod file candidate /home/bryan/Minecraft-Medieval-RPG/mods/totw_modded-forge-1.19.2-1.0.5.jar
[28Dec2025 23:05:19.943] [main/DEBUG] [net.minecraftforge.fml.loading.moddiscovery.ModFileInfo/LOADING]: Found valid mod file totw_modded-forge-1.19.2-1.0.5.jar with {totw_modded} mods - versions {1.19.2-1.0.5}
[28Dec2025 23:05:19.945] [main/DEBUG] [net.minecraftforge.fml.loading.moddiscovery.ModFileParser/LOADING]: Considering mod file candidate /home/bryan/Minecraft-Medieval-RPG/mods/Towns-and-Towers-v.1.10-_FORGE-1.19.2_.jar
[28Dec2025 23:05:19.945] [main/DEBUG] [net.minecraftforge.fml.loading.moddiscovery.ModFileInfo/LOADING]: Found valid mod file Towns-and-Towers-v.1.10-_FORGE-1.19.2_.jar with {t_and_t} mods - versions {1.10}
[28Dec2025 23:05:19.946] [main/DEBUG] [net.minecraftforge.fml.loading.moddiscovery.ModFileParser/LOADING]: Considering mod file candidate /home/bryan/Minecraft-Medieval-RPG/mods/towntalk-1.19.2-1.0.1.jar
[28Dec2025 23:05:19.946] [main/DEBUG] [net.minecraftforge.fml.loading.moddiscovery.ModFileInfo/LOADING]: Found valid mod file towntalk-1.19.2-1.0.1.jar with {towntalk} mods - versions {1.0.1}
[28Dec2025 23:05:19.947] [main/DEBUG] [net.minecraftforge.fml.loading.moddiscovery.ModFileParser/LOADING]: Considering mod file candidate /home/bryan/Minecraft-Medieval-RPG/mods/transmog-forge-1.2.2+1.19.2.jar
[28Dec2025 23:05:19.948] [main/DEBUG] [net.minecraftforge.fml.loading.moddiscovery.ModFileInfo/LOADING]: Found valid mod file transmog-forge-1.2.2+1.19.2.jar with {transmog} mods - versions {1.2.2+1.19.2}
[28Dec2025 23:05:19.949] [main/DEBUG] [net.minecraftforge.fml.loading.moddiscovery.ModFileParser/LOADING]: Considering mod file candidate /home/bryan/Minecraft-Medieval-RPG/mods/trashslot-forge-1.19.2-12.1.0.jar
[28Dec2025 23:05:19.950] [main/DEBUG] [net.minecraftforge.fml.loading.moddiscovery.ModFileInfo/LOADING]: Found valid mod file trashslot-forge-1.19.2-12.1.0.jar with {trashslot} mods - versions {12.1.0}
[28Dec2025 23:05:19.951] [main/DEBUG] [net.minecraftforge.fml.loading.moddiscovery.ModFileParser/LOADING]: Considering mod file candidate /home/bryan/Minecraft-Medieval-RPG/mods/TravelersTitles-1.19.2-Forge-3.1.2.jar
[28Dec2025 23:05:19.951] [main/DEBUG] [net.minecraftforge.fml.loading.moddiscovery.ModFileInfo/LOADING]: Found valid mod file TravelersTitles-1.19.2-Forge-3.1.2.jar with {travelerstitles} mods - versions {1.19.2-Forge-3.1.2}
[28Dec2025 23:05:19.952] [main/DEBUG] [net.minecraftforge.fml.loading.moddiscovery.ModFileParser/LOADING]: Considering mod file candidate /home/bryan/Minecraft-Medieval-RPG/mods/twigs-forge-1.19.2-3.0.1.jar
[28Dec2025 23:05:19.953] [main/DEBUG] [net.minecraftforge.fml.loading.moddiscovery.ModFileInfo/LOADING]: Found valid mod file twigs-forge-1.19.2-3.0.1.jar with {twigs} mods - versions {1.19.2-3.0.1}
[28Dec2025 23:05:19.956] [main/DEBUG] [net.minecraftforge.fml.loading.moddiscovery.ModFileParser/LOADING]: Considering mod file candidate /home/bryan/Minecraft-Medieval-RPG/mods/twilightforest-1.19.2-4.2.1518-universal.jar
[28Dec2025 23:05:19.957] [main/DEBUG] [net.minecraftforge.fml.loading.moddiscovery.ModFileInfo/LOADING]: Found valid mod file twilightforest-1.19.2-4.2.1518-universal.jar with {twilightforest} mods - versions {4.2.1518}
[28Dec2025 23:05:19.958] [main/DEBUG] [net.minecraftforge.fml.loading.moddiscovery.ModFileParser/LOADING]: Considering mod file candidate /home/bryan/Minecraft-Medieval-RPG/mods/UndeadUnleashed-1.1.1-1.19.2.jar
[28Dec2025 23:05:19.958] [main/DEBUG] [net.minecraftforge.fml.loading.moddiscovery.ModFileInfo/LOADING]: Found valid mod file UndeadUnleashed-1.1.1-1.19.2.jar with {undead_unleashed} mods - versions {1.1.0}
[28Dec2025 23:05:19.959] [main/DEBUG] [net.minecraftforge.fml.loading.moddiscovery.ModFileParser/LOADING]: Considering mod file candidate /home/bryan/Minecraft-Medieval-RPG/mods/UnusualEnd1.19.2_V1.4.3.jar
[28Dec2025 23:05:19.959] [main/DEBUG] [net.minecraftforge.fml.loading.moddiscovery.ModFileInfo/LOADING]: Found valid mod file UnusualEnd1.19.2_V1.4.3.jar with {unusualend} mods - versions {1.4.3}
[28Dec2025 23:05:19.959] [main/DEBUG] [net.minecraftforge.fml.loading.moddiscovery.ModFileParser/LOADING]: Considering mod file candidate /home/bryan/Minecraft-Medieval-RPG/mods/upgradedcore-1.19.2-4.1.0.1-release.jar
[28Dec2025 23:05:19.960] [main/DEBUG] [net.minecraftforge.fml.loading.moddiscovery.ModFileInfo/LOADING]: Found valid mod file upgradedcore-1.19.2-4.1.0.1-release.jar with {upgradedcore} mods - versions {1.19.2-4.1.0.1-release}
[28Dec2025 23:05:19.960] [main/DEBUG] [net.minecraftforge.fml.loading.moddiscovery.ModFileParser/LOADING]: Considering mod file candidate /home/bryan/Minecraft-Medieval-RPG/mods/upgradednetherite-1.19.2-5.1.0.9-release.jar
[28Dec2025 23:05:19.961] [main/DEBUG] [net.minecraftforge.fml.loading.moddiscovery.ModFileInfo/LOADING]: Found valid mod file upgradednetherite-1.19.2-5.1.0.9-release.jar with {upgradednetherite} mods - versions {1.19.2-5.1.0.9-release}
[28Dec2025 23:05:19.961] [main/DEBUG] [net.minecraftforge.fml.loading.moddiscovery.ModFileParser/LOADING]: Considering mod file candidate /home/bryan/Minecraft-Medieval-RPG/mods/upgradednetherite_items-1.19.2-4.1.0.2-release.jar
[28Dec2025 23:05:19.961] [main/DEBUG] [net.minecraftforge.fml.loading.moddiscovery.ModFileInfo/LOADING]: Found valid mod file upgradednetherite_items-1.19.2-4.1.0.2-release.jar with {upgradednetherite_items} mods - versions {1.19.2-4.1.0.2-release}
[28Dec2025 23:05:19.962] [main/DEBUG] [net.minecraftforge.fml.loading.moddiscovery.ModFileParser/LOADING]: Considering mod file candidate /home/bryan/Minecraft-Medieval-RPG/mods/upgradednetherite_ultimate-1.19.2-4.1.0.4-release.jar
[28Dec2025 23:05:19.962] [main/DEBUG] [net.minecraftforge.fml.loading.moddiscovery.ModFileInfo/LOADING]: Found valid mod file upgradednetherite_ultimate-1.19.2-4.1.0.4-release.jar with {upgradednetherite_ultimate} mods - versions {1.19.2-4.1.0.4-release}
[28Dec2025 23:05:19.963] [main/DEBUG] [net.minecraftforge.fml.loading.moddiscovery.ModFileParser/LOADING]: Considering mod file candidate /home/bryan/Minecraft-Medieval-RPG/mods/valhelsia_core-forge-1.19.2-0.5.0.jar
[28Dec2025 23:05:19.964] [main/DEBUG] [net.minecraftforge.fml.loading.moddiscovery.ModFileInfo/LOADING]: Found valid mod file valhelsia_core-forge-1.19.2-0.5.0.jar with {valhelsia_core} mods - versions {1.19.2-0.5.0}
[28Dec2025 23:05:19.964] [main/DEBUG] [net.minecraftforge.fml.loading.moddiscovery.ModFileParser/LOADING]: Considering mod file candidate /home/bryan/Minecraft-Medieval-RPG/mods/Wabi-Sabi-Structures-1.2.0-1.19-Forge.jar
[28Dec2025 23:05:19.964] [main/DEBUG] [net.minecraftforge.fml.loading.moddiscovery.ModFileInfo/LOADING]: Found valid mod file Wabi-Sabi-Structures-1.2.0-1.19-Forge.jar with {wabi_sabi_structures} mods - versions {1.2.0-1.19}
[28Dec2025 23:05:19.965] [main/DEBUG] [net.minecraftforge.fml.loading.moddiscovery.ModFileParser/LOADING]: Considering mod file candidate /home/bryan/Minecraft-Medieval-RPG/mods/waystones-forge-1.19.2-11.4.2.jar
[28Dec2025 23:05:19.965] [main/DEBUG] [net.minecraftforge.fml.loading.moddiscovery.ModFileInfo/LOADING]: Found valid mod file waystones-forge-1.19.2-11.4.2.jar with {waystones} mods - versions {11.4.2}
[28Dec2025 23:05:19.965] [main/DEBUG] [net.minecraftforge.fml.loading.moddiscovery.ModFileParser/LOADING]: Considering mod file candidate /home/bryan/Minecraft-Medieval-RPG/mods/whisperwoods-1.19-2.1.1-forge.jar
[28Dec2025 23:05:19.965] [main/DEBUG] [net.minecraftforge.fml.loading.moddiscovery.ModFileInfo/LOADING]: Found valid mod file whisperwoods-1.19-2.1.1-forge.jar with {whisperwoods} mods - versions {1.19-2.1.1}
[28Dec2025 23:05:19.966] [main/DEBUG] [net.minecraftforge.fml.loading.moddiscovery.ModFileParser/LOADING]: Considering mod file candidate /home/bryan/Minecraft-Medieval-RPG/mods/woodworks-1.19.2-2.2.2.jar
[28Dec2025 23:05:19.966] [main/DEBUG] [net.minecraftforge.fml.loading.moddiscovery.ModFileInfo/LOADING]: Found valid mod file woodworks-1.19.2-2.2.2.jar with {woodworks} mods - versions {2.2.2}
[28Dec2025 23:05:19.968] [main/DEBUG] [net.minecraftforge.fml.loading.moddiscovery.ModFileParser/LOADING]: Considering mod file candidate /home/bryan/Minecraft-Medieval-RPG/mods/worldedit-mod-7.2.12.jar
[28Dec2025 23:05:19.969] [main/DEBUG] [net.minecraftforge.fml.loading.moddiscovery.ModFileInfo/LOADING]: Found valid mod file worldedit-mod-7.2.12.jar with {worldedit} mods - versions {7.2.12+6240-87f4ae1}
[28Dec2025 23:05:19.969] [main/DEBUG] [net.minecraftforge.fml.loading.moddiscovery.ModFileParser/LOADING]: Considering mod file candidate /home/bryan/Minecraft-Medieval-RPG/mods/Xaeros_Minimap_25.2.6_Forge_1.19.1.jar
[28Dec2025 23:05:19.969] [main/DEBUG] [net.minecraftforge.fml.loading.moddiscovery.ModFileInfo/LOADING]: Found valid mod file Xaeros_Minimap_25.2.6_Forge_1.19.1.jar with {xaerominimap} mods - versions {25.2.6}
[28Dec2025 23:05:19.970] [main/DEBUG] [net.minecraftforge.fml.loading.moddiscovery.ModFileParser/LOADING]: Considering mod file candidate /home/bryan/Minecraft-Medieval-RPG/mods/XaerosWorldMap_1.39.9_Forge_1.19.1.jar
[28Dec2025 23:05:19.970] [main/DEBUG] [net.minecraftforge.fml.loading.moddiscovery.ModFileInfo/LOADING]: Found valid mod file XaerosWorldMap_1.39.9_Forge_1.19.1.jar with {xaeroworldmap} mods - versions {1.39.9}
[28Dec2025 23:05:19.970] [main/DEBUG] [net.minecraftforge.fml.loading.moddiscovery.ModFileParser/LOADING]: Considering mod file candidate /home/bryan/Minecraft-Medieval-RPG/mods/xptome-1.19-2.1.7.jar
[28Dec2025 23:05:19.970] [main/DEBUG] [net.minecraftforge.fml.loading.moddiscovery.ModFileInfo/LOADING]: Found valid mod file xptome-1.19-2.1.7.jar with {xpbook} mods - versions {2.1.7}
[28Dec2025 23:05:19.970] [main/DEBUG] [net.minecraftforge.fml.loading.moddiscovery.ModFileParser/LOADING]: Considering mod file candidate /home/bryan/Minecraft-Medieval-RPG/mods/yeetusexperimentus-1.0.1-build.2+mc1.19.1.jar
[28Dec2025 23:05:19.971] [main/DEBUG] [net.minecraftforge.fml.loading.moddiscovery.ModFileInfo/LOADING]: Found valid mod file yeetusexperimentus-1.0.1-build.2+mc1.19.1.jar with {yeetusexperimentus} mods - versions {1.0.1-build.2+mc1.19.1}
[28Dec2025 23:05:19.971] [main/DEBUG] [net.minecraftforge.fml.loading.moddiscovery.ModFileParser/LOADING]: Considering mod file candidate /home/bryan/Minecraft-Medieval-RPG/mods/YungsApi-1.19.2-Forge-3.8.10.jar
[28Dec2025 23:05:19.971] [main/DEBUG] [net.minecraftforge.fml.loading.moddiscovery.ModFileInfo/LOADING]: Found valid mod file YungsApi-1.19.2-Forge-3.8.10.jar with {yungsapi} mods - versions {1.19.2-Forge-3.8.10}
[28Dec2025 23:05:19.971] [main/DEBUG] [net.minecraftforge.fml.loading.moddiscovery.ModFileParser/LOADING]: Considering mod file candidate /home/bryan/Minecraft-Medieval-RPG/mods/YungsBetterDesertTemples-1.19.2-Forge-2.2.2.jar
[28Dec2025 23:05:19.971] [main/DEBUG] [net.minecraftforge.fml.loading.moddiscovery.ModFileInfo/LOADING]: Found valid mod file YungsBetterDesertTemples-1.19.2-Forge-2.2.2.jar with {betterdeserttemples} mods - versions {1.19.2-Forge-2.2.2}
[28Dec2025 23:05:19.973] [main/DEBUG] [net.minecraftforge.fml.loading.moddiscovery.ModFileParser/LOADING]: Considering mod file candidate /home/bryan/Minecraft-Medieval-RPG/mods/YungsBetterDungeons-1.19.2-Forge-3.2.2.jar
[28Dec2025 23:05:19.973] [main/DEBUG] [net.minecraftforge.fml.loading.moddiscovery.ModFileInfo/LOADING]: Found valid mod file YungsBetterDungeons-1.19.2-Forge-3.2.2.jar with {betterdungeons} mods - versions {1.19.2-Forge-3.2.2}
[28Dec2025 23:05:19.973] [main/DEBUG] [net.minecraftforge.fml.loading.moddiscovery.ModFileParser/LOADING]: Considering mod file candidate /home/bryan/Minecraft-Medieval-RPG/mods/YungsBetterEndIsland-1.19.2-Forge-1.0.jar
[28Dec2025 23:05:19.973] [main/DEBUG] [net.minecraftforge.fml.loading.moddiscovery.ModFileInfo/LOADING]: Found valid mod file YungsBetterEndIsland-1.19.2-Forge-1.0.jar with {betterendisland} mods - versions {1.19.2-Forge-1.0}
[28Dec2025 23:05:19.973] [main/DEBUG] [net.minecraftforge.fml.loading.moddiscovery.ModFileParser/LOADING]: Considering mod file candidate /home/bryan/Minecraft-Medieval-RPG/mods/YungsBetterJungleTemples-1.19.2-Forge-1.0.1.jar
[28Dec2025 23:05:19.974] [main/DEBUG] [net.minecraftforge.fml.loading.moddiscovery.ModFileInfo/LOADING]: Found valid mod file YungsBetterJungleTemples-1.19.2-Forge-1.0.1.jar with {betterjungletemples} mods - versions {1.19.2-Forge-1.0.1}
[28Dec2025 23:05:19.974] [main/DEBUG] [net.minecraftforge.fml.loading.moddiscovery.ModFileParser/LOADING]: Considering mod file candidate /home/bryan/Minecraft-Medieval-RPG/mods/YungsBetterMineshafts-1.19.2-Forge-3.2.1.jar
[28Dec2025 23:05:19.975] [main/DEBUG] [net.minecraftforge.fml.loading.moddiscovery.ModFileInfo/LOADING]: Found valid mod file YungsBetterMineshafts-1.19.2-Forge-3.2.1.jar with {bettermineshafts} mods - versions {1.19.2-Forge-3.2.1}
[28Dec2025 23:05:19.975] [main/DEBUG] [net.minecraftforge.fml.loading.moddiscovery.ModFileParser/LOADING]: Considering mod file candidate /home/bryan/Minecraft-Medieval-RPG/mods/YungsBetterNetherFortresses-1.19.2-Forge-1.0.6.jar
[28Dec2025 23:05:19.975] [main/DEBUG] [net.minecraftforge.fml.loading.moddiscovery.ModFileInfo/LOADING]: Found valid mod file YungsBetterNetherFortresses-1.19.2-Forge-1.0.6.jar with {betterfortresses} mods - versions {1.19.2-Forge-1.0.6}
[28Dec2025 23:05:19.975] [main/DEBUG] [net.minecraftforge.fml.loading.moddiscovery.ModFileParser/LOADING]: Considering mod file candidate /home/bryan/Minecraft-Medieval-RPG/mods/YungsBetterOceanMonuments-1.19.2-Forge-2.1.1.jar
[28Dec2025 23:05:19.976] [main/DEBUG] [net.minecraftforge.fml.loading.moddiscovery.ModFileInfo/LOADING]: Found valid mod file YungsBetterOceanMonuments-1.19.2-Forge-2.1.1.jar with {betteroceanmonuments} mods - versions {1.19.2-Forge-2.1.1}
[28Dec2025 23:05:19.976] [main/DEBUG] [net.minecraftforge.fml.loading.moddiscovery.ModFileParser/LOADING]: Considering mod file candidate /home/bryan/Minecraft-Medieval-RPG/mods/YungsBetterStrongholds-1.19.2-Forge-3.2.0.jar
[28Dec2025 23:05:19.976] [main/DEBUG] [net.minecraftforge.fml.loading.moddiscovery.ModFileInfo/LOADING]: Found valid mod file YungsBetterStrongholds-1.19.2-Forge-3.2.0.jar with {betterstrongholds} mods - versions {1.19.2-Forge-3.2.0}
[28Dec2025 23:05:20.049] [main/DEBUG] [net.minecraftforge.fml.loading.moddiscovery.ModFileInfo/LOADING]: Found valid mod file server-1.19.2-20220805.130853-srg.jar with {minecraft} mods - versions {1.19.2}
[28Dec2025 23:05:20.052] [main/DEBUG] [net.minecraftforge.fml.loading.moddiscovery.ModFileParser/LOADING]: Considering mod file candidate /home/bryan/Minecraft-Medieval-RPG/libraries/net/minecraftforge/fmlcore/1.19.2-43.3.5/fmlcore-1.19.2-43.3.5.jar
[28Dec2025 23:05:20.052] [main/WARN] [net.minecraftforge.fml.loading.moddiscovery.ModFileParser/LOADING]: Mod file /home/bryan/Minecraft-Medieval-RPG/libraries/net/minecraftforge/fmlcore/1.19.2-43.3.5/fmlcore-1.19.2-43.3.5.jar is missing mods.toml file
[28Dec2025 23:05:20.053] [main/DEBUG] [net.minecraftforge.fml.loading.moddiscovery.ModFileParser/LOADING]: Considering mod file candidate /home/bryan/Minecraft-Medieval-RPG/libraries/net/minecraftforge/javafmllanguage/1.19.2-43.3.5/javafmllanguage-1.19.2-43.3.5.jar
[28Dec2025 23:05:20.053] [main/WARN] [net.minecraftforge.fml.loading.moddiscovery.ModFileParser/LOADING]: Mod file /home/bryan/Minecraft-Medieval-RPG/libraries/net/minecraftforge/javafmllanguage/1.19.2-43.3.5/javafmllanguage-1.19.2-43.3.5.jar is missing mods.toml file
[28Dec2025 23:05:20.054] [main/DEBUG] [net.minecraftforge.fml.loading.moddiscovery.ModFileParser/LOADING]: Considering mod file candidate /home/bryan/Minecraft-Medieval-RPG/libraries/net/minecraftforge/lowcodelanguage/1.19.2-43.3.5/lowcodelanguage-1.19.2-43.3.5.jar
[28Dec2025 23:05:20.055] [main/WARN] [net.minecraftforge.fml.loading.moddiscovery.ModFileParser/LOADING]: Mod file /home/bryan/Minecraft-Medieval-RPG/libraries/net/minecraftforge/lowcodelanguage/1.19.2-43.3.5/lowcodelanguage-1.19.2-43.3.5.jar is missing mods.toml file
[28Dec2025 23:05:20.056] [main/DEBUG] [net.minecraftforge.fml.loading.moddiscovery.ModFileParser/LOADING]: Considering mod file candidate /home/bryan/Minecraft-Medieval-RPG/libraries/net/minecraftforge/mclanguage/1.19.2-43.3.5/mclanguage-1.19.2-43.3.5.jar
[28Dec2025 23:05:20.056] [main/WARN] [net.minecraftforge.fml.loading.moddiscovery.ModFileParser/LOADING]: Mod file /home/bryan/Minecraft-Medieval-RPG/libraries/net/minecraftforge/mclanguage/1.19.2-43.3.5/mclanguage-1.19.2-43.3.5.jar is missing mods.toml file
[28Dec2025 23:05:20.073] [main/DEBUG] [net.minecraftforge.fml.loading.moddiscovery.ModFileParser/LOADING]: Considering mod file candidate /home/bryan/Minecraft-Medieval-RPG/libraries/net/minecraftforge/forge/1.19.2-43.3.5/forge-1.19.2-43.3.5-universal.jar
[28Dec2025 23:05:20.073] [main/DEBUG] [net.minecraftforge.fml.loading.moddiscovery.ModFileInfo/LOADING]: Found valid mod file forge-1.19.2-43.3.5-universal.jar with {forge} mods - versions {43.3.5}
[28Dec2025 23:05:20.086] [main/DEBUG] [net.minecraftforge.fml.loading.moddiscovery.AbstractJarFileDependencyLocator/]: Failed to load resource META-INF/jarjar/metadata.json from saturn-mc1.19.2-0.1.4.jar, it does not contain dependency information.
[28Dec2025 23:05:20.086] [main/DEBUG] [net.minecraftforge.fml.loading.moddiscovery.AbstractJarFileDependencyLocator/]: Failed to load resource META-INF/jarjar/metadata.json from YungsBetterDungeons-1.19.2-Forge-3.2.2.jar, it does not contain dependency information.
[28Dec2025 23:05:20.086] [main/DEBUG] [net.minecraftforge.fml.loading.moddiscovery.AbstractJarFileDependencyLocator/]: Failed to load resource META-INF/jarjar/metadata.json from alexsmobs-1.21.1.jar, it does not contain dependency information.
[28Dec2025 23:05:20.086] [main/DEBUG] [net.minecraftforge.fml.loading.moddiscovery.AbstractJarFileDependencyLocator/]: Failed to load resource META-INF/jarjar/metadata.json from open-parties-and-claims-forge-1.19.2-0.23.7.jar, it does not contain dependency information.
[28Dec2025 23:05:20.086] [main/DEBUG] [net.minecraftforge.fml.loading.moddiscovery.AbstractJarFileDependencyLocator/]: Failed to load resource META-INF/jarjar/metadata.json from origins-accessbilities-1.19.2-1.1.1.jar, it does not contain dependency information.
[28Dec2025 23:05:20.086] [main/DEBUG] [net.minecraftforge.fml.loading.moddiscovery.AbstractJarFileDependencyLocator/]: Failed to load resource META-INF/jarjar/metadata.json from player-animation-lib-forge-1.0.2.jar, it does not contain dependency information.
[28Dec2025 23:05:20.086] [main/DEBUG] [net.minecraftforge.fml.loading.moddiscovery.AbstractJarFileDependencyLocator/]: Failed to load resource META-INF/jarjar/metadata.json from majruszs-difficulty-forge-1.19.2-1.9.9-backport.1.jar, it does not contain dependency information.
[28Dec2025 23:05:20.086] [main/DEBUG] [net.minecraftforge.fml.loading.moddiscovery.AbstractJarFileDependencyLocator/]: Failed to load resource META-INF/jarjar/metadata.json from nerb-1.19.2-0.3-FORGE.jar, it does not contain dependency information.
[28Dec2025 23:05:20.086] [main/DEBUG] [net.minecraftforge.fml.loading.moddiscovery.AbstractJarFileDependencyLocator/]: Failed to load resource META-INF/jarjar/metadata.json from Entity_Collision_FPS_Fix-forge-1.19-2.0.0.0.jar, it does not contain dependency information.
[28Dec2025 23:05:20.086] [main/DEBUG] [net.minecraftforge.fml.loading.moddiscovery.AbstractJarFileDependencyLocator/]: Failed to load resource META-INF/jarjar/metadata.json from stalwart-dungeons-1.19.2-1.2.8.jar, it does not contain dependency information.
[28Dec2025 23:05:20.086] [main/DEBUG] [net.minecraftforge.fml.loading.moddiscovery.AbstractJarFileDependencyLocator/]: Failed to load resource META-INF/jarjar/metadata.json from rubidium-mc1.19.2-0.6.2c.jar, it does not contain dependency information.
[28Dec2025 23:05:20.086] [main/DEBUG] [net.minecraftforge.fml.loading.moddiscovery.AbstractJarFileDependencyLocator/]: Failed to load resource META-INF/jarjar/metadata.json from YungsApi-1.19.2-Forge-3.8.10.jar, it does not contain dependency information.
[28Dec2025 23:05:20.086] [main/DEBUG] [net.minecraftforge.fml.loading.moddiscovery.AbstractJarFileDependencyLocator/]: Failed to load resource META-INF/jarjar/metadata.json from GatewaysToEternity-1.19.2-3.2.3.jar, it does not contain dependency information.
[28Dec2025 23:05:20.087] [main/DEBUG] [net.minecraftforge.fml.loading.moddiscovery.AbstractJarFileDependencyLocator/]: Failed to load resource META-INF/jarjar/metadata.json from MaxHealthFix-Forge-1.19.2-8.0.2.jar, it does not contain dependency information.
[28Dec2025 23:05:20.087] [main/DEBUG] [net.minecraftforge.fml.loading.moddiscovery.AbstractJarFileDependencyLocator/]: Failed to load resource META-INF/jarjar/metadata.json from upgradednetherite_items-1.19.2-4.1.0.2-release.jar, it does not contain dependency information.
[28Dec2025 23:05:20.087] [main/DEBUG] [net.minecraftforge.fml.loading.moddiscovery.AbstractJarFileDependencyLocator/]: Failed to load resource META-INF/jarjar/metadata.json from letsdo-vinery-forge-1.3.12b.jar, it does not contain dependency information.
[28Dec2025 23:05:20.087] [main/DEBUG] [net.minecraftforge.fml.loading.moddiscovery.AbstractJarFileDependencyLocator/]: Failed to load resource META-INF/jarjar/metadata.json from Apotheosis-1.19.2-6.5.2.jar, it does not contain dependency information.
[28Dec2025 23:05:20.087] [main/DEBUG] [net.minecraftforge.fml.loading.moddiscovery.AbstractJarFileDependencyLocator/]: Failed to load resource META-INF/jarjar/metadata.json from savage_and_ravage-1.19.2-5.0.5.jar, it does not contain dependency information.
[28Dec2025 23:05:20.087] [main/DEBUG] [net.minecraftforge.fml.loading.moddiscovery.AbstractJarFileDependencyLocator/]: Failed to load resource META-INF/jarjar/metadata.json from clayworks-1.19.2-2.1.0.jar, it does not contain dependency information.
[28Dec2025 23:05:20.087] [main/DEBUG] [net.minecraftforge.fml.loading.moddiscovery.AbstractJarFileDependencyLocator/]: Failed to load resource META-INF/jarjar/metadata.json from balm-forge-1.19.2-4.6.0.jar, it does not contain dependency information.
[28Dec2025 23:05:20.087] [main/DEBUG] [net.minecraftforge.fml.loading.moddiscovery.AbstractJarFileDependencyLocator/]: Failed to load resource META-INF/jarjar/metadata.json from immersive_armors-1.5.6+1.19.2-forge.jar, it does not contain dependency information.
[28Dec2025 23:05:20.087] [main/DEBUG] [net.minecraftforge.fml.loading.moddiscovery.AbstractJarFileDependencyLocator/]: Failed to load resource META-INF/jarjar/metadata.json from JustEnoughResources-1.19.2-1.2.3.243.jar, it does not contain dependency information.
[28Dec2025 23:05:20.087] [main/DEBUG] [net.minecraftforge.fml.loading.moddiscovery.AbstractJarFileDependencyLocator/]: Failed to load resource META-INF/jarjar/metadata.json from YungsBetterNetherFortresses-1.19.2-Forge-1.0.6.jar, it does not contain dependency information.
[28Dec2025 23:05:20.087] [main/DEBUG] [net.minecraftforge.fml.loading.moddiscovery.AbstractJarFileDependencyLocator/]: Failed to load resource META-INF/jarjar/metadata.json from cloth-config-8.3.134-forge.jar, it does not contain dependency information.
[28Dec2025 23:05:20.087] [main/DEBUG] [net.minecraftforge.fml.loading.moddiscovery.AbstractJarFileDependencyLocator/]: Failed to load resource META-INF/jarjar/metadata.json from ctov-3.2.6c.jar, it does not contain dependency information.
[28Dec2025 23:05:20.087] [main/DEBUG] [net.minecraftforge.fml.loading.moddiscovery.AbstractJarFileDependencyLocator/]: Failed to load resource META-INF/jarjar/metadata.json from LeavesBeGone-v4.0.1-1.19.2-Forge.jar, it does not contain dependency information.
[28Dec2025 23:05:20.087] [main/DEBUG] [net.minecraftforge.fml.loading.moddiscovery.AbstractJarFileDependencyLocator/]: Failed to load resource META-INF/jarjar/metadata.json from AutoLeveling-1.19.2-1.19b.jar, it does not contain dependency information.
[28Dec2025 23:05:20.087] [main/DEBUG] [net.minecraftforge.fml.loading.moddiscovery.AbstractJarFileDependencyLocator/]: Failed to load resource META-INF/jarjar/metadata.json from iterpg-0.5.0-1.19.2.jar, it does not contain dependency information.
[28Dec2025 23:05:20.087] [main/DEBUG] [net.minecraftforge.fml.loading.moddiscovery.AbstractJarFileDependencyLocator/]: Failed to load resource META-INF/jarjar/metadata.json from upgradednetherite-1.19.2-5.1.0.9-release.jar, it does not contain dependency information.
[28Dec2025 23:05:20.087] [main/DEBUG] [net.minecraftforge.fml.loading.moddiscovery.AbstractJarFileDependencyLocator/]: Failed to load resource META-INF/jarjar/metadata.json from stylecolonies-1.2.2.jar, it does not contain dependency information.
[28Dec2025 23:05:20.087] [main/DEBUG] [net.minecraftforge.fml.loading.moddiscovery.AbstractJarFileDependencyLocator/]: Failed to load resource META-INF/jarjar/metadata.json from structure_gel-1.19.2-2.7.3.jar, it does not contain dependency information.
[28Dec2025 23:05:20.087] [main/DEBUG] [net.minecraftforge.fml.loading.moddiscovery.AbstractJarFileDependencyLocator/]: Failed to load resource META-INF/jarjar/metadata.json from solapplepie-1.19.2-2.2.0.jar, it does not contain dependency information.
[28Dec2025 23:05:20.087] [main/DEBUG] [net.minecraftforge.fml.loading.moddiscovery.AbstractJarFileDependencyLocator/]: Failed to load resource META-INF/jarjar/metadata.json from corpse-forge-1.19.2-1.0.17.jar, it does not contain dependency information.
[28Dec2025 23:05:20.087] [main/DEBUG] [net.minecraftforge.fml.loading.moddiscovery.AbstractJarFileDependencyLocator/]: Failed to load resource META-INF/jarjar/metadata.json from AdvancementPlaques-1.19.2-1.4.7.jar, it does not contain dependency information.
[28Dec2025 23:05:20.087] [main/DEBUG] [net.minecraftforge.fml.loading.moddiscovery.AbstractJarFileDependencyLocator/]: Failed to load resource META-INF/jarjar/metadata.json from ftb-xmod-compat-forge-1.2.4.jar, it does not contain dependency information.
[28Dec2025 23:05:20.087] [main/DEBUG] [net.minecraftforge.fml.loading.moddiscovery.AbstractJarFileDependencyLocator/]: Failed to load resource META-INF/jarjar/metadata.json from combatroll-forge-1.1.5+1.19.jar, it does not contain dependency information.
[28Dec2025 23:05:20.087] [main/DEBUG] [net.minecraftforge.fml.loading.moddiscovery.AbstractJarFileDependencyLocator/]: Failed to load resource META-INF/jarjar/metadata.json from morevillagers-forge-1.19-4.0.3.jar, it does not contain dependency information.
[28Dec2025 23:05:20.087] [main/DEBUG] [net.minecraftforge.fml.loading.moddiscovery.AbstractJarFileDependencyLocator/]: Failed to load resource META-INF/jarjar/metadata.json from Explorify v1.6.2 f10-48.jar, it does not contain dependency information.
[28Dec2025 23:05:20.087] [main/DEBUG] [net.minecraftforge.fml.loading.moddiscovery.AbstractJarFileDependencyLocator/]: Failed to load resource META-INF/jarjar/metadata.json from ironfurnaces-1.19.2-3.6.5.jar, it does not contain dependency information.
[28Dec2025 23:05:20.087] [main/DEBUG] [net.minecraftforge.fml.loading.moddiscovery.AbstractJarFileDependencyLocator/]: Failed to load resource META-INF/jarjar/metadata.json from dungeons_plus-1.19.2-1.3.1.jar, it does not contain dependency information.
[28Dec2025 23:05:20.087] [main/DEBUG] [net.minecraftforge.fml.loading.moddiscovery.AbstractJarFileDependencyLocator/]: Failed to load resource META-INF/jarjar/metadata.json from UnusualEnd1.19.2_V1.4.3.jar, it does not contain dependency information.
[28Dec2025 23:05:20.088] [main/DEBUG] [net.minecraftforge.fml.loading.moddiscovery.AbstractJarFileDependencyLocator/]: Failed to load resource META-INF/jarjar/metadata.json from DarkerDepths-1.19.2-1.0.0.jar, it does not contain dependency information.
[28Dec2025 23:05:20.088] [main/DEBUG] [net.minecraftforge.fml.loading.moddiscovery.AbstractJarFileDependencyLocator/]: Failed to load resource META-INF/jarjar/metadata.json from Highlighter-1.19.1-1.1.4.jar, it does not contain dependency information.
[28Dec2025 23:05:20.088] [main/DEBUG] [net.minecraftforge.fml.loading.moddiscovery.AbstractJarFileDependencyLocator/]: Failed to load resource META-INF/jarjar/metadata.json from TextruesRubidiumOptions-1.0.7-mc1.19.2.jar, it does not contain dependency information.
[28Dec2025 23:05:20.088] [main/DEBUG] [net.minecraftforge.fml.loading.moddiscovery.AbstractJarFileDependencyLocator/]: Failed to load resource META-INF/jarjar/metadata.json from mcsa-forge-3.1.4+1.19.jar, it does not contain dependency information.
[28Dec2025 23:05:20.088] [main/DEBUG] [net.minecraftforge.fml.loading.moddiscovery.AbstractJarFileDependencyLocator/]: Failed to load resource META-INF/jarjar/metadata.json from curios-forge-1.19.2-5.1.6.4.jar, it does not contain dependency information.
[28Dec2025 23:05:20.088] [main/DEBUG] [net.minecraftforge.fml.loading.moddiscovery.AbstractJarFileDependencyLocator/]: Failed to load resource META-INF/jarjar/metadata.json from right-click-harvest-3.2.3+1.19.2-forge.jar, it does not contain dependency information.
[28Dec2025 23:05:20.088] [main/DEBUG] [net.minecraftforge.fml.loading.moddiscovery.AbstractJarFileDependencyLocator/]: Failed to load resource META-INF/jarjar/metadata.json from GameStages-Forge-1.19.2-11.1.4.jar, it does not contain dependency information.
[28Dec2025 23:05:20.088] [main/DEBUG] [net.minecraftforge.fml.loading.moddiscovery.AbstractJarFileDependencyLocator/]: Failed to load resource META-INF/jarjar/metadata.json from noisium-1.0.2.jar, it does not contain dependency information.
[28Dec2025 23:05:20.088] [main/DEBUG] [net.minecraftforge.fml.loading.moddiscovery.AbstractJarFileDependencyLocator/]: Failed to load resource META-INF/jarjar/metadata.json from dragon_enchants-1.0.4-1.19.2.jar, it does not contain dependency information.
[28Dec2025 23:05:20.088] [main/DEBUG] [net.minecraftforge.fml.loading.moddiscovery.AbstractJarFileDependencyLocator/]: Failed to load resource META-INF/jarjar/metadata.json from worldedit-mod-7.2.12.jar, it does not contain dependency information.
[28Dec2025 23:05:20.088] [main/DEBUG] [net.minecraftforge.fml.loading.moddiscovery.AbstractJarFileDependencyLocator/]: Failed to load resource META-INF/jarjar/metadata.json from pluto-mc1.19.2-0.0.9.jar, it does not contain dependency information.
[28Dec2025 23:05:20.088] [main/DEBUG] [net.minecraftforge.fml.loading.moddiscovery.AbstractJarFileDependencyLocator/]: Failed to load resource META-INF/jarjar/metadata.json from constructionwand-1.19.2-2.10.jar, it does not contain dependency information.
[28Dec2025 23:05:20.088] [main/DEBUG] [net.minecraftforge.fml.loading.moddiscovery.AbstractJarFileDependencyLocator/]: Failed to load resource META-INF/jarjar/metadata.json from betterwithminecolonies-1.19-1.18.19.jar, it does not contain dependency information.
[28Dec2025 23:05:20.088] [main/DEBUG] [net.minecraftforge.fml.loading.moddiscovery.AbstractJarFileDependencyLocator/]: Failed to load resource META-INF/jarjar/metadata.json from ApothicCurios-1.19.2-1.0.3c.jar, it does not contain dependency information.
[28Dec2025 23:05:20.088] [main/DEBUG] [net.minecraftforge.fml.loading.moddiscovery.AbstractJarFileDependencyLocator/]: Failed to load resource META-INF/jarjar/metadata.json from YungsBetterEndIsland-1.19.2-Forge-1.0.jar, it does not contain dependency information.
[28Dec2025 23:05:20.088] [main/DEBUG] [net.minecraftforge.fml.loading.moddiscovery.AbstractJarFileDependencyLocator/]: Failed to load resource META-INF/jarjar/metadata.json from celestisynth-1.19.2-1.1.5.jar, it does not contain dependency information.
[28Dec2025 23:05:20.088] [main/DEBUG] [net.minecraftforge.fml.loading.moddiscovery.AbstractJarFileDependencyLocator/]: Failed to load resource META-INF/jarjar/metadata.json from toms_storage-1.19-1.5.11.jar, it does not contain dependency information.
[28Dec2025 23:05:20.088] [main/DEBUG] [net.minecraftforge.fml.loading.moddiscovery.AbstractJarFileDependencyLocator/]: Failed to load resource META-INF/jarjar/metadata.json from YungsBetterMineshafts-1.19.2-Forge-3.2.1.jar, it does not contain dependency information.
[28Dec2025 23:05:20.088] [main/DEBUG] [net.minecraftforge.fml.loading.moddiscovery.AbstractJarFileDependencyLocator/]: Failed to load resource META-INF/jarjar/metadata.json from DynamicTrees-1.19.2-1.2.2.jar, it does not contain dependency information.
[28Dec2025 23:05:20.088] [main/DEBUG] [net.minecraftforge.fml.loading.moddiscovery.AbstractJarFileDependencyLocator/]: Failed to load resource META-INF/jarjar/metadata.json from geckolib-forge-1.19-3.1.40.jar, it does not contain dependency information.
[28Dec2025 23:05:20.088] [main/DEBUG] [net.minecraftforge.fml.loading.moddiscovery.AbstractJarFileDependencyLocator/]: Failed to load resource META-INF/jarjar/metadata.json from majrusz-library-forge-1.19.2-7.0.5-backport.1.jar, it does not contain dependency information.
[28Dec2025 23:05:20.088] [main/DEBUG] [net.minecraftforge.fml.loading.moddiscovery.AbstractJarFileDependencyLocator/]: Failed to load resource META-INF/jarjar/metadata.json from YungsBetterJungleTemples-1.19.2-Forge-1.0.1.jar, it does not contain dependency information.
[28Dec2025 23:05:20.088] [main/DEBUG] [net.minecraftforge.fml.loading.moddiscovery.AbstractJarFileDependencyLocator/]: Failed to load resource META-INF/jarjar/metadata.json from mowziesmobs-1.6.3.jar, it does not contain dependency information.
[28Dec2025 23:05:20.088] [main/DEBUG] [net.minecraftforge.fml.loading.moddiscovery.AbstractJarFileDependencyLocator/]: Failed to load resource META-INF/jarjar/metadata.json from humancompanions-1.19.2-1.7.4.jar, it does not contain dependency information.
[28Dec2025 23:05:20.088] [main/DEBUG] [net.minecraftforge.fml.loading.moddiscovery.AbstractJarFileDependencyLocator/]: Failed to load resource META-INF/jarjar/metadata.json from ftb-library-forge-1902.4.1-build.236.jar, it does not contain dependency information.
[28Dec2025 23:05:20.089] [main/DEBUG] [net.minecraftforge.fml.loading.moddiscovery.AbstractJarFileDependencyLocator/]: Failed to load resource META-INF/jarjar/metadata.json from MutantMonsters-v4.0.6-1.19.2-Forge.jar, it does not contain dependency information.
[28Dec2025 23:05:20.089] [main/DEBUG] [net.minecraftforge.fml.loading.moddiscovery.AbstractJarFileDependencyLocator/]: Failed to load resource META-INF/jarjar/metadata.json from jei-1.19.2-forge-11.8.1.1034.jar, it does not contain dependency information.
[28Dec2025 23:05:20.089] [main/DEBUG] [net.minecraftforge.fml.loading.moddiscovery.AbstractJarFileDependencyLocator/]: Failed to load resource META-INF/jarjar/metadata.json from multipiston-1.19.2-1.2.25-ALPHA.jar, it does not contain dependency information.
[28Dec2025 23:05:20.089] [main/DEBUG] [net.minecraftforge.fml.loading.moddiscovery.AbstractJarFileDependencyLocator/]: Failed to load resource META-INF/jarjar/metadata.json from AttributeFix-Forge-1.19.2-17.2.8.jar, it does not contain dependency information.
[28Dec2025 23:05:20.089] [main/DEBUG] [net.minecraftforge.fml.loading.moddiscovery.AbstractJarFileDependencyLocator/]: Failed to load resource META-INF/jarjar/metadata.json from libraryferret-forge-1.19.2-4.0.0.jar, it does not contain dependency information.
[28Dec2025 23:05:20.089] [main/DEBUG] [net.minecraftforge.fml.loading.moddiscovery.AbstractJarFileDependencyLocator/]: Failed to load resource META-INF/jarjar/metadata.json from goblintraders-1.8.0-1.19.2.jar, it does not contain dependency information.
[28Dec2025 23:05:20.089] [main/DEBUG] [net.minecraftforge.fml.loading.moddiscovery.AbstractJarFileDependencyLocator/]: Failed to load resource META-INF/jarjar/metadata.json from caelus-forge-1.19.2-3.0.0.6.jar, it does not contain dependency information.
[28Dec2025 23:05:20.089] [main/DEBUG] [net.minecraftforge.fml.loading.moddiscovery.AbstractJarFileDependencyLocator/]: Failed to load resource META-INF/jarjar/metadata.json from Paxi-1.19.2-Forge-3.0.1.jar, it does not contain dependency information.
[28Dec2025 23:05:20.089] [main/DEBUG] [net.minecraftforge.fml.loading.moddiscovery.AbstractJarFileDependencyLocator/]: Failed to load resource META-INF/jarjar/metadata.json from RingsOfAscension-1.19-1.0.1.jar, it does not contain dependency information.
[28Dec2025 23:05:20.089] [main/DEBUG] [net.minecraftforge.fml.loading.moddiscovery.AbstractJarFileDependencyLocator/]: Failed to load resource META-INF/jarjar/metadata.json from fastasyncworldsave-1.19.2-2.0.jar, it does not contain dependency information.
[28Dec2025 23:05:20.089] [main/DEBUG] [net.minecraftforge.fml.loading.moddiscovery.AbstractJarFileDependencyLocator/]: Failed to load resource META-INF/jarjar/metadata.json from apotheotic_additions1.0.4.jar, it does not contain dependency information.
[28Dec2025 23:05:20.089] [main/DEBUG] [net.minecraftforge.fml.loading.moddiscovery.AbstractJarFileDependencyLocator/]: Failed to load resource META-INF/jarjar/metadata.json from NaturesCompass-1.19.2-1.10.0-forge.jar, it does not contain dependency information.
[28Dec2025 23:05:20.089] [main/DEBUG] [net.minecraftforge.fml.loading.moddiscovery.AbstractJarFileDependencyLocator/]: Failed to load resource META-INF/jarjar/metadata.json from CraterLib-Forge-1.19.2-2.1.5.jar, it does not contain dependency information.
[28Dec2025 23:05:20.089] [main/DEBUG] [net.minecraftforge.fml.loading.moddiscovery.AbstractJarFileDependencyLocator/]: Failed to load resource META-INF/jarjar/metadata.json from starlight-1.1.1+forge.cf5b10b.jar, it does not contain dependency information.
[28Dec2025 23:05:20.089] [main/DEBUG] [net.minecraftforge.fml.loading.moddiscovery.AbstractJarFileDependencyLocator/]: Failed to load resource META-INF/jarjar/metadata.json from medieval_paintings-1.19.2-7.0.jar, it does not contain dependency information.
[28Dec2025 23:05:20.089] [main/DEBUG] [net.minecraftforge.fml.loading.moddiscovery.AbstractJarFileDependencyLocator/]: Failed to load resource META-INF/jarjar/metadata.json from corpsecurioscompat-1.18.x-1.20.x-Forge-2.2.2.jar, it does not contain dependency information.
[28Dec2025 23:05:20.089] [main/DEBUG] [net.minecraftforge.fml.loading.moddiscovery.AbstractJarFileDependencyLocator/]: Failed to load resource META-INF/jarjar/metadata.json from memoryleakfix-forge-1.17+-1.0.0.jar, it does not contain dependency information.
[28Dec2025 23:05:20.089] [main/DEBUG] [net.minecraftforge.fml.loading.moddiscovery.AbstractJarFileDependencyLocator/]: Failed to load resource META-INF/jarjar/metadata.json from CraftTweaker-forge-1.19.2-10.1.56.jar, it does not contain dependency information.
[28Dec2025 23:05:20.089] [main/DEBUG] [net.minecraftforge.fml.loading.moddiscovery.AbstractJarFileDependencyLocator/]: Failed to load resource META-INF/jarjar/metadata.json from ars_nouveau-1.19.2-3.23.0.jar, it does not contain dependency information.
[28Dec2025 23:05:20.089] [main/DEBUG] [net.minecraftforge.fml.loading.moddiscovery.AbstractJarFileDependencyLocator/]: Failed to load resource META-INF/jarjar/metadata.json from rubidium_extras-1.19.2_v1.4.3.jar, it does not contain dependency information.
[28Dec2025 23:05:20.089] [main/DEBUG] [net.minecraftforge.fml.loading.moddiscovery.AbstractJarFileDependencyLocator/]: Failed to load resource META-INF/jarjar/metadata.json from DungeonsAriseSevenSeas-1.19.2-1.0.2-forge.jar, it does not contain dependency information.
[28Dec2025 23:05:20.089] [main/DEBUG] [net.minecraftforge.fml.loading.moddiscovery.AbstractJarFileDependencyLocator/]: Failed to load resource META-INF/jarjar/metadata.json from forge-1.19.2-43.3.5-universal.jar, it does not contain dependency information.
[28Dec2025 23:05:20.089] [main/DEBUG] [net.minecraftforge.fml.loading.moddiscovery.AbstractJarFileDependencyLocator/]: Failed to load resource META-INF/jarjar/metadata.json from ironchest-1.19.2-14.2.7.jar, it does not contain dependency information.
[28Dec2025 23:05:20.089] [main/DEBUG] [net.minecraftforge.fml.loading.moddiscovery.AbstractJarFileDependencyLocator/]: Failed to load resource META-INF/jarjar/metadata.json from infernalmobs-1.19.2.4.jar, it does not contain dependency information.
[28Dec2025 23:05:20.089] [main/DEBUG] [net.minecraftforge.fml.loading.moddiscovery.AbstractJarFileDependencyLocator/]: Failed to load resource META-INF/jarjar/metadata.json from DungeonsArise-1.19.2-2.1.54-release.jar, it does not contain dependency information.
[28Dec2025 23:05:20.089] [main/DEBUG] [net.minecraftforge.fml.loading.moddiscovery.AbstractJarFileDependencyLocator/]: Failed to load resource META-INF/jarjar/metadata.json from server-1.19.2-20220805.130853-srg.jar, it does not contain dependency information.
[28Dec2025 23:05:20.090] [main/DEBUG] [net.minecraftforge.fml.loading.moddiscovery.AbstractJarFileDependencyLocator/]: Failed to load resource META-INF/jarjar/metadata.json from sons-of-sins-1.19.2-2.1.6.jar, it does not contain dependency information.
[28Dec2025 23:05:20.090] [main/DEBUG] [net.minecraftforge.fml.loading.moddiscovery.AbstractJarFileDependencyLocator/]: Failed to load resource META-INF/jarjar/metadata.json from TerraBlender-forge-1.19.2-2.0.1.166.jar, it does not contain dependency information.
[28Dec2025 23:05:20.090] [main/DEBUG] [net.minecraftforge.fml.loading.moddiscovery.AbstractJarFileDependencyLocator/]: Failed to load resource META-INF/jarjar/metadata.json from MouseTweaks-forge-mc1.19-2.23.jar, it does not contain dependency information.
[28Dec2025 23:05:20.090] [main/DEBUG] [net.minecraftforge.fml.loading.moddiscovery.AbstractJarFileDependencyLocator/]: Failed to load resource META-INF/jarjar/metadata.json from bettercombat-forge-1.7.1+1.19.jar, it does not contain dependency information.
[28Dec2025 23:05:20.090] [main/DEBUG] [net.minecraftforge.fml.loading.moddiscovery.AbstractJarFileDependencyLocator/]: Failed to load resource META-INF/jarjar/metadata.json from Necronomicon-Forge-1.4.2.jar, it does not contain dependency information.
[28Dec2025 23:05:20.090] [main/DEBUG] [net.minecraftforge.fml.loading.moddiscovery.AbstractJarFileDependencyLocator/]: Failed to load resource META-INF/jarjar/metadata.json from ftb-quests-forge-1902.5.10-build.497.jar, it does not contain dependency information.
[28Dec2025 23:05:20.090] [main/DEBUG] [net.minecraftforge.fml.loading.moddiscovery.AbstractJarFileDependencyLocator/]: Failed to load resource META-INF/jarjar/metadata.json from awesomedungeonnether-forge-1.19.2-3.1.1.jar, it does not contain dependency information.
[28Dec2025 23:05:20.090] [main/DEBUG] [net.minecraftforge.fml.loading.moddiscovery.AbstractJarFileDependencyLocator/]: Failed to load resource META-INF/jarjar/metadata.json from knightquest-1.8.5.jar, it does not contain dependency information.
[28Dec2025 23:05:20.090] [main/DEBUG] [net.minecraftforge.fml.loading.moddiscovery.AbstractJarFileDependencyLocator/]: Failed to load resource META-INF/jarjar/metadata.json from CorgiLib-forge-1.19.2-1.0.0.34.jar, it does not contain dependency information.
[28Dec2025 23:05:20.091] [main/DEBUG] [net.minecraftforge.fml.loading.moddiscovery.AbstractJarFileDependencyLocator/]: Failed to load resource META-INF/jarjar/metadata.json from domum_ornamentum-1.19-1.0.146-BETA-universal.jar, it does not contain dependency information.
[28Dec2025 23:05:20.091] [main/DEBUG] [net.minecraftforge.fml.loading.moddiscovery.AbstractJarFileDependencyLocator/]: Failed to load resource META-INF/jarjar/metadata.json from aeroblender-1.19.2-1.0.1.jar, it does not contain dependency information.
[28Dec2025 23:05:20.091] [main/DEBUG] [net.minecraftforge.fml.loading.moddiscovery.AbstractJarFileDependencyLocator/]: Failed to load resource META-INF/jarjar/metadata.json from betterfpsdist-1.19.2-4.1.jar, it does not contain dependency information.
[28Dec2025 23:05:20.091] [main/DEBUG] [net.minecraftforge.fml.loading.moddiscovery.AbstractJarFileDependencyLocator/]: Failed to load resource META-INF/jarjar/metadata.json from BrewinAndChewin-1.19-2.0.jar, it does not contain dependency information.
[28Dec2025 23:05:20.091] [main/DEBUG] [net.minecraftforge.fml.loading.moddiscovery.AbstractJarFileDependencyLocator/]: Failed to load resource META-INF/jarjar/metadata.json from whisperwoods-1.19-2.1.1-forge.jar, it does not contain dependency information.
[28Dec2025 23:05:20.091] [main/DEBUG] [net.minecraftforge.fml.loading.moddiscovery.AbstractJarFileDependencyLocator/]: Failed to load resource META-INF/jarjar/metadata.json from FarmersRespite-1.19-2.0.jar, it does not contain dependency information.
[28Dec2025 23:05:20.091] [main/DEBUG] [net.minecraftforge.fml.loading.moddiscovery.AbstractJarFileDependencyLocator/]: Failed to load resource META-INF/jarjar/metadata.json from ecologics-forge-1.19.2-2.1.11.jar, it does not contain dependency information.
[28Dec2025 23:05:20.091] [main/DEBUG] [net.minecraftforge.fml.loading.moddiscovery.AbstractJarFileDependencyLocator/]: Failed to load resource META-INF/jarjar/metadata.json from Xaeros_Minimap_25.2.6_Forge_1.19.1.jar, it does not contain dependency information.
[28Dec2025 23:05:20.091] [main/DEBUG] [net.minecraftforge.fml.loading.moddiscovery.AbstractJarFileDependencyLocator/]: Failed to load resource META-INF/jarjar/metadata.json from shadowizardlib-1.19.2-1.0.8.jar, it does not contain dependency information.
[28Dec2025 23:05:20.091] [main/DEBUG] [net.minecraftforge.fml.loading.moddiscovery.AbstractJarFileDependencyLocator/]: Failed to load resource META-INF/jarjar/metadata.json from bocchium-1.19.2-0.0.3.jar, it does not contain dependency information.
[28Dec2025 23:05:20.092] [main/DEBUG] [net.minecraftforge.fml.loading.moddiscovery.AbstractJarFileDependencyLocator/]: Failed to load resource META-INF/jarjar/metadata.json from AutoRegLib-1.8.2-55.jar, it does not contain dependency information.
[28Dec2025 23:05:20.092] [main/DEBUG] [net.minecraftforge.fml.loading.moddiscovery.AbstractJarFileDependencyLocator/]: Failed to load resource META-INF/jarjar/metadata.json from entityculling-forge-1.6.1-mc1.19.2.jar, it does not contain dependency information.
[28Dec2025 23:05:20.092] [main/DEBUG] [net.minecraftforge.fml.loading.moddiscovery.AbstractJarFileDependencyLocator/]: Failed to load resource META-INF/jarjar/metadata.json from canary-mc1.19.2-0.3.3.jar, it does not contain dependency information.
[28Dec2025 23:05:20.092] [main/DEBUG] [net.minecraftforge.fml.loading.moddiscovery.AbstractJarFileDependencyLocator/]: Failed to load resource META-INF/jarjar/metadata.json from strictly_origins_v9.2.1_1.19.2.jar, it does not contain dependency information.
[28Dec2025 23:05:20.092] [main/DEBUG] [net.minecraftforge.fml.loading.moddiscovery.AbstractJarFileDependencyLocator/]: Failed to load resource META-INF/jarjar/metadata.json from structurize-1.19.2-1.0.689-RELEASE.jar, it does not contain dependency information.
[28Dec2025 23:05:20.092] [main/DEBUG] [net.minecraftforge.fml.loading.moddiscovery.AbstractJarFileDependencyLocator/]: Failed to load resource META-INF/jarjar/metadata.json from Mythic-Origins-1.19.x-1.0.0.jar, it does not contain dependency information.
[28Dec2025 23:05:20.092] [main/DEBUG] [net.minecraftforge.fml.loading.moddiscovery.AbstractJarFileDependencyLocator/]: Failed to load resource META-INF/jarjar/metadata.json from tlc_forge-1.0.2-R-1.19.2.jar, it does not contain dependency information.
[28Dec2025 23:05:20.092] [main/DEBUG] [net.minecraftforge.fml.loading.moddiscovery.AbstractJarFileDependencyLocator/]: Failed to load resource META-INF/jarjar/metadata.json from appleskin-forge-mc1.19-2.4.2.jar, it does not contain dependency information.
[28Dec2025 23:05:20.092] [main/DEBUG] [net.minecraftforge.fml.loading.moddiscovery.AbstractJarFileDependencyLocator/]: Failed to load resource META-INF/jarjar/metadata.json from lootr-forge-1.19-0.4.29.76.jar, it does not contain dependency information.
[28Dec2025 23:05:20.092] [main/DEBUG] [net.minecraftforge.fml.loading.moddiscovery.AbstractJarFileDependencyLocator/]: Failed to load resource META-INF/jarjar/metadata.json from upgradednetherite_ultimate-1.19.2-4.1.0.4-release.jar, it does not contain dependency information.
[28Dec2025 23:05:20.092] [main/DEBUG] [net.minecraftforge.fml.loading.moddiscovery.AbstractJarFileDependencyLocator/]: Failed to load resource META-INF/jarjar/metadata.json from biomemusic-1.19.2-2.2.jar, it does not contain dependency information.
[28Dec2025 23:05:20.092] [main/DEBUG] [net.minecraftforge.fml.loading.moddiscovery.AbstractJarFileDependencyLocator/]: Failed to load resource META-INF/jarjar/metadata.json from PuzzlesLib-v4.4.3-1.19.2-Forge.jar, it does not contain dependency information.
[28Dec2025 23:05:20.092] [main/DEBUG] [net.minecraftforge.fml.loading.moddiscovery.AbstractJarFileDependencyLocator/]: Failed to load resource META-INF/jarjar/metadata.json from Oh_The_Biomes_You'll_Go-forge-1.19.2-2.0.1.6.jar, it does not contain dependency information.
[28Dec2025 23:05:20.092] [main/DEBUG] [net.minecraftforge.fml.loading.moddiscovery.AbstractJarFileDependencyLocator/]: Failed to load resource META-INF/jarjar/metadata.json from Aquaculture-1.19.2-2.4.17.jar, it does not contain dependency information.
[28Dec2025 23:05:20.092] [main/DEBUG] [net.minecraftforge.fml.loading.moddiscovery.AbstractJarFileDependencyLocator/]: Failed to load resource META-INF/jarjar/metadata.json from Delightful-1.19.2-3.4.1.jar, it does not contain dependency information.
[28Dec2025 23:05:20.092] [main/DEBUG] [net.minecraftforge.fml.loading.moddiscovery.AbstractJarFileDependencyLocator/]: Failed to load resource META-INF/jarjar/metadata.json from chunksending-1.19.2-2.8.jar, it does not contain dependency information.
[28Dec2025 23:05:20.092] [main/DEBUG] [net.minecraftforge.fml.loading.moddiscovery.AbstractJarFileDependencyLocator/]: Failed to load resource META-INF/jarjar/metadata.json from End's Phantasm - BETAv1.2.10.5 - 1.19.2.jar, it does not contain dependency information.
[28Dec2025 23:05:20.092] [main/DEBUG] [net.minecraftforge.fml.loading.moddiscovery.AbstractJarFileDependencyLocator/]: Failed to load resource META-INF/jarjar/metadata.json from aquamirae-6.API15.jar, it does not contain dependency information.
[28Dec2025 23:05:20.092] [main/DEBUG] [net.minecraftforge.fml.loading.moddiscovery.AbstractJarFileDependencyLocator/]: Failed to load resource META-INF/jarjar/metadata.json from xptome-1.19-2.1.7.jar, it does not contain dependency information.
[28Dec2025 23:05:20.092] [main/DEBUG] [net.minecraftforge.fml.loading.moddiscovery.AbstractJarFileDependencyLocator/]: Failed to load resource META-INF/jarjar/metadata.json from defaultoptions-forge-1.19-15.0.2.jar, it does not contain dependency information.
[28Dec2025 23:05:20.092] [main/DEBUG] [net.minecraftforge.fml.loading.moddiscovery.AbstractJarFileDependencyLocator/]: Failed to load resource META-INF/jarjar/metadata.json from totw_modded-forge-1.19.2-1.0.5.jar, it does not contain dependency information.
[28Dec2025 23:05:20.092] [main/DEBUG] [net.minecraftforge.fml.loading.moddiscovery.AbstractJarFileDependencyLocator/]: Failed to load resource META-INF/jarjar/metadata.json from SkyVillages-1.0.3-1.19.2-1.20.x-forge-release.jar, it does not contain dependency information.
[28Dec2025 23:05:20.092] [main/DEBUG] [net.minecraftforge.fml.loading.moddiscovery.AbstractJarFileDependencyLocator/]: Failed to load resource META-INF/jarjar/metadata.json from blue_skies-1.19.2-1.3.20.jar, it does not contain dependency information.
[28Dec2025 23:05:20.092] [main/DEBUG] [net.minecraftforge.fml.loading.moddiscovery.AbstractJarFileDependencyLocator/]: Failed to load resource META-INF/jarjar/metadata.json from transmog-forge-1.2.2+1.19.2.jar, it does not contain dependency information.
[28Dec2025 23:05:20.092] [main/DEBUG] [net.minecraftforge.fml.loading.moddiscovery.AbstractJarFileDependencyLocator/]: Failed to load resource META-INF/jarjar/metadata.json from ars_additions-1.19.2-1.4.0.jar, it does not contain dependency information.
[28Dec2025 23:05:20.092] [main/DEBUG] [net.minecraftforge.fml.loading.moddiscovery.AbstractJarFileDependencyLocator/]: Failed to load resource META-INF/jarjar/metadata.json from recipeessentials-1.19.2-3.5.jar, it does not contain dependency information.
[28Dec2025 23:05:20.093] [main/DEBUG] [net.minecraftforge.fml.loading.moddiscovery.AbstractJarFileDependencyLocator/]: Failed to load resource META-INF/jarjar/metadata.json from towntalk-1.19.2-1.0.1.jar, it does not contain dependency information.
[28Dec2025 23:05:20.093] [main/DEBUG] [net.minecraftforge.fml.loading.moddiscovery.AbstractJarFileDependencyLocator/]: Failed to load resource META-INF/jarjar/metadata.json from Galosphere-1.19.2-1.3.0-Forge.jar, it does not contain dependency information.
[28Dec2025 23:05:20.093] [main/DEBUG] [net.minecraftforge.fml.loading.moddiscovery.AbstractJarFileDependencyLocator/]: Failed to load resource META-INF/jarjar/metadata.json from YungsBetterOceanMonuments-1.19.2-Forge-2.1.1.jar, it does not contain dependency information.
[28Dec2025 23:05:20.093] [main/DEBUG] [net.minecraftforge.fml.loading.moddiscovery.AbstractJarFileDependencyLocator/]: Failed to load resource META-INF/jarjar/metadata.json from connectivity-1.19.2-4.6.jar, it does not contain dependency information.
[28Dec2025 23:05:20.093] [main/DEBUG] [net.minecraftforge.fml.loading.moddiscovery.AbstractJarFileDependencyLocator/]: Failed to load resource META-INF/jarjar/metadata.json from Incendium_1.19.3_v5.1.6.jar, it does not contain dependency information.
[28Dec2025 23:05:20.093] [main/DEBUG] [net.minecraftforge.fml.loading.moddiscovery.AbstractJarFileDependencyLocator/]: Failed to load resource META-INF/jarjar/metadata.json from sophisticatedcore-1.19.2-0.6.4.730.jar, it does not contain dependency information.
[28Dec2025 23:05:20.093] [main/DEBUG] [net.minecraftforge.fml.loading.moddiscovery.AbstractJarFileDependencyLocator/]: Failed to load resource META-INF/jarjar/metadata.json from gpumemleakfix-1.19.2-1.6.jar, it does not contain dependency information.
[28Dec2025 23:05:20.093] [main/DEBUG] [net.minecraftforge.fml.loading.moddiscovery.AbstractJarFileDependencyLocator/]: Failed to load resource META-INF/jarjar/metadata.json from InsaneLib-1.7.5-mc1.19.2.jar, it does not contain dependency information.
[28Dec2025 23:05:20.093] [main/DEBUG] [net.minecraftforge.fml.loading.moddiscovery.AbstractJarFileDependencyLocator/]: Failed to load resource META-INF/jarjar/metadata.json from structureessentials-1.19.2-3.2.jar, it does not contain dependency information.
[28Dec2025 23:05:20.093] [main/DEBUG] [net.minecraftforge.fml.loading.moddiscovery.AbstractJarFileDependencyLocator/]: Failed to load resource META-INF/jarjar/metadata.json from XaerosWorldMap_1.39.9_Forge_1.19.1.jar, it does not contain dependency information.
[28Dec2025 23:05:20.093] [main/DEBUG] [net.minecraftforge.fml.loading.moddiscovery.AbstractJarFileDependencyLocator/]: Failed to load resource META-INF/jarjar/metadata.json from Controlling-forge-1.19.2-10.0+7.jar, it does not contain dependency information.
[28Dec2025 23:05:20.093] [main/DEBUG] [net.minecraftforge.fml.loading.moddiscovery.AbstractJarFileDependencyLocator/]: Failed to load resource META-INF/jarjar/metadata.json from Prism-1.19.1-1.0.2.jar, it does not contain dependency information.
[28Dec2025 23:05:20.093] [main/DEBUG] [net.minecraftforge.fml.loading.moddiscovery.AbstractJarFileDependencyLocator/]: Failed to load resource META-INF/jarjar/metadata.json from Placebo-1.19.2-7.4.1.jar, it does not contain dependency information.
[28Dec2025 23:05:20.093] [main/DEBUG] [net.minecraftforge.fml.loading.moddiscovery.AbstractJarFileDependencyLocator/]: Failed to load resource META-INF/jarjar/metadata.json from citadel-2.1.4-1.19.jar, it does not contain dependency information.
[28Dec2025 23:05:20.093] [main/DEBUG] [net.minecraftforge.fml.loading.moddiscovery.AbstractJarFileDependencyLocator/]: Failed to load resource META-INF/jarjar/metadata.json from lootintegrations-1.19.2-4.7.jar, it does not contain dependency information.
[28Dec2025 23:05:20.093] [main/DEBUG] [net.minecraftforge.fml.loading.moddiscovery.AbstractJarFileDependencyLocator/]: Failed to load resource META-INF/jarjar/metadata.json from Item_Obliterator-FORGE-MC1.19.2-1.6.2.jar, it does not contain dependency information.
[28Dec2025 23:05:20.093] [main/DEBUG] [net.minecraftforge.fml.loading.moddiscovery.AbstractJarFileDependencyLocator/]: Failed to load resource META-INF/jarjar/metadata.json from letsdo-bakery-forge-1.0.6.jar, it does not contain dependency information.
[28Dec2025 23:05:20.093] [main/DEBUG] [net.minecraftforge.fml.loading.moddiscovery.AbstractJarFileDependencyLocator/]: Failed to load resource META-INF/jarjar/metadata.json from Bookshelf-Forge-1.19.2-16.3.20.jar, it does not contain dependency information.
[28Dec2025 23:05:20.093] [main/DEBUG] [net.minecraftforge.fml.loading.moddiscovery.AbstractJarFileDependencyLocator/]: Failed to load resource META-INF/jarjar/metadata.json from sophisticatedbackpacks-1.19.2-3.20.2.1035.jar, it does not contain dependency information.
[28Dec2025 23:05:20.093] [main/DEBUG] [net.minecraftforge.fml.loading.moddiscovery.AbstractJarFileDependencyLocator/]: Failed to load resource META-INF/jarjar/metadata.json from twigs-forge-1.19.2-3.0.1.jar, it does not contain dependency information.
[28Dec2025 23:05:20.093] [main/DEBUG] [net.minecraftforge.fml.loading.moddiscovery.AbstractJarFileDependencyLocator/]: Failed to load resource META-INF/jarjar/metadata.json from royal_variations_[Forge]_1.19.2_1.0.jar, it does not contain dependency information.
[28Dec2025 23:05:20.093] [main/DEBUG] [net.minecraftforge.fml.loading.moddiscovery.AbstractJarFileDependencyLocator/]: Failed to load resource META-INF/jarjar/metadata.json from relics-1.19.2-0.6.2.5.jar, it does not contain dependency information.
[28Dec2025 23:05:20.093] [main/DEBUG] [net.minecraftforge.fml.loading.moddiscovery.AbstractJarFileDependencyLocator/]: Failed to load resource META-INF/jarjar/metadata.json from takesapillage-1.0.3-1.19.2.jar, it does not contain dependency information.
[28Dec2025 23:05:20.093] [main/DEBUG] [net.minecraftforge.fml.loading.moddiscovery.AbstractJarFileDependencyLocator/]: Failed to load resource META-INF/jarjar/metadata.json from ProgressiveBosses-3.7.6-mc1.19.2.jar, it does not contain dependency information.
[28Dec2025 23:05:20.093] [main/DEBUG] [net.minecraftforge.fml.loading.moddiscovery.AbstractJarFileDependencyLocator/]: Failed to load resource META-INF/jarjar/metadata.json from bygonenether-1.3.2-1.19.2.jar, it does not contain dependency information.
[28Dec2025 23:05:20.094] [main/DEBUG] [net.minecraftforge.fml.loading.moddiscovery.AbstractJarFileDependencyLocator/]: Failed to load resource META-INF/jarjar/metadata.json from ftb-teams-forge-1902.2.14-build.123.jar, it does not contain dependency information.
[28Dec2025 23:05:20.094] [main/DEBUG] [net.minecraftforge.fml.loading.moddiscovery.AbstractJarFileDependencyLocator/]: Failed to load resource META-INF/jarjar/metadata.json from dragonmounts-1.19.2-1.2.3-beta.jar, it does not contain dependency information.
[28Dec2025 23:05:20.094] [main/DEBUG] [net.minecraftforge.fml.loading.moddiscovery.AbstractJarFileDependencyLocator/]: Failed to load resource META-INF/jarjar/metadata.json from dummmmmmy-1.19.2-1.7.1.jar, it does not contain dependency information.
[28Dec2025 23:05:20.094] [main/DEBUG] [net.minecraftforge.fml.loading.moddiscovery.AbstractJarFileDependencyLocator/]: Failed to load resource META-INF/jarjar/metadata.json from twilightforest-1.19.2-4.2.1518-universal.jar, it does not contain dependency information.
[28Dec2025 23:05:20.094] [main/DEBUG] [net.minecraftforge.fml.loading.moddiscovery.AbstractJarFileDependencyLocator/]: Failed to load resource META-INF/jarjar/metadata.json from konkrete_forge_1.8.0_MC_1.19-1.19.2.jar, it does not contain dependency information.
[28Dec2025 23:05:20.094] [main/DEBUG] [net.minecraftforge.fml.loading.moddiscovery.AbstractJarFileDependencyLocator/]: Failed to load resource META-INF/jarjar/metadata.json from enemyexpansion-2.4.0-forge-1.19.2.jar, it does not contain dependency information.
[28Dec2025 23:05:20.094] [main/DEBUG] [net.minecraftforge.fml.loading.moddiscovery.AbstractJarFileDependencyLocator/]: Failed to load resource META-INF/jarjar/metadata.json from collection-of-singiro-1.19.x-1.1.4.jar, it does not contain dependency information.
[28Dec2025 23:05:20.094] [main/DEBUG] [net.minecraftforge.fml.loading.moddiscovery.AbstractJarFileDependencyLocator/]: Failed to load resource META-INF/jarjar/metadata.json from FarmersDelight-1.19.2-1.2.4.jar, it does not contain dependency information.
[28Dec2025 23:05:20.094] [main/DEBUG] [net.minecraftforge.fml.loading.moddiscovery.AbstractJarFileDependencyLocator/]: Failed to load resource META-INF/jarjar/metadata.json from getittogetherdrops-forge-1.19.2-1.3.jar, it does not contain dependency information.
[28Dec2025 23:05:20.094] [main/DEBUG] [net.minecraftforge.fml.loading.moddiscovery.AbstractJarFileDependencyLocator/]: Failed to load resource META-INF/jarjar/metadata.json from endrem_forge-5.2.1-R-1.19.X.jar, it does not contain dependency information.
[28Dec2025 23:05:20.094] [main/DEBUG] [net.minecraftforge.fml.loading.moddiscovery.AbstractJarFileDependencyLocator/]: Failed to load resource META-INF/jarjar/metadata.json from LongNbtKiller-Forge-1.19.2-1.0.0.jar, it does not contain dependency information.
[28Dec2025 23:05:20.094] [main/DEBUG] [net.minecraftforge.fml.loading.moddiscovery.AbstractJarFileDependencyLocator/]: Failed to load resource META-INF/jarjar/metadata.json from lionfishapi-1.8.jar, it does not contain dependency information.
[28Dec2025 23:05:20.094] [main/DEBUG] [net.minecraftforge.fml.loading.moddiscovery.AbstractJarFileDependencyLocator/]: Failed to load resource META-INF/jarjar/metadata.json from dungeons_enhanced-1.19.2-4.1.jar, it does not contain dependency information.
[28Dec2025 23:05:20.094] [main/DEBUG] [net.minecraftforge.fml.loading.moddiscovery.AbstractJarFileDependencyLocator/]: Failed to load resource META-INF/jarjar/metadata.json from memorysettings-1.19.2-5.4.jar, it does not contain dependency information.
[28Dec2025 23:05:20.094] [main/DEBUG] [net.minecraftforge.fml.loading.moddiscovery.AbstractJarFileDependencyLocator/]: Failed to load resource META-INF/jarjar/metadata.json from L_Enders_Cataclysm-2.46-1.19.2.jar, it does not contain dependency information.
[28Dec2025 23:05:20.094] [main/DEBUG] [net.minecraftforge.fml.loading.moddiscovery.AbstractJarFileDependencyLocator/]: Failed to load resource META-INF/jarjar/metadata.json from Patchouli-1.19.2-77.jar, it does not contain dependency information.
[28Dec2025 23:05:20.094] [main/DEBUG] [net.minecraftforge.fml.loading.moddiscovery.AbstractJarFileDependencyLocator/]: Failed to load resource META-INF/jarjar/metadata.json from blockui-1.19.2-1.0.140-BETA.jar, it does not contain dependency information.
[28Dec2025 23:05:20.094] [main/DEBUG] [net.minecraftforge.fml.loading.moddiscovery.AbstractJarFileDependencyLocator/]: Failed to load resource META-INF/jarjar/metadata.json from origins-classes-forge-1.2.1.jar, it does not contain dependency information.
[28Dec2025 23:05:20.094] [main/DEBUG] [net.minecraftforge.fml.loading.moddiscovery.AbstractJarFileDependencyLocator/]: Failed to load resource META-INF/jarjar/metadata.json from woodworks-1.19.2-2.2.2.jar, it does not contain dependency information.
[28Dec2025 23:05:20.094] [main/DEBUG] [net.minecraftforge.fml.loading.moddiscovery.AbstractJarFileDependencyLocator/]: Failed to load resource META-INF/jarjar/metadata.json from DramaticDoors-QuiFabrge-1.19.2-3.2.7.jar, it does not contain dependency information.
[28Dec2025 23:05:20.094] [main/DEBUG] [net.minecraftforge.fml.loading.moddiscovery.AbstractJarFileDependencyLocator/]: Failed to load resource META-INF/jarjar/metadata.json from BetterThirdPerson-Forge-1.19-1.9.0.jar, it does not contain dependency information.
[28Dec2025 23:05:20.094] [main/DEBUG] [net.minecraftforge.fml.loading.moddiscovery.AbstractJarFileDependencyLocator/]: Failed to load resource META-INF/jarjar/metadata.json from elevatorid-1.19.2-1.8.10.jar, it does not contain dependency information.
[28Dec2025 23:05:20.094] [main/DEBUG] [net.minecraftforge.fml.loading.moddiscovery.AbstractJarFileDependencyLocator/]: Failed to load resource META-INF/jarjar/metadata.json from NightConfigFixes-v4.0.7-1.19.2-Forge.jar, it does not contain dependency information.
[28Dec2025 23:05:20.094] [main/DEBUG] [net.minecraftforge.fml.loading.moddiscovery.AbstractJarFileDependencyLocator/]: Failed to load resource META-INF/jarjar/metadata.json from ftb-ultimine-forge-1902.4.2-build.14.jar, it does not contain dependency information.
[28Dec2025 23:05:20.094] [main/DEBUG] [net.minecraftforge.fml.loading.moddiscovery.AbstractJarFileDependencyLocator/]: Failed to load resource META-INF/jarjar/metadata.json from YungsBetterStrongholds-1.19.2-Forge-3.2.0.jar, it does not contain dependency information.
[28Dec2025 23:05:20.094] [main/DEBUG] [net.minecraftforge.fml.loading.moddiscovery.AbstractJarFileDependencyLocator/]: Failed to load resource META-INF/jarjar/metadata.json from EnigmaticLegacy-2.26.5.jar, it does not contain dependency information.
[28Dec2025 23:05:20.094] [main/DEBUG] [net.minecraftforge.fml.loading.moddiscovery.AbstractJarFileDependencyLocator/]: Failed to load resource META-INF/jarjar/metadata.json from deeperdarker-forge-1.19.2-1.2.2.jar, it does not contain dependency information.
[28Dec2025 23:05:20.094] [main/DEBUG] [net.minecraftforge.fml.loading.moddiscovery.AbstractJarFileDependencyLocator/]: Failed to load resource META-INF/jarjar/metadata.json from architectury-6.6.92-forge.jar, it does not contain dependency information.
[28Dec2025 23:05:20.094] [main/DEBUG] [net.minecraftforge.fml.loading.moddiscovery.AbstractJarFileDependencyLocator/]: Failed to load resource META-INF/jarjar/metadata.json from AI-Improvements-1.19.2-0.5.2.jar, it does not contain dependency information.
[28Dec2025 23:05:20.094] [main/DEBUG] [net.minecraftforge.fml.loading.moddiscovery.AbstractJarFileDependencyLocator/]: Failed to load resource META-INF/jarjar/metadata.json from cupboard-1.19.2-2.6.jar, it does not contain dependency information.
[28Dec2025 23:05:20.094] [main/DEBUG] [net.minecraftforge.fml.loading.moddiscovery.AbstractJarFileDependencyLocator/]: Failed to load resource META-INF/jarjar/metadata.json from smallships-forge-1.19.2-2.0.0-b1.3.1.jar, it does not contain dependency information.
[28Dec2025 23:05:20.094] [main/DEBUG] [net.minecraftforge.fml.loading.moddiscovery.AbstractJarFileDependencyLocator/]: Failed to load resource META-INF/jarjar/metadata.json from letmedespawn-forge-1.3.2b.jar, it does not contain dependency information.
[28Dec2025 23:05:20.094] [main/DEBUG] [net.minecraftforge.fml.loading.moddiscovery.AbstractJarFileDependencyLocator/]: Failed to load resource META-INF/jarjar/metadata.json from yeetusexperimentus-1.0.1-build.2+mc1.19.1.jar, it does not contain dependency information.
[28Dec2025 23:05:20.094] [main/DEBUG] [net.minecraftforge.fml.loading.moddiscovery.AbstractJarFileDependencyLocator/]: Failed to load resource META-INF/jarjar/metadata.json from toomanyglyphs-1.19.2-2.2.376.1564.jar, it does not contain dependency information.
[28Dec2025 23:05:20.094] [main/DEBUG] [net.minecraftforge.fml.loading.moddiscovery.AbstractJarFileDependencyLocator/]: Failed to load resource META-INF/jarjar/metadata.json from dreadsteel-1.19.2-1.1.6.jar, it does not contain dependency information.
[28Dec2025 23:05:20.094] [main/DEBUG] [net.minecraftforge.fml.loading.moddiscovery.AbstractJarFileDependencyLocator/]: Failed to load resource META-INF/jarjar/metadata.json from BetterAdvancements-1.19.2-0.2.2.142.jar, it does not contain dependency information.
[28Dec2025 23:05:20.094] [main/DEBUG] [net.minecraftforge.fml.loading.moddiscovery.AbstractJarFileDependencyLocator/]: Failed to load resource META-INF/jarjar/metadata.json from majruszs-accessories-forge-1.19.2-1.5.2-backport.2.jar, it does not contain dependency information.
[28Dec2025 23:05:20.094] [main/DEBUG] [net.minecraftforge.fml.loading.moddiscovery.AbstractJarFileDependencyLocator/]: Failed to load resource META-INF/jarjar/metadata.json from BHMenu-Forge-1.19.2-2.4.2.jar, it does not contain dependency information.
[28Dec2025 23:05:20.094] [main/DEBUG] [net.minecraftforge.fml.loading.moddiscovery.AbstractJarFileDependencyLocator/]: Failed to load resource META-INF/jarjar/metadata.json from rhino-forge-1902.2.3-build.284.jar, it does not contain dependency information.
[28Dec2025 23:05:20.095] [main/DEBUG] [net.minecraftforge.fml.loading.moddiscovery.AbstractJarFileDependencyLocator/]: Failed to load resource META-INF/jarjar/metadata.json from trashslot-forge-1.19.2-12.1.0.jar, it does not contain dependency information.
[28Dec2025 23:05:20.095] [main/DEBUG] [net.minecraftforge.fml.loading.moddiscovery.AbstractJarFileDependencyLocator/]: Failed to load resource META-INF/jarjar/metadata.json from awesomedungeonend-forge-1.19.2-3.1.1.jar, it does not contain dependency information.
[28Dec2025 23:05:20.095] [main/DEBUG] [net.minecraftforge.fml.loading.moddiscovery.AbstractJarFileDependencyLocator/]: Failed to load resource META-INF/jarjar/metadata.json from item-filters-forge-1902.2.9-build.51.jar, it does not contain dependency information.
[28Dec2025 23:05:20.095] [main/DEBUG] [net.minecraftforge.fml.loading.moddiscovery.AbstractJarFileDependencyLocator/]: Failed to load resource META-INF/jarjar/metadata.json from HL-0.9.1-1.19.2.jar, it does not contain dependency information.
[28Dec2025 23:05:20.095] [main/DEBUG] [net.minecraftforge.fml.loading.moddiscovery.AbstractJarFileDependencyLocator/]: Failed to load resource META-INF/jarjar/metadata.json from SimpleRPC-4.0.4.jar, it does not contain dependency information.
[28Dec2025 23:05:20.095] [main/DEBUG] [net.minecraftforge.fml.loading.moddiscovery.AbstractJarFileDependencyLocator/]: Failed to load resource META-INF/jarjar/metadata.json from obscure_api-15.jar, it does not contain dependency information.
[28Dec2025 23:05:20.095] [main/DEBUG] [net.minecraftforge.fml.loading.moddiscovery.AbstractJarFileDependencyLocator/]: Failed to load resource META-INF/jarjar/metadata.json from Structory_Towers_1.19.3_v1.0.2.jar, it does not contain dependency information.
[28Dec2025 23:05:20.095] [main/DEBUG] [net.minecraftforge.fml.loading.moddiscovery.AbstractJarFileDependencyLocator/]: Failed to load resource META-INF/jarjar/metadata.json from waystones-forge-1.19.2-11.4.2.jar, it does not contain dependency information.
[28Dec2025 23:05:20.095] [main/DEBUG] [net.minecraftforge.fml.loading.moddiscovery.AbstractJarFileDependencyLocator/]: Failed to load resource META-INF/jarjar/metadata.json from Structory_1.19.3_v1.3.1a.jar, it does not contain dependency information.
[28Dec2025 23:05:20.095] [main/DEBUG] [net.minecraftforge.fml.loading.moddiscovery.AbstractJarFileDependencyLocator/]: Failed to load resource META-INF/jarjar/metadata.json from Clumps-forge-1.19.2-9.0.0+14.jar, it does not contain dependency information.
[28Dec2025 23:05:20.095] [main/DEBUG] [net.minecraftforge.fml.loading.moddiscovery.AbstractJarFileDependencyLocator/]: Failed to load resource META-INF/jarjar/metadata.json from Decorative Blocks-forge-1.19.2-3.0.0.jar, it does not contain dependency information.
[28Dec2025 23:05:20.095] [main/DEBUG] [net.minecraftforge.fml.loading.moddiscovery.AbstractJarFileDependencyLocator/]: Failed to load resource META-INF/jarjar/metadata.json from MyServerIsCompatible-1.19-1.0.jar, it does not contain dependency information.
[28Dec2025 23:05:20.095] [main/DEBUG] [net.minecraftforge.fml.loading.moddiscovery.AbstractJarFileDependencyLocator/]: Failed to load resource META-INF/jarjar/metadata.json from enigmaticaddons-1.19.2-1.2.2.jar, it does not contain dependency information.
[28Dec2025 23:05:20.095] [main/DEBUG] [net.minecraftforge.fml.loading.moddiscovery.AbstractJarFileDependencyLocator/]: Failed to load resource META-INF/jarjar/metadata.json from DungeonCrawl-1.19-2.3.12.jar, it does not contain dependency information.
[28Dec2025 23:05:20.095] [main/DEBUG] [net.minecraftforge.fml.loading.moddiscovery.AbstractJarFileDependencyLocator/]: Failed to load resource META-INF/jarjar/metadata.json from knightlib-forge-1.19.2-1.2.0.jar, it does not contain dependency information.
[28Dec2025 23:05:20.095] [main/DEBUG] [net.minecraftforge.fml.loading.moddiscovery.AbstractJarFileDependencyLocator/]: Failed to load resource META-INF/jarjar/metadata.json from BadMobs-1.19.2-16.1.3.jar, it does not contain dependency information.
[28Dec2025 23:05:20.095] [main/DEBUG] [net.minecraftforge.fml.loading.moddiscovery.AbstractJarFileDependencyLocator/]: Failed to load resource META-INF/jarjar/metadata.json from lazydfu-1.19-1.0.2.jar, it does not contain dependency information.
[28Dec2025 23:05:20.095] [main/DEBUG] [net.minecraftforge.fml.loading.moddiscovery.AbstractJarFileDependencyLocator/]: Failed to load resource META-INF/jarjar/metadata.json from YungsBetterDesertTemples-1.19.2-Forge-2.2.2.jar, it does not contain dependency information.
[28Dec2025 23:05:20.095] [main/DEBUG] [net.minecraftforge.fml.loading.moddiscovery.AbstractJarFileDependencyLocator/]: Failed to load resource META-INF/jarjar/metadata.json from ExplorersCompass-1.19.2-1.3.0-forge.jar, it does not contain dependency information.
[28Dec2025 23:05:20.095] [main/DEBUG] [net.minecraftforge.fml.loading.moddiscovery.AbstractJarFileDependencyLocator/]: Failed to load resource META-INF/jarjar/metadata.json from BOMD-Forge-1.19.2-1.0.6.jar, it does not contain dependency information.
[28Dec2025 23:05:20.095] [main/DEBUG] [net.minecraftforge.fml.loading.moddiscovery.AbstractJarFileDependencyLocator/]: Failed to load resource META-INF/jarjar/metadata.json from blueprint-1.19.2-6.2.0.jar, it does not contain dependency information.
[28Dec2025 23:05:20.095] [main/DEBUG] [net.minecraftforge.fml.loading.moddiscovery.AbstractJarFileDependencyLocator/]: Failed to load resource META-INF/jarjar/metadata.json from ftb-chunks-forge-1902.4.7-build.420.jar, it does not contain dependency information.
[28Dec2025 23:05:20.095] [main/DEBUG] [net.minecraftforge.fml.loading.moddiscovery.AbstractJarFileDependencyLocator/]: Failed to load resource META-INF/jarjar/metadata.json from dungeons-and-taverns-2.0.2 forge.jar, it does not contain dependency information.
[28Dec2025 23:05:20.095] [main/DEBUG] [net.minecraftforge.fml.loading.moddiscovery.AbstractJarFileDependencyLocator/]: Failed to load resource META-INF/jarjar/metadata.json from TravelersTitles-1.19.2-Forge-3.1.2.jar, it does not contain dependency information.
[28Dec2025 23:05:20.095] [main/DEBUG] [net.minecraftforge.fml.loading.moddiscovery.AbstractJarFileDependencyLocator/]: Failed to load resource META-INF/jarjar/metadata.json from toofast-1.19-0.2.2.4.jar, it does not contain dependency information.
[28Dec2025 23:05:20.095] [main/DEBUG] [net.minecraftforge.fml.loading.moddiscovery.AbstractJarFileDependencyLocator/]: Failed to load resource META-INF/jarjar/metadata.json from Raided-1.19.2-0.1.4.jar, it does not contain dependency information.
[28Dec2025 23:05:20.095] [main/DEBUG] [net.minecraftforge.fml.loading.moddiscovery.AbstractJarFileDependencyLocator/]: Failed to load resource META-INF/jarjar/metadata.json from meetyourfight-1.19.2-1.3.4.jar, it does not contain dependency information.
[28Dec2025 23:05:20.095] [main/DEBUG] [net.minecraftforge.fml.loading.moddiscovery.AbstractJarFileDependencyLocator/]: Failed to load resource META-INF/jarjar/metadata.json from simplyswords-forge-1.47.0-1.19.2.jar, it does not contain dependency information.
[28Dec2025 23:05:20.095] [main/DEBUG] [net.minecraftforge.fml.loading.moddiscovery.AbstractJarFileDependencyLocator/]: Failed to load resource META-INF/jarjar/metadata.json from EnchantmentDescriptions-Forge-1.19.2-13.0.14.jar, it does not contain dependency information.
[28Dec2025 23:05:20.095] [main/DEBUG] [net.minecraftforge.fml.loading.moddiscovery.AbstractJarFileDependencyLocator/]: Failed to load resource META-INF/jarjar/metadata.json from moonlight-1.19.2-2.3.7-forge.jar, it does not contain dependency information.
[28Dec2025 23:05:20.095] [main/DEBUG] [net.minecraftforge.fml.loading.moddiscovery.AbstractJarFileDependencyLocator/]: Failed to load resource META-INF/jarjar/metadata.json from ItemStages-Forge-1.19.2-5.1.4.jar, it does not contain dependency information.
[28Dec2025 23:05:20.095] [main/DEBUG] [net.minecraftforge.fml.loading.moddiscovery.AbstractJarFileDependencyLocator/]: Failed to load resource META-INF/jarjar/metadata.json from eccentrictome-1.19.2-1.10.2.jar, it does not contain dependency information.
[28Dec2025 23:05:20.096] [main/DEBUG] [net.minecraftforge.fml.loading.moddiscovery.AbstractJarFileDependencyLocator/]: Failed to load resource META-INF/jarjar/metadata.json from Jade-1.19.1-forge-8.9.2.jar, it does not contain dependency information.
[28Dec2025 23:05:20.096] [main/DEBUG] [net.minecraftforge.fml.loading.moddiscovery.AbstractJarFileDependencyLocator/]: Failed to load resource META-INF/jarjar/metadata.json from cisco_mod_9.2.jar, it does not contain dependency information.
[28Dec2025 23:05:20.096] [main/DEBUG] [net.minecraftforge.fml.loading.moddiscovery.AbstractJarFileDependencyLocator/]: Failed to load resource META-INF/jarjar/metadata.json from HopoBetterRuinedPortals-[1.19-1.19.3]-1.3.3b.jar, it does not contain dependency information.
[28Dec2025 23:05:20.096] [main/DEBUG] [net.minecraftforge.fml.loading.moddiscovery.AbstractJarFileDependencyLocator/]: Failed to load resource META-INF/jarjar/metadata.json from CullLessLeaves-Reforged-1.0.5.jar, it does not contain dependency information.
[28Dec2025 23:05:20.096] [main/DEBUG] [net.minecraftforge.fml.loading.moddiscovery.AbstractJarFileDependencyLocator/]: Failed to load resource META-INF/jarjar/metadata.json from forbidden_arcanus-1.19.2-2.1.5.jar, it does not contain dependency information.
[28Dec2025 23:05:20.096] [main/DEBUG] [net.minecraftforge.fml.loading.moddiscovery.AbstractJarFileDependencyLocator/]: Failed to load resource META-INF/jarjar/metadata.json from smoothboot(reloaded)-mc1.19.2-0.0.4.jar, it does not contain dependency information.
[28Dec2025 23:05:20.096] [main/DEBUG] [net.minecraftforge.fml.loading.moddiscovery.AbstractJarFileDependencyLocator/]: Failed to load resource META-INF/jarjar/metadata.json from NethersDelight-1.19-3.1.jar, it does not contain dependency information.
[28Dec2025 23:05:20.096] [main/DEBUG] [net.minecraftforge.fml.loading.moddiscovery.AbstractJarFileDependencyLocator/]: Failed to load resource META-INF/jarjar/metadata.json from atmospheric-1.19.2-5.1.2.jar, it does not contain dependency information.
[28Dec2025 23:05:20.096] [main/DEBUG] [net.minecraftforge.fml.loading.moddiscovery.AbstractJarFileDependencyLocator/]: Failed to load resource META-INF/jarjar/metadata.json from easy-villagers-forge-1.19.2-1.1.23.jar, it does not contain dependency information.
[28Dec2025 23:05:20.096] [main/DEBUG] [net.minecraftforge.fml.loading.moddiscovery.AbstractJarFileDependencyLocator/]: Failed to load resource META-INF/jarjar/metadata.json from Iceberg-1.19.2-forge-1.1.4.jar, it does not contain dependency information.
[28Dec2025 23:05:20.096] [main/DEBUG] [net.minecraftforge.fml.loading.moddiscovery.AbstractJarFileDependencyLocator/]: Failed to load resource META-INF/jarjar/metadata.json from brutalbosses-1.19.2-6.8.jar, it does not contain dependency information.
[28Dec2025 23:05:20.096] [main/DEBUG] [net.minecraftforge.fml.loading.moddiscovery.AbstractJarFileDependencyLocator/]: Failed to load resource META-INF/jarjar/metadata.json from StorageDrawers-1.19.2-11.4.1.jar, it does not contain dependency information.
[28Dec2025 23:05:20.096] [main/DEBUG] [net.minecraftforge.fml.loading.moddiscovery.AbstractJarFileDependencyLocator/]: Failed to load resource META-INF/jarjar/metadata.json from ars_elemental-1.19.2-0.5.9.4.1.jar, it does not contain dependency information.
[28Dec2025 23:05:20.096] [main/DEBUG] [net.minecraftforge.fml.loading.moddiscovery.AbstractJarFileDependencyLocator/]: Failed to load resource META-INF/jarjar/metadata.json from irons_spellbooks-1.19.2-3.4.0.jar, it does not contain dependency information.
[28Dec2025 23:05:20.096] [main/DEBUG] [net.minecraftforge.fml.loading.moddiscovery.AbstractJarFileDependencyLocator/]: Failed to load resource META-INF/jarjar/metadata.json from immersive_paintings-0.6.7+1.19.2-forge.jar, it does not contain dependency information.
[28Dec2025 23:05:20.096] [main/DEBUG] [net.minecraftforge.fml.loading.moddiscovery.AbstractJarFileDependencyLocator/]: Failed to load resource META-INF/jarjar/metadata.json from doespotatotick-1.19.2-4.0.2.jar, it does not contain dependency information.
[28Dec2025 23:05:20.096] [main/DEBUG] [net.minecraftforge.fml.loading.moddiscovery.AbstractJarFileDependencyLocator/]: Failed to load resource META-INF/jarjar/metadata.json from EndlessBiomes 1.4s - 1.19.2 (Server-friendly).jar, it does not contain dependency information.
[28Dec2025 23:05:20.096] [main/DEBUG] [net.minecraftforge.fml.loading.moddiscovery.AbstractJarFileDependencyLocator/]: Failed to load resource META-INF/jarjar/metadata.json from upgradedcore-1.19.2-4.1.0.1-release.jar, it does not contain dependency information.
[28Dec2025 23:05:20.096] [main/DEBUG] [net.minecraftforge.fml.loading.moddiscovery.AbstractJarFileDependencyLocator/]: Failed to load resource META-INF/jarjar/metadata.json from Wabi-Sabi-Structures-1.2.0-1.19-Forge.jar, it does not contain dependency information.
[28Dec2025 23:05:20.096] [main/DEBUG] [net.minecraftforge.fml.loading.moddiscovery.AbstractJarFileDependencyLocator/]: Failed to load resource META-INF/jarjar/metadata.json from minecolonies-1.19.2-1.1.516-BETA.jar, it does not contain dependency information.
[28Dec2025 23:05:20.096] [main/DEBUG] [net.minecraftforge.fml.loading.moddiscovery.AbstractJarFileDependencyLocator/]: Failed to load resource META-INF/jarjar/metadata.json from alexsdelight-1.4.1.jar, it does not contain dependency information.
[28Dec2025 23:05:20.096] [main/DEBUG] [net.minecraftforge.fml.loading.moddiscovery.AbstractJarFileDependencyLocator/]: Failed to load resource META-INF/jarjar/metadata.json from ferritecore-5.0.3-forge.jar, it does not contain dependency information.
[28Dec2025 23:05:20.096] [main/DEBUG] [net.minecraftforge.fml.loading.moddiscovery.AbstractJarFileDependencyLocator/]: Failed to load resource META-INF/jarjar/metadata.json from majruszs-enchantments-forge-1.19.2-1.10.7-backport.1.jar, it does not contain dependency information.
[28Dec2025 23:05:20.096] [main/DEBUG] [net.minecraftforge.fml.loading.moddiscovery.AbstractJarFileDependencyLocator/]: Failed to load resource META-INF/jarjar/metadata.json from packetfixer-3.1.4-1.18-1.20.4-merged.jar, it does not contain dependency information.
[28Dec2025 23:05:20.097] [main/DEBUG] [net.minecraftforge.fml.loading.moddiscovery.AbstractJarFileDependencyLocator/]: Failed to load resource META-INF/jarjar/metadata.json from valhelsia_core-forge-1.19.2-0.5.0.jar, it does not contain dependency information.
[28Dec2025 23:05:20.097] [main/DEBUG] [net.minecraftforge.fml.loading.moddiscovery.AbstractJarFileDependencyLocator/]: Failed to load resource META-INF/jarjar/metadata.json from OverflowingBars-v4.0.1-1.19.2-Forge.jar, it does not contain dependency information.
[28Dec2025 23:05:20.097] [main/DEBUG] [net.minecraftforge.fml.loading.moddiscovery.AbstractJarFileDependencyLocator/]: Failed to load resource META-INF/jarjar/metadata.json from UndeadUnleashed-1.1.1-1.19.2.jar, it does not contain dependency information.
[28Dec2025 23:05:20.097] [main/DEBUG] [net.minecraftforge.fml.loading.moddiscovery.AbstractJarFileDependencyLocator/]: Failed to load resource META-INF/jarjar/metadata.json from mclanguage-1.19.2-43.3.5.jar, it does not contain dependency information.
[28Dec2025 23:05:20.097] [main/DEBUG] [net.minecraftforge.fml.loading.moddiscovery.AbstractJarFileDependencyLocator/]: Failed to load resource META-INF/jarjar/metadata.json from javafmllanguage-1.19.2-43.3.5.jar, it does not contain dependency information.
[28Dec2025 23:05:20.097] [main/DEBUG] [net.minecraftforge.fml.loading.moddiscovery.AbstractJarFileDependencyLocator/]: Failed to load resource META-INF/jarjar/metadata.json from fmlcore-1.19.2-43.3.5.jar, it does not contain dependency information.
[28Dec2025 23:05:20.097] [main/DEBUG] [net.minecraftforge.fml.loading.moddiscovery.AbstractJarFileDependencyLocator/]: Failed to load resource META-INF/jarjar/metadata.json from lowcodelanguage-1.19.2-43.3.5.jar, it does not contain dependency information.
[28Dec2025 23:05:20.141] [main/DEBUG] [net.minecraftforge.fml.loading.moddiscovery.ModFileParser/LOADING]: Considering mod file candidate 
[28Dec2025 23:05:20.141] [main/DEBUG] [net.minecraftforge.fml.loading.moddiscovery.ModFileInfo/LOADING]: Found valid mod file spectrelib-forge-0.12.8+1.19.2.jar with {spectrelib} mods - versions {0.12.8+1.19.2}
[28Dec2025 23:05:20.143] [main/DEBUG] [net.minecraftforge.fml.loading.moddiscovery.ModFileParser/LOADING]: Considering mod file candidate 
[28Dec2025 23:05:20.143] [main/DEBUG] [net.minecraftforge.fml.loading.moddiscovery.ModFileInfo/LOADING]: Found valid mod file mixinextras-forge-0.2.1.jar with {mixinextras} mods - versions {0.2.1}
[28Dec2025 23:05:20.145] [main/DEBUG] [net.minecraftforge.fml.loading.moddiscovery.ModFileParser/LOADING]: Considering mod file candidate 
[28Dec2025 23:05:20.145] [main/DEBUG] [net.minecraftforge.fml.loading.moddiscovery.ModFileInfo/LOADING]: Found valid mod file mixinextras-forge-0.2.0-beta.6.jar with {mixinextras} mods - versions {0.2.0-beta.6}
[28Dec2025 23:05:20.155] [main/DEBUG] [net.minecraftforge.fml.loading.moddiscovery.ModFileParser/LOADING]: Considering mod file candidate 
[28Dec2025 23:05:20.155] [main/DEBUG] [net.minecraftforge.fml.loading.moddiscovery.ModFileInfo/LOADING]: Found valid mod file mixinextras-forge-0.3.6.jar with {mixinextras} mods - versions {0.3.6}
[28Dec2025 23:05:20.158] [main/DEBUG] [net.minecraftforge.fml.loading.moddiscovery.ModFileParser/LOADING]: Considering mod file candidate 
[28Dec2025 23:05:20.158] [main/DEBUG] [net.minecraftforge.fml.loading.moddiscovery.ModFileInfo/LOADING]: Found valid mod file mixinextras-forge-0.2.1.jar with {mixinextras} mods - versions {0.2.1}
[28Dec2025 23:05:20.165] [main/DEBUG] [net.minecraftforge.fml.loading.moddiscovery.ModFileParser/LOADING]: Considering mod file candidate 
[28Dec2025 23:05:20.165] [main/DEBUG] [net.minecraftforge.fml.loading.moddiscovery.ModFileInfo/LOADING]: Found valid mod file mixinextras-forge-0.2.0-beta.6.jar with {mixinextras} mods - versions {0.2.0-beta.6}
[28Dec2025 23:05:20.167] [main/DEBUG] [net.minecraftforge.fml.loading.moddiscovery.ModFileParser/LOADING]: Considering mod file candidate 
[28Dec2025 23:05:20.167] [main/DEBUG] [net.minecraftforge.fml.loading.moddiscovery.ModFileInfo/LOADING]: Found valid mod file mixinextras-forge-0.3.6.jar with {mixinextras} mods - versions {0.3.6}
[28Dec2025 23:05:20.169] [main/DEBUG] [net.minecraftforge.fml.loading.moddiscovery.ModFileParser/LOADING]: Considering mod file candidate 
[28Dec2025 23:05:20.169] [main/DEBUG] [net.minecraftforge.fml.loading.moddiscovery.ModFileInfo/LOADING]: Found valid mod file mixinextras-forge-0.3.2.jar with {mixinextras} mods - versions {0.3.2}
[28Dec2025 23:05:20.171] [main/DEBUG] [net.minecraftforge.fml.loading.moddiscovery.ModFileParser/LOADING]: Considering mod file candidate 
[28Dec2025 23:05:20.171] [main/DEBUG] [net.minecraftforge.fml.loading.moddiscovery.ModFileInfo/LOADING]: Found valid mod file mixinextras-forge-0.2.0-rc.5.jar with {mixinextras} mods - versions {0.2.0-rc.5}
[28Dec2025 23:05:20.172] [main/DEBUG] [net.minecraftforge.fml.loading.moddiscovery.ModFileParser/LOADING]: Considering mod file candidate 
[28Dec2025 23:05:20.172] [main/DEBUG] [net.minecraftforge.fml.loading.moddiscovery.ModFileInfo/LOADING]: Found valid mod file mixinextras-forge-0.2.0-rc.2.jar with {mixinextras} mods - versions {0.2.0-rc.2}
[28Dec2025 23:05:20.175] [main/DEBUG] [net.minecraftforge.fml.loading.moddiscovery.ModFileParser/LOADING]: Considering mod file candidate 
[28Dec2025 23:05:20.175] [main/DEBUG] [net.minecraftforge.fml.loading.moddiscovery.ModFileInfo/LOADING]: Found valid mod file mixinextras-forge-0.2.0-beta.9.jar with {mixinextras} mods - versions {0.2.0-beta.9}
[28Dec2025 23:05:20.178] [main/DEBUG] [net.minecraftforge.fml.loading.moddiscovery.ModFileParser/LOADING]: Considering mod file candidate 
[28Dec2025 23:05:20.178] [main/DEBUG] [net.minecraftforge.fml.loading.moddiscovery.ModFileInfo/LOADING]: Found valid mod file mixinextras-forge-0.2.1-beta.2.jar with {mixinextras} mods - versions {0.2.1-beta.2}
[28Dec2025 23:05:20.181] [main/DEBUG] [net.minecraftforge.fml.loading.moddiscovery.ModFileParser/LOADING]: Considering mod file candidate 
[28Dec2025 23:05:20.181] [main/DEBUG] [net.minecraftforge.fml.loading.moddiscovery.ModFileInfo/LOADING]: Found valid mod file mixinsquared-forge-0.1.2-beta.6.jar with {mixinsquared} mods - versions {0.1.2-beta.6}
[28Dec2025 23:05:20.183] [main/DEBUG] [net.minecraftforge.fml.loading.moddiscovery.ModFileParser/LOADING]: Considering mod file candidate 
[28Dec2025 23:05:20.183] [main/DEBUG] [net.minecraftforge.fml.loading.moddiscovery.ModFileInfo/LOADING]: Found valid mod file spectrelib-forge-0.12.8+1.19.2.jar with {spectrelib} mods - versions {0.12.8+1.19.2}
[28Dec2025 23:05:20.184] [main/DEBUG] [net.minecraftforge.fml.loading.moddiscovery.ModFileParser/LOADING]: Considering mod file candidate 
[28Dec2025 23:05:20.184] [main/DEBUG] [net.minecraftforge.fml.loading.moddiscovery.ModFileInfo/LOADING]: Found valid mod file mixinextras-forge-0.2.0-beta.9.jar with {mixinextras} mods - versions {0.2.0-beta.9}
[28Dec2025 23:05:20.192] [main/DEBUG] [net.minecraftforge.fml.loading.moddiscovery.ModFileParser/LOADING]: Considering mod file candidate 
[28Dec2025 23:05:20.192] [main/DEBUG] [net.minecraftforge.fml.loading.moddiscovery.ModFileInfo/LOADING]: Found valid mod file nitrogen_internals-1.19.2-1.0.3-forge.jar with {nitrogen_internals} mods - versions {1.19.2-1.0.3-forge}
[28Dec2025 23:05:20.195] [main/DEBUG] [net.minecraftforge.fml.loading.moddiscovery.ModFileParser/LOADING]: Considering mod file candidate 
[28Dec2025 23:05:20.195] [main/DEBUG] [net.minecraftforge.fml.loading.moddiscovery.ModFileInfo/LOADING]: Found valid mod file cumulus_menus-1.19.2-1.0.0-forge.jar with {cumulus_menus} mods - versions {1.19.2-1.0.0-forge}
[28Dec2025 23:05:20.198] [main/DEBUG] [net.minecraftforge.fml.loading.moddiscovery.ModFileParser/LOADING]: Considering mod file candidate 
[28Dec2025 23:05:20.199] [main/DEBUG] [net.minecraftforge.fml.loading.moddiscovery.ModFileInfo/LOADING]: Found valid mod file curios-forge-1.19.2-5.1.4.1.jar with {curios} mods - versions {1.19.2-5.1.4.1}
[28Dec2025 23:05:20.204] [main/DEBUG] [net.minecraftforge.fml.loading.moddiscovery.ModFileParser/LOADING]: Considering mod file candidate 
[28Dec2025 23:05:20.205] [main/DEBUG] [net.minecraftforge.fml.loading.moddiscovery.ModFileInfo/LOADING]: Found valid mod file mixinextras-forge-0.3.2.jar with {mixinextras} mods - versions {0.3.2}
[28Dec2025 23:05:20.206] [main/DEBUG] [net.minecraftforge.fml.loading.moddiscovery.ModFileParser/LOADING]: Considering mod file candidate 
[28Dec2025 23:05:20.206] [main/DEBUG] [net.minecraftforge.fml.loading.moddiscovery.ModFileInfo/LOADING]: Found valid mod file mixinextras-forge-0.2.0-beta.9.jar with {mixinextras} mods - versions {0.2.0-beta.9}
[28Dec2025 23:05:20.206] [main/DEBUG] [net.minecraftforge.fml.loading.moddiscovery.ModFileParser/LOADING]: Considering mod file candidate 
[28Dec2025 23:05:20.207] [main/DEBUG] [net.minecraftforge.fml.loading.moddiscovery.ModFileInfo/LOADING]: Found valid mod file mixinextras-forge-0.2.0-beta.6.jar with {mixinextras} mods - versions {0.2.0-beta.6}
[28Dec2025 23:05:20.207] [main/DEBUG] [net.minecraftforge.fml.loading.moddiscovery.ModFileParser/LOADING]: Considering mod file candidate 
[28Dec2025 23:05:20.207] [main/DEBUG] [net.minecraftforge.fml.loading.moddiscovery.ModFileInfo/LOADING]: Found valid mod file additionalentityattributes-forge-1.19-1.0.1+1.19.jar with {additionalentityattributes} mods - versions {1.0.1+1.19}
[28Dec2025 23:05:20.211] [main/DEBUG] [net.minecraftforge.fml.loading.moddiscovery.ModFileParser/LOADING]: Considering mod file candidate 
[28Dec2025 23:05:20.211] [main/DEBUG] [net.minecraftforge.fml.loading.moddiscovery.ModFileInfo/LOADING]: Found valid mod file calio-forge-1.19.2-1.7.0.4.jar with {calio} mods - versions {1.19.2-1.7.0.4}
[28Dec2025 23:05:20.223] [main/DEBUG] [net.minecraftforge.fml.loading.moddiscovery.ModFileParser/LOADING]: Considering mod file candidate 
[28Dec2025 23:05:20.223] [main/DEBUG] [net.minecraftforge.fml.loading.moddiscovery.ModFileInfo/LOADING]: Found valid mod file apoli-forge-1.19.2-2.6.1.7.jar with {apoli} mods - versions {1.19.2-2.6.1.7}
[28Dec2025 23:05:20.229] [main/DEBUG] [net.minecraftforge.fml.loading.moddiscovery.ModFileParser/LOADING]: Considering mod file candidate 
[28Dec2025 23:05:20.230] [main/DEBUG] [net.minecraftforge.fml.loading.moddiscovery.ModFileInfo/LOADING]: Found valid mod file apexcore-1.19.2-7.3.1.jar with {apexcore} mods - versions {7.3.1}
[28Dec2025 23:05:20.231] [main/DEBUG] [net.minecraftforge.fml.loading.moddiscovery.ModFileParser/LOADING]: Considering mod file candidate 
[28Dec2025 23:05:20.231] [main/DEBUG] [net.minecraftforge.fml.loading.moddiscovery.ModFileInfo/LOADING]: Found valid mod file forge-mixinextras-forge-0.3.2.jar with {mixinextras} mods - versions {0.3.2}
[28Dec2025 23:05:20.232] [main/DEBUG] [net.minecraftforge.fml.loading.moddiscovery.AbstractJarFileDependencyLocator/]: Failed to load resource META-INF/jarjar/metadata.json from spectrelib-forge-0.12.8+1.19.2.jar, it does not contain dependency information.
[28Dec2025 23:05:20.237] [main/DEBUG] [net.minecraftforge.fml.loading.moddiscovery.AbstractJarFileDependencyLocator/]: Failed to load resource META-INF/jarjar/metadata.json from MathParser.org-mXparser-5.2.1.jar, it does not contain dependency information.
[28Dec2025 23:05:20.240] [main/DEBUG] [net.minecraftforge.fml.loading.moddiscovery.AbstractJarFileDependencyLocator/]: Failed to load resource META-INF/jarjar/metadata.json from Reflect-1.3.4.jar, it does not contain dependency information.
[28Dec2025 23:05:20.243] [main/DEBUG] [net.minecraftforge.fml.loading.moddiscovery.AbstractJarFileDependencyLocator/]: Failed to load resource META-INF/jarjar/metadata.json from json-path-2.9.0.jar, it does not contain dependency information.
[28Dec2025 23:05:20.254] [main/DEBUG] [net.minecraftforge.fml.loading.moddiscovery.AbstractJarFileDependencyLocator/]: Failed to load resource META-INF/jarjar/metadata.json from jankson-1.2.1.jar, it does not contain dependency information.
[28Dec2025 23:05:20.256] [main/DEBUG] [net.minecraftforge.fml.loading.moddiscovery.AbstractJarFileDependencyLocator/]: Failed to load resource META-INF/jarjar/metadata.json from jankson-1.2.1.jar, it does not contain dependency information.
[28Dec2025 23:05:20.260] [main/DEBUG] [net.minecraftforge.fml.loading.moddiscovery.AbstractJarFileDependencyLocator/]: Failed to load resource META-INF/jarjar/metadata.json from spectrelib-forge-0.12.8+1.19.2.jar, it does not contain dependency information.
[28Dec2025 23:05:20.261] [main/DEBUG] [net.minecraftforge.fml.loading.moddiscovery.AbstractJarFileDependencyLocator/]: Failed to load resource META-INF/jarjar/metadata.json from nitrogen_internals-1.19.2-1.0.3-forge.jar, it does not contain dependency information.
[28Dec2025 23:05:20.261] [main/DEBUG] [net.minecraftforge.fml.loading.moddiscovery.AbstractJarFileDependencyLocator/]: Failed to load resource META-INF/jarjar/metadata.json from cumulus_menus-1.19.2-1.0.0-forge.jar, it does not contain dependency information.
[28Dec2025 23:05:20.261] [main/DEBUG] [net.minecraftforge.fml.loading.moddiscovery.AbstractJarFileDependencyLocator/]: Failed to load resource META-INF/jarjar/metadata.json from curios-forge-1.19.2-5.1.4.1.jar, it does not contain dependency information.
[28Dec2025 23:05:20.278] [main/DEBUG] [net.minecraftforge.fml.loading.moddiscovery.AbstractJarFileDependencyLocator/]: Failed to load resource META-INF/jarjar/metadata.json from additionalentityattributes-forge-1.19-1.0.1+1.19.jar, it does not contain dependency information.
[28Dec2025 23:05:20.278] [main/DEBUG] [net.minecraftforge.fml.loading.moddiscovery.AbstractJarFileDependencyLocator/]: Failed to load resource META-INF/jarjar/metadata.json from calio-forge-1.19.2-1.7.0.4.jar, it does not contain dependency information.
[28Dec2025 23:05:20.278] [main/DEBUG] [net.minecraftforge.fml.loading.moddiscovery.AbstractJarFileDependencyLocator/]: Failed to load resource META-INF/jarjar/metadata.json from apoli-forge-1.19.2-2.6.1.7.jar, it does not contain dependency information.
[28Dec2025 23:05:20.282] [main/DEBUG] [net.minecraftforge.fml.loading.moddiscovery.ModFileParser/LOADING]: Considering mod file candidate 
[28Dec2025 23:05:20.283] [main/DEBUG] [net.minecraftforge.fml.loading.moddiscovery.ModFileInfo/LOADING]: Found valid mod file commonality-1.19.2-4.2.1.jar with {commonality} mods - versions {4.2.1}
[28Dec2025 23:05:20.287] [main/DEBUG] [net.minecraftforge.fml.loading.moddiscovery.AbstractJarFileDependencyLocator/]: Failed to load resource META-INF/jarjar/metadata.json from MixinExtras-0.2.1.jar, it does not contain dependency information.
[28Dec2025 23:05:20.287] [main/DEBUG] [net.minecraftforge.fml.loading.moddiscovery.AbstractJarFileDependencyLocator/]: Failed to load resource META-INF/jarjar/metadata.json from MixinExtras-0.2.0-beta.6.jar, it does not contain dependency information.
[28Dec2025 23:05:20.287] [main/DEBUG] [net.minecraftforge.fml.loading.moddiscovery.AbstractJarFileDependencyLocator/]: Failed to load resource META-INF/jarjar/metadata.json from MixinExtras-0.3.6.jar, it does not contain dependency information.
[28Dec2025 23:05:20.287] [main/DEBUG] [net.minecraftforge.fml.loading.moddiscovery.AbstractJarFileDependencyLocator/]: Failed to load resource META-INF/jarjar/metadata.json from MixinExtras-0.2.1.jar, it does not contain dependency information.
[28Dec2025 23:05:20.287] [main/DEBUG] [net.minecraftforge.fml.loading.moddiscovery.AbstractJarFileDependencyLocator/]: Failed to load resource META-INF/jarjar/metadata.json from MixinExtras-0.2.0-beta.6.jar, it does not contain dependency information.
[28Dec2025 23:05:20.287] [main/DEBUG] [net.minecraftforge.fml.loading.moddiscovery.AbstractJarFileDependencyLocator/]: Failed to load resource META-INF/jarjar/metadata.json from MixinExtras-0.3.6.jar, it does not contain dependency information.
[28Dec2025 23:05:20.287] [main/DEBUG] [net.minecraftforge.fml.loading.moddiscovery.AbstractJarFileDependencyLocator/]: Failed to load resource META-INF/jarjar/metadata.json from MixinExtras-0.3.2.jar, it does not contain dependency information.
[28Dec2025 23:05:20.287] [main/DEBUG] [net.minecraftforge.fml.loading.moddiscovery.AbstractJarFileDependencyLocator/]: Failed to load resource META-INF/jarjar/metadata.json from MixinExtras-0.2.0-rc.5.jar, it does not contain dependency information.
[28Dec2025 23:05:20.287] [main/DEBUG] [net.minecraftforge.fml.loading.moddiscovery.AbstractJarFileDependencyLocator/]: Failed to load resource META-INF/jarjar/metadata.json from MixinExtras-0.2.0-rc.2.jar, it does not contain dependency information.
[28Dec2025 23:05:20.287] [main/DEBUG] [net.minecraftforge.fml.loading.moddiscovery.AbstractJarFileDependencyLocator/]: Failed to load resource META-INF/jarjar/metadata.json from MixinExtras-0.2.0-beta.9.jar, it does not contain dependency information.
[28Dec2025 23:05:20.287] [main/DEBUG] [net.minecraftforge.fml.loading.moddiscovery.AbstractJarFileDependencyLocator/]: Failed to load resource META-INF/jarjar/metadata.json from MixinExtras-0.2.1-beta.2.jar, it does not contain dependency information.
[28Dec2025 23:05:20.287] [main/DEBUG] [net.minecraftforge.fml.loading.moddiscovery.AbstractJarFileDependencyLocator/]: Failed to load resource META-INF/jarjar/metadata.json from MixinSquared-0.1.2-beta.6.jar, it does not contain dependency information.
[28Dec2025 23:05:20.287] [main/DEBUG] [net.minecraftforge.fml.loading.moddiscovery.AbstractJarFileDependencyLocator/]: Failed to load resource META-INF/jarjar/metadata.json from MixinExtras-0.2.0-beta.9.jar, it does not contain dependency information.
[28Dec2025 23:05:20.287] [main/DEBUG] [net.minecraftforge.fml.loading.moddiscovery.AbstractJarFileDependencyLocator/]: Failed to load resource META-INF/jarjar/metadata.json from MixinExtras-0.5.0-rc.3.jar, it does not contain dependency information.
[28Dec2025 23:05:20.287] [main/DEBUG] [net.minecraftforge.fml.loading.moddiscovery.AbstractJarFileDependencyLocator/]: Failed to load resource META-INF/jarjar/metadata.json from MixinExtras-0.3.2.jar, it does not contain dependency information.
[28Dec2025 23:05:20.287] [main/DEBUG] [net.minecraftforge.fml.loading.moddiscovery.AbstractJarFileDependencyLocator/]: Failed to load resource META-INF/jarjar/metadata.json from MixinExtras-0.2.0-beta.9.jar, it does not contain dependency information.
[28Dec2025 23:05:20.287] [main/DEBUG] [net.minecraftforge.fml.loading.moddiscovery.AbstractJarFileDependencyLocator/]: Failed to load resource META-INF/jarjar/metadata.json from MixinExtras-0.2.0-beta.6.jar, it does not contain dependency information.
[28Dec2025 23:05:20.287] [main/DEBUG] [net.minecraftforge.fml.loading.moddiscovery.AbstractJarFileDependencyLocator/]: Failed to load resource META-INF/jarjar/metadata.json from Registrate-MC1.19-1.1.5.jar, it does not contain dependency information.
[28Dec2025 23:05:20.287] [main/DEBUG] [net.minecraftforge.fml.loading.moddiscovery.AbstractJarFileDependencyLocator/]: Failed to load resource META-INF/jarjar/metadata.json from MixinExtras-0.3.2.jar, it does not contain dependency information.
[28Dec2025 23:05:20.314] [main/DEBUG] [net.minecraftforge.fml.loading.moddiscovery.ModFileParser/LOADING]: Considering mod file candidate 
[28Dec2025 23:05:20.314] [main/DEBUG] [net.minecraftforge.fml.loading.moddiscovery.ModFileInfo/LOADING]: Found valid mod file cumulus_menus-1.19.2-1.0.0-forge.jar with {cumulus_menus} mods - versions {1.19.2-1.0.0-forge}
[28Dec2025 23:05:20.315] [main/DEBUG] [net.minecraftforge.fml.loading.moddiscovery.ModFileParser/LOADING]: Considering mod file candidate 
[28Dec2025 23:05:20.316] [main/DEBUG] [net.minecraftforge.fml.loading.moddiscovery.ModFileInfo/LOADING]: Found valid mod file spectrelib-forge-0.12.8+1.19.2.jar with {spectrelib} mods - versions {0.12.8+1.19.2}
[28Dec2025 23:05:20.316] [main/DEBUG] [net.minecraftforge.fml.loading.moddiscovery.ModFileParser/LOADING]: Considering mod file candidate 
[28Dec2025 23:05:20.317] [main/DEBUG] [net.minecraftforge.fml.loading.moddiscovery.ModFileInfo/LOADING]: Found valid mod file commonality-1.19.2-4.2.1.jar with {commonality} mods - versions {4.2.1}
[28Dec2025 23:05:20.318] [main/DEBUG] [net.minecraftforge.fml.loading.moddiscovery.ModFileParser/LOADING]: Considering mod file candidate 
[28Dec2025 23:05:20.318] [main/DEBUG] [net.minecraftforge.fml.loading.moddiscovery.ModFileInfo/LOADING]: Found valid mod file additionalentityattributes-forge-1.19-1.0.1+1.19.jar with {additionalentityattributes} mods - versions {1.0.1+1.19}
[28Dec2025 23:05:20.321] [main/DEBUG] [net.minecraftforge.fml.loading.moddiscovery.ModFileParser/LOADING]: Considering mod file candidate 
[28Dec2025 23:05:20.321] [main/DEBUG] [net.minecraftforge.fml.loading.moddiscovery.ModFileInfo/LOADING]: Found valid mod file calio-forge-1.19.2-1.7.0.4.jar with {calio} mods - versions {1.19.2-1.7.0.4}
[28Dec2025 23:05:20.324] [main/DEBUG] [net.minecraftforge.fml.loading.moddiscovery.ModFileParser/LOADING]: Considering mod file candidate 
[28Dec2025 23:05:20.324] [main/DEBUG] [net.minecraftforge.fml.loading.moddiscovery.ModFileInfo/LOADING]: Found valid mod file curios-forge-1.19.2-5.1.4.1.jar with {curios} mods - versions {1.19.2-5.1.4.1}
[28Dec2025 23:05:20.333] [main/DEBUG] [net.minecraftforge.fml.loading.moddiscovery.ModFileParser/LOADING]: Considering mod file candidate 
[28Dec2025 23:05:20.334] [main/DEBUG] [net.minecraftforge.fml.loading.moddiscovery.ModFileInfo/LOADING]: Found valid mod file apexcore-1.19.2-7.3.1.jar with {apexcore} mods - versions {7.3.1}
[28Dec2025 23:05:20.334] [main/DEBUG] [net.minecraftforge.fml.loading.moddiscovery.ModFileParser/LOADING]: Considering mod file candidate 
[28Dec2025 23:05:20.334] [main/DEBUG] [net.minecraftforge.fml.loading.moddiscovery.ModFileInfo/LOADING]: Found valid mod file mixinextras-forge-0.3.6.jar with {mixinextras} mods - versions {0.3.6}
[28Dec2025 23:05:20.336] [main/DEBUG] [net.minecraftforge.fml.loading.moddiscovery.ModFileParser/LOADING]: Considering mod file candidate 
[28Dec2025 23:05:20.336] [main/DEBUG] [net.minecraftforge.fml.loading.moddiscovery.ModFileInfo/LOADING]: Found valid mod file mixinextras-forge-0.2.0-beta.9.jar with {mixinextras} mods - versions {0.2.0-beta.9}
[28Dec2025 23:05:20.347] [main/DEBUG] [net.minecraftforge.fml.loading.moddiscovery.ModFileParser/LOADING]: Considering mod file candidate 
[28Dec2025 23:05:20.347] [main/DEBUG] [net.minecraftforge.fml.loading.moddiscovery.ModFileInfo/LOADING]: Found valid mod file apoli-forge-1.19.2-2.6.1.7.jar with {apoli} mods - versions {1.19.2-2.6.1.7}
[28Dec2025 23:05:20.361] [main/DEBUG] [net.minecraftforge.fml.loading.moddiscovery.ModFileParser/LOADING]: Considering mod file candidate 
[28Dec2025 23:05:20.361] [main/DEBUG] [net.minecraftforge.fml.loading.moddiscovery.ModFileInfo/LOADING]: Found valid mod file mixinsquared-forge-0.1.2-beta.6.jar with {mixinsquared} mods - versions {0.1.2-beta.6}
[28Dec2025 23:05:20.367] [main/DEBUG] [net.minecraftforge.fml.loading.moddiscovery.ModFileParser/LOADING]: Considering mod file candidate 
[28Dec2025 23:05:20.367] [main/DEBUG] [net.minecraftforge.fml.loading.moddiscovery.ModFileInfo/LOADING]: Found valid mod file nitrogen_internals-1.19.2-1.0.3-forge.jar with {nitrogen_internals} mods - versions {1.19.2-1.0.3-forge}
[28Dec2025 23:05:20.368] [main/WARN] [net.minecraftforge.jarjar.selection.JarSelector/]: Attempted to select two dependency jars from JarJar which have the same identification: Mod File:  and Mod File: . Using Mod File: 
[28Dec2025 23:05:20.371] [main/WARN] [net.minecraftforge.jarjar.selection.JarSelector/]: Attempted to select a dependency jar for JarJar which was passed in as source: curios. Using Mod File: /home/bryan/Minecraft-Medieval-RPG/mods/curios-forge-1.19.2-5.1.6.4.jar
[28Dec2025 23:05:20.371] [main/INFO] [net.minecraftforge.fml.loading.moddiscovery.JarInJarDependencyLocator/]: Found 17 dependencies adding them to mods collection
[28Dec2025 23:05:20.375] [main/DEBUG] [net.minecraftforge.fml.loading.moddiscovery.ModFileParser/LOADING]: Considering mod file candidate /home/bryan/Minecraft-Medieval-RPG/mods/saturn-mc1.19.2-0.1.4.jar
[28Dec2025 23:05:20.375] [main/DEBUG] [net.minecraftforge.fml.loading.moddiscovery.ModFileInfo/LOADING]: Found valid mod file saturn-mc1.19.2-0.1.4.jar with {saturn} mods - versions {0.1.4}
[28Dec2025 23:05:20.376] [main/DEBUG] [net.minecraftforge.fml.loading.moddiscovery.ModFile/LOADING]: Loading mod file /home/bryan/Minecraft-Medieval-RPG/mods/saturn-mc1.19.2-0.1.4.jar with languages [LanguageSpec[languageName=javafml, acceptedVersions=[43,)]]
[28Dec2025 23:05:20.377] [main/DEBUG] [net.minecraftforge.fml.loading.moddiscovery.ModFileParser/LOADING]: Considering mod file candidate /home/bryan/Minecraft-Medieval-RPG/mods/kubejs-forge-1902.6.2-build.73.jar
[28Dec2025 23:05:20.377] [main/DEBUG] [net.minecraftforge.fml.loading.moddiscovery.ModFileInfo/LOADING]: Found valid mod file kubejs-forge-1902.6.2-build.73.jar with {kubejs} mods - versions {1902.6.2-build.73}
[28Dec2025 23:05:20.377] [main/DEBUG] [net.minecraftforge.fml.loading.moddiscovery.ModFile/LOADING]: Loading mod file /home/bryan/Minecraft-Medieval-RPG/mods/kubejs-forge-1902.6.2-build.73.jar with languages [LanguageSpec[languageName=javafml, acceptedVersions=[40,)]]
[28Dec2025 23:05:20.377] [main/DEBUG] [net.minecraftforge.fml.loading.moddiscovery.ModFileParser/LOADING]: Considering mod file candidate /home/bryan/Minecraft-Medieval-RPG/mods/YungsBetterDungeons-1.19.2-Forge-3.2.2.jar
[28Dec2025 23:05:20.377] [main/DEBUG] [net.minecraftforge.fml.loading.moddiscovery.ModFileInfo/LOADING]: Found valid mod file YungsBetterDungeons-1.19.2-Forge-3.2.2.jar with {betterdungeons} mods - versions {1.19.2-Forge-3.2.2}
[28Dec2025 23:05:20.377] [main/DEBUG] [net.minecraftforge.fml.loading.moddiscovery.ModFile/LOADING]: Loading mod file /home/bryan/Minecraft-Medieval-RPG/mods/YungsBetterDungeons-1.19.2-Forge-3.2.2.jar with languages [LanguageSpec[languageName=javafml, acceptedVersions=[43,)]]
[28Dec2025 23:05:20.377] [main/DEBUG] [net.minecraftforge.fml.loading.moddiscovery.ModFileParser/LOADING]: Considering mod file candidate /home/bryan/Minecraft-Medieval-RPG/mods/alexsmobs-1.21.1.jar
[28Dec2025 23:05:20.378] [main/DEBUG] [net.minecraftforge.fml.loading.moddiscovery.ModFileInfo/LOADING]: Found valid mod file alexsmobs-1.21.1.jar with {alexsmobs} mods - versions {1.21.1}
[28Dec2025 23:05:20.378] [main/DEBUG] [net.minecraftforge.fml.loading.moddiscovery.ModFile/LOADING]: Loading mod file /home/bryan/Minecraft-Medieval-RPG/mods/alexsmobs-1.21.1.jar with languages [LanguageSpec[languageName=javafml, acceptedVersions=[42,)]]
[28Dec2025 23:05:20.378] [main/DEBUG] [net.minecraftforge.fml.loading.moddiscovery.ModFileParser/LOADING]: Considering mod file candidate /home/bryan/Minecraft-Medieval-RPG/mods/open-parties-and-claims-forge-1.19.2-0.23.7.jar
[28Dec2025 23:05:20.378] [main/DEBUG] [net.minecraftforge.fml.loading.moddiscovery.ModFileInfo/LOADING]: Found valid mod file open-parties-and-claims-forge-1.19.2-0.23.7.jar with {openpartiesandclaims} mods - versions {0.23.7}
[28Dec2025 23:05:20.378] [main/DEBUG] [net.minecraftforge.fml.loading.moddiscovery.ModFile/LOADING]: Loading mod file /home/bryan/Minecraft-Medieval-RPG/mods/open-parties-and-claims-forge-1.19.2-0.23.7.jar with languages [LanguageSpec[languageName=javafml, acceptedVersions=[41,)]]
[28Dec2025 23:05:20.379] [main/DEBUG] [net.minecraftforge.fml.loading.moddiscovery.ModFileParser/LOADING]: Found coremod xaeroparties_core with Javascript path META-INF/openpartiesandclaims_core.js
[28Dec2025 23:05:20.379] [main/DEBUG] [net.minecraftforge.fml.loading.moddiscovery.ModFile/LOADING]: Found coremod META-INF/openpartiesandclaims_core.js
[28Dec2025 23:05:20.379] [main/DEBUG] [net.minecraftforge.fml.loading.moddiscovery.ModFileParser/LOADING]: Considering mod file candidate 
[28Dec2025 23:05:20.380] [main/DEBUG] [net.minecraftforge.fml.loading.moddiscovery.ModFileInfo/LOADING]: Found valid mod file additionalentityattributes-forge-1.19-1.0.1+1.19.jar with {additionalentityattributes} mods - versions {1.0.1+1.19}
[28Dec2025 23:05:20.380] [main/DEBUG] [net.minecraftforge.fml.loading.moddiscovery.ModFile/LOADING]: Loading mod file  with languages [LanguageSpec[languageName=javafml, acceptedVersions=[41,)]]
[28Dec2025 23:05:20.380] [main/DEBUG] [net.minecraftforge.fml.loading.moddiscovery.ModFileParser/LOADING]: Found coremod aea_water_speed with Javascript path coremods/aea_water_speed.js
[28Dec2025 23:05:20.380] [main/DEBUG] [net.minecraftforge.fml.loading.moddiscovery.ModFile/LOADING]: Found coremod coremods/aea_water_speed.js
[28Dec2025 23:05:20.380] [main/DEBUG] [net.minecraftforge.fml.loading.moddiscovery.ModFileParser/LOADING]: Considering mod file candidate /home/bryan/Minecraft-Medieval-RPG/mods/origins-accessbilities-1.19.2-1.1.1.jar
[28Dec2025 23:05:20.380] [main/DEBUG] [net.minecraftforge.fml.loading.moddiscovery.ModFileInfo/LOADING]: Found valid mod file origins-accessbilities-1.19.2-1.1.1.jar with {oriacs} mods - versions {1.1.0}
[28Dec2025 23:05:20.380] [main/DEBUG] [net.minecraftforge.fml.loading.moddiscovery.ModFile/LOADING]: Loading mod file /home/bryan/Minecraft-Medieval-RPG/mods/origins-accessbilities-1.19.2-1.1.1.jar with languages [LanguageSpec[languageName=javafml, acceptedVersions=[43,)]]
[28Dec2025 23:05:20.380] [main/DEBUG] [net.minecraftforge.fml.loading.moddiscovery.ModFileParser/LOADING]: Considering mod file candidate /home/bryan/Minecraft-Medieval-RPG/mods/player-animation-lib-forge-1.0.2.jar
[28Dec2025 23:05:20.380] [main/DEBUG] [net.minecraftforge.fml.loading.moddiscovery.ModFileInfo/LOADING]: Found valid mod file player-animation-lib-forge-1.0.2.jar with {playeranimator} mods - versions {1.0.2}
[28Dec2025 23:05:20.381] [main/DEBUG] [net.minecraftforge.fml.loading.moddiscovery.ModFile/LOADING]: Loading mod file /home/bryan/Minecraft-Medieval-RPG/mods/player-animation-lib-forge-1.0.2.jar with languages [LanguageSpec[languageName=javafml, acceptedVersions=[37.1.1,)]]
[28Dec2025 23:05:20.381] [main/DEBUG] [net.minecraftforge.fml.loading.moddiscovery.ModFileParser/LOADING]: Considering mod file candidate /home/bryan/Minecraft-Medieval-RPG/mods/majruszs-difficulty-forge-1.19.2-1.9.9-backport.1.jar
[28Dec2025 23:05:20.381] [main/DEBUG] [net.minecraftforge.fml.loading.moddiscovery.ModFileInfo/LOADING]: Found valid mod file majruszs-difficulty-forge-1.19.2-1.9.9-backport.1.jar with {majruszsdifficulty} mods - versions {1.9.9-backport.1}
[28Dec2025 23:05:20.381] [main/DEBUG] [net.minecraftforge.fml.loading.moddiscovery.ModFile/LOADING]: Loading mod file /home/bryan/Minecraft-Medieval-RPG/mods/majruszs-difficulty-forge-1.19.2-1.9.9-backport.1.jar with languages [LanguageSpec[languageName=javafml, acceptedVersions=[43,)]]
[28Dec2025 23:05:20.381] [main/DEBUG] [net.minecraftforge.fml.loading.moddiscovery.ModFileParser/LOADING]: Considering mod file candidate /home/bryan/Minecraft-Medieval-RPG/mods/Entity_Collision_FPS_Fix-forge-1.19-2.0.0.0.jar
[28Dec2025 23:05:20.381] [main/DEBUG] [net.minecraftforge.fml.loading.moddiscovery.ModFileInfo/LOADING]: Found valid mod file Entity_Collision_FPS_Fix-forge-1.19-2.0.0.0.jar with {entitycollisionfpsfix} mods - versions {2.0.0.0}
[28Dec2025 23:05:20.381] [main/DEBUG] [net.minecraftforge.fml.loading.moddiscovery.ModFile/LOADING]: Loading mod file /home/bryan/Minecraft-Medieval-RPG/mods/Entity_Collision_FPS_Fix-forge-1.19-2.0.0.0.jar with languages [LanguageSpec[languageName=javafml, acceptedVersions=[40,)]]
[28Dec2025 23:05:20.381] [main/DEBUG] [net.minecraftforge.fml.loading.moddiscovery.ModFileParser/LOADING]: Considering mod file candidate /home/bryan/Minecraft-Medieval-RPG/mods/nerb-1.19.2-0.3-FORGE.jar
[28Dec2025 23:05:20.381] [main/DEBUG] [net.minecraftforge.fml.loading.moddiscovery.ModFileInfo/LOADING]: Found valid mod file nerb-1.19.2-0.3-FORGE.jar with {nerb} mods - versions {0.3}
[28Dec2025 23:05:20.381] [main/DEBUG] [net.minecraftforge.fml.loading.moddiscovery.ModFile/LOADING]: Loading mod file /home/bryan/Minecraft-Medieval-RPG/mods/nerb-1.19.2-0.3-FORGE.jar with languages [LanguageSpec[languageName=javafml, acceptedVersions=[43,)]]
[28Dec2025 23:05:20.381] [main/DEBUG] [net.minecraftforge.fml.loading.moddiscovery.ModFileParser/LOADING]: Considering mod file candidate 
[28Dec2025 23:05:20.381] [main/DEBUG] [net.minecraftforge.fml.loading.moddiscovery.ModFileInfo/LOADING]: Found valid mod file apoli-forge-1.19.2-2.6.1.7.jar with {apoli} mods - versions {1.19.2-2.6.1.7}
[28Dec2025 23:05:20.382] [main/DEBUG] [net.minecraftforge.fml.loading.moddiscovery.ModFile/LOADING]: Loading mod file  with languages [LanguageSpec[languageName=javafml, acceptedVersions=[39,)]]
[28Dec2025 23:05:20.382] [main/DEBUG] [net.minecraftforge.fml.loading.moddiscovery.ModFileParser/LOADING]: Found coremod prevent_armor_equip with Javascript path coremods/apoli.js
[28Dec2025 23:05:20.382] [main/DEBUG] [net.minecraftforge.fml.loading.moddiscovery.ModFile/LOADING]: Found coremod coremods/apoli.js
[28Dec2025 23:05:20.382] [main/DEBUG] [net.minecraftforge.fml.loading.moddiscovery.ModFileParser/LOADING]: Considering mod file candidate /home/bryan/Minecraft-Medieval-RPG/mods/stalwart-dungeons-1.19.2-1.2.8.jar
[28Dec2025 23:05:20.382] [main/DEBUG] [net.minecraftforge.fml.loading.moddiscovery.ModFileInfo/LOADING]: Found valid mod file stalwart-dungeons-1.19.2-1.2.8.jar with {stalwart_dungeons} mods - versions {1.2.8}
[28Dec2025 23:05:20.382] [main/DEBUG] [net.minecraftforge.fml.loading.moddiscovery.ModFile/LOADING]: Loading mod file /home/bryan/Minecraft-Medieval-RPG/mods/stalwart-dungeons-1.19.2-1.2.8.jar with languages [LanguageSpec[languageName=javafml, acceptedVersions=[43,)]]
[28Dec2025 23:05:20.382] [main/DEBUG] [net.minecraftforge.fml.loading.moddiscovery.ModFileParser/LOADING]: Considering mod file candidate /home/bryan/Minecraft-Medieval-RPG/mods/rubidium-mc1.19.2-0.6.2c.jar
[28Dec2025 23:05:20.382] [main/DEBUG] [net.minecraftforge.fml.loading.moddiscovery.ModFileInfo/LOADING]: Found valid mod file rubidium-mc1.19.2-0.6.2c.jar with {rubidium} mods - versions {0.6.2c}
[28Dec2025 23:05:20.382] [main/DEBUG] [net.minecraftforge.fml.loading.moddiscovery.ModFile/LOADING]: Loading mod file /home/bryan/Minecraft-Medieval-RPG/mods/rubidium-mc1.19.2-0.6.2c.jar with languages [LanguageSpec[languageName=javafml, acceptedVersions=[39,)]]
[28Dec2025 23:05:20.382] [main/DEBUG] [net.minecraftforge.fml.loading.moddiscovery.ModFileParser/LOADING]: Considering mod file candidate /home/bryan/Minecraft-Medieval-RPG/mods/doapi-1.1.0b.jar
[28Dec2025 23:05:20.382] [main/DEBUG] [net.minecraftforge.fml.loading.moddiscovery.ModFileInfo/LOADING]: Found valid mod file doapi-1.1.0b.jar with {doapi,terraform} mods - versions {1.1.0b,4.2.0}
[28Dec2025 23:05:20.382] [main/DEBUG] [net.minecraftforge.fml.loading.moddiscovery.ModFile/LOADING]: Loading mod file /home/bryan/Minecraft-Medieval-RPG/mods/doapi-1.1.0b.jar with languages [LanguageSpec[languageName=javafml, acceptedVersions=[43,)]]
[28Dec2025 23:05:20.382] [main/DEBUG] [net.minecraftforge.fml.loading.moddiscovery.ModFileParser/LOADING]: Considering mod file candidate /home/bryan/Minecraft-Medieval-RPG/mods/modernfix-forge-5.18.1+mc1.19.2.jar
[28Dec2025 23:05:20.384] [main/DEBUG] [net.minecraftforge.fml.loading.moddiscovery.ModFileInfo/LOADING]: Found valid mod file modernfix-forge-5.18.1+mc1.19.2.jar with {modernfix} mods - versions {5.18.1+mc1.19.2}
[28Dec2025 23:05:20.384] [main/DEBUG] [net.minecraftforge.fml.loading.moddiscovery.ModFile/LOADING]: Loading mod file /home/bryan/Minecraft-Medieval-RPG/mods/modernfix-forge-5.18.1+mc1.19.2.jar with languages [LanguageSpec[languageName=javafml, acceptedVersions=[43,)]]
[28Dec2025 23:05:20.384] [main/DEBUG] [net.minecraftforge.fml.loading.moddiscovery.ModFileParser/LOADING]: Considering mod file candidate /home/bryan/Minecraft-Medieval-RPG/mods/GatewaysToEternity-1.19.2-3.2.3.jar
[28Dec2025 23:05:20.384] [main/DEBUG] [net.minecraftforge.fml.loading.moddiscovery.ModFileInfo/LOADING]: Found valid mod file GatewaysToEternity-1.19.2-3.2.3.jar with {gateways} mods - versions {3.2.3}
[28Dec2025 23:05:20.384] [main/DEBUG] [net.minecraftforge.fml.loading.moddiscovery.ModFile/LOADING]: Loading mod file /home/bryan/Minecraft-Medieval-RPG/mods/GatewaysToEternity-1.19.2-3.2.3.jar with languages [LanguageSpec[languageName=javafml, acceptedVersions=[32,)]]
[28Dec2025 23:05:20.384] [main/DEBUG] [net.minecraftforge.fml.loading.moddiscovery.ModFileParser/LOADING]: Considering mod file candidate /home/bryan/Minecraft-Medieval-RPG/mods/YungsApi-1.19.2-Forge-3.8.10.jar
[28Dec2025 23:05:20.385] [main/DEBUG] [net.minecraftforge.fml.loading.moddiscovery.ModFileInfo/LOADING]: Found valid mod file YungsApi-1.19.2-Forge-3.8.10.jar with {yungsapi} mods - versions {1.19.2-Forge-3.8.10}
[28Dec2025 23:05:20.385] [main/DEBUG] [net.minecraftforge.fml.loading.moddiscovery.ModFile/LOADING]: Loading mod file /home/bryan/Minecraft-Medieval-RPG/mods/YungsApi-1.19.2-Forge-3.8.10.jar with languages [LanguageSpec[languageName=javafml, acceptedVersions=[43,)]]
[28Dec2025 23:05:20.385] [main/DEBUG] [net.minecraftforge.fml.loading.moddiscovery.ModFileParser/LOADING]: Considering mod file candidate /home/bryan/Minecraft-Medieval-RPG/mods/MaxHealthFix-Forge-1.19.2-8.0.2.jar
[28Dec2025 23:05:20.385] [main/DEBUG] [net.minecraftforge.fml.loading.moddiscovery.ModFileInfo/LOADING]: Found valid mod file MaxHealthFix-Forge-1.19.2-8.0.2.jar with {maxhealthfix} mods - versions {8.0.2}
[28Dec2025 23:05:20.385] [main/DEBUG] [net.minecraftforge.fml.loading.moddiscovery.ModFile/LOADING]: Loading mod file /home/bryan/Minecraft-Medieval-RPG/mods/MaxHealthFix-Forge-1.19.2-8.0.2.jar with languages [LanguageSpec[languageName=javafml, acceptedVersions=[43,)]]
[28Dec2025 23:05:20.385] [main/DEBUG] [net.minecraftforge.fml.loading.moddiscovery.ModFileParser/LOADING]: Considering mod file candidate /home/bryan/Minecraft-Medieval-RPG/mods/upgradednetherite_items-1.19.2-4.1.0.2-release.jar
[28Dec2025 23:05:20.385] [main/DEBUG] [net.minecraftforge.fml.loading.moddiscovery.ModFileInfo/LOADING]: Found valid mod file upgradednetherite_items-1.19.2-4.1.0.2-release.jar with {upgradednetherite_items} mods - versions {1.19.2-4.1.0.2-release}
[28Dec2025 23:05:20.385] [main/DEBUG] [net.minecraftforge.fml.loading.moddiscovery.ModFile/LOADING]: Loading mod file /home/bryan/Minecraft-Medieval-RPG/mods/upgradednetherite_items-1.19.2-4.1.0.2-release.jar with languages [LanguageSpec[languageName=javafml, acceptedVersions=[43,)]]
[28Dec2025 23:05:20.385] [main/DEBUG] [net.minecraftforge.fml.loading.moddiscovery.ModFileParser/LOADING]: Considering mod file candidate /home/bryan/Minecraft-Medieval-RPG/mods/letsdo-vinery-forge-1.3.12b.jar
[28Dec2025 23:05:20.385] [main/DEBUG] [net.minecraftforge.fml.loading.moddiscovery.ModFileInfo/LOADING]: Found valid mod file letsdo-vinery-forge-1.3.12b.jar with {vinery} mods - versions {1.3.12}
[28Dec2025 23:05:20.385] [main/DEBUG] [net.minecraftforge.fml.loading.moddiscovery.ModFile/LOADING]: Loading mod file /home/bryan/Minecraft-Medieval-RPG/mods/letsdo-vinery-forge-1.3.12b.jar with languages [LanguageSpec[languageName=javafml, acceptedVersions=[43,)]]
[28Dec2025 23:05:20.386] [main/DEBUG] [net.minecraftforge.fml.loading.moddiscovery.ModFileParser/LOADING]: Considering mod file candidate /home/bryan/Minecraft-Medieval-RPG/mods/Apotheosis-1.19.2-6.5.2.jar
[28Dec2025 23:05:20.386] [main/DEBUG] [net.minecraftforge.fml.loading.moddiscovery.ModFileInfo/LOADING]: Found valid mod file Apotheosis-1.19.2-6.5.2.jar with {apotheosis} mods - versions {6.5.2}
[28Dec2025 23:05:20.386] [main/DEBUG] [net.minecraftforge.fml.loading.moddiscovery.ModFile/LOADING]: Loading mod file /home/bryan/Minecraft-Medieval-RPG/mods/Apotheosis-1.19.2-6.5.2.jar with languages [LanguageSpec[languageName=javafml, acceptedVersions=[32,)]]
[28Dec2025 23:05:20.386] [main/DEBUG] [net.minecraftforge.fml.loading.moddiscovery.ModFileParser/LOADING]: Found coremod apotheosis_attr/potion_gui_tooltips with Javascript path coremods/attr/potion_gui_tooltips.js
[28Dec2025 23:05:20.386] [main/DEBUG] [net.minecraftforge.fml.loading.moddiscovery.ModFileParser/LOADING]: Found coremod apotheosis_ench/ench_info_loot_redirector with Javascript path coremods/ench/ench_info_loot_redirector.js
[28Dec2025 23:05:20.386] [main/DEBUG] [net.minecraftforge.fml.loading.moddiscovery.ModFileParser/LOADING]: Found coremod apotheosis_ench/ench_info_redirector with Javascript path coremods/ench/ench_info_redirector.js
[28Dec2025 23:05:20.386] [main/DEBUG] [net.minecraftforge.fml.loading.moddiscovery.ModFileParser/LOADING]: Found coremod apotheosis_ench/fishing_hook with Javascript path coremods/ench/fishing_hook.js
[28Dec2025 23:05:20.386] [main/DEBUG] [net.minecraftforge.fml.loading.moddiscovery.ModFile/LOADING]: Found coremod coremods/attr/potion_gui_tooltips.js
[28Dec2025 23:05:20.386] [main/DEBUG] [net.minecraftforge.fml.loading.moddiscovery.ModFile/LOADING]: Found coremod coremods/ench/ench_info_loot_redirector.js
[28Dec2025 23:05:20.386] [main/DEBUG] [net.minecraftforge.fml.loading.moddiscovery.ModFile/LOADING]: Found coremod coremods/ench/ench_info_redirector.js
[28Dec2025 23:05:20.386] [main/DEBUG] [net.minecraftforge.fml.loading.moddiscovery.ModFile/LOADING]: Found coremod coremods/ench/fishing_hook.js
[28Dec2025 23:05:20.386] [main/DEBUG] [net.minecraftforge.fml.loading.moddiscovery.ModFileParser/LOADING]: Considering mod file candidate /home/bryan/Minecraft-Medieval-RPG/mods/savage_and_ravage-1.19.2-5.0.5.jar
[28Dec2025 23:05:20.386] [main/DEBUG] [net.minecraftforge.fml.loading.moddiscovery.ModFileInfo/LOADING]: Found valid mod file savage_and_ravage-1.19.2-5.0.5.jar with {savage_and_ravage} mods - versions {5.0.5}
[28Dec2025 23:05:20.386] [main/DEBUG] [net.minecraftforge.fml.loading.moddiscovery.ModFile/LOADING]: Loading mod file /home/bryan/Minecraft-Medieval-RPG/mods/savage_and_ravage-1.19.2-5.0.5.jar with languages [LanguageSpec[languageName=javafml, acceptedVersions=[32,)]]
[28Dec2025 23:05:20.386] [main/DEBUG] [net.minecraftforge.fml.loading.moddiscovery.ModFileParser/LOADING]: Considering mod file candidate /home/bryan/Minecraft-Medieval-RPG/mods/clayworks-1.19.2-2.1.0.jar
[28Dec2025 23:05:20.386] [main/DEBUG] [net.minecraftforge.fml.loading.moddiscovery.ModFileInfo/LOADING]: Found valid mod file clayworks-1.19.2-2.1.0.jar with {clayworks} mods - versions {2.1.0}
[28Dec2025 23:05:20.387] [main/DEBUG] [net.minecraftforge.fml.loading.moddiscovery.ModFile/LOADING]: Loading mod file /home/bryan/Minecraft-Medieval-RPG/mods/clayworks-1.19.2-2.1.0.jar with languages [LanguageSpec[languageName=javafml, acceptedVersions=[32,)]]
[28Dec2025 23:05:20.387] [main/DEBUG] [net.minecraftforge.fml.loading.moddiscovery.ModFileParser/LOADING]: Considering mod file candidate /home/bryan/Minecraft-Medieval-RPG/mods/balm-forge-1.19.2-4.6.0.jar
[28Dec2025 23:05:20.387] [main/DEBUG] [net.minecraftforge.fml.loading.moddiscovery.ModFileInfo/LOADING]: Found valid mod file balm-forge-1.19.2-4.6.0.jar with {balm} mods - versions {4.6.0}
[28Dec2025 23:05:20.387] [main/DEBUG] [net.minecraftforge.fml.loading.moddiscovery.ModFile/LOADING]: Loading mod file /home/bryan/Minecraft-Medieval-RPG/mods/balm-forge-1.19.2-4.6.0.jar with languages [LanguageSpec[languageName=javafml, acceptedVersions=[41,)]]
[28Dec2025 23:05:20.387] [main/DEBUG] [net.minecraftforge.fml.loading.moddiscovery.ModFileParser/LOADING]: Considering mod file candidate /home/bryan/Minecraft-Medieval-RPG/mods/immersive_armors-1.5.6+1.19.2-forge.jar
[28Dec2025 23:05:20.387] [main/DEBUG] [net.minecraftforge.fml.loading.moddiscovery.ModFileInfo/LOADING]: Found valid mod file immersive_armors-1.5.6+1.19.2-forge.jar with {immersive_armors} mods - versions {1.5.6+1.19.2}
[28Dec2025 23:05:20.387] [main/DEBUG] [net.minecraftforge.fml.loading.moddiscovery.ModFile/LOADING]: Loading mod file /home/bryan/Minecraft-Medieval-RPG/mods/immersive_armors-1.5.6+1.19.2-forge.jar with languages [LanguageSpec[languageName=javafml, acceptedVersions=[43,)]]
[28Dec2025 23:05:20.387] [main/DEBUG] [net.minecraftforge.fml.loading.moddiscovery.ModFileParser/LOADING]: Considering mod file candidate /home/bryan/Minecraft-Medieval-RPG/mods/JustEnoughResources-1.19.2-1.2.3.243.jar
[28Dec2025 23:05:20.387] [main/DEBUG] [net.minecraftforge.fml.loading.moddiscovery.ModFileInfo/LOADING]: Found valid mod file JustEnoughResources-1.19.2-1.2.3.243.jar with {jeresources} mods - versions {1.2.3.243}
[28Dec2025 23:05:20.387] [main/DEBUG] [net.minecraftforge.fml.loading.moddiscovery.ModFile/LOADING]: Loading mod file /home/bryan/Minecraft-Medieval-RPG/mods/JustEnoughResources-1.19.2-1.2.3.243.jar with languages [LanguageSpec[languageName=javafml, acceptedVersions=[43,)]]
[28Dec2025 23:05:20.387] [main/DEBUG] [net.minecraftforge.fml.loading.moddiscovery.ModFileParser/LOADING]: Considering mod file candidate /home/bryan/Minecraft-Medieval-RPG/mods/cloth-config-8.3.134-forge.jar
[28Dec2025 23:05:20.387] [main/DEBUG] [net.minecraftforge.fml.loading.moddiscovery.ModFileInfo/LOADING]: Found valid mod file cloth-config-8.3.134-forge.jar with {cloth_config} mods - versions {8.3.134}
[28Dec2025 23:05:20.387] [main/DEBUG] [net.minecraftforge.fml.loading.moddiscovery.ModFile/LOADING]: Loading mod file /home/bryan/Minecraft-Medieval-RPG/mods/cloth-config-8.3.134-forge.jar with languages [LanguageSpec[languageName=javafml, acceptedVersions=[34,)]]
[28Dec2025 23:05:20.388] [main/DEBUG] [net.minecraftforge.fml.loading.moddiscovery.ModFileParser/LOADING]: Considering mod file candidate /home/bryan/Minecraft-Medieval-RPG/mods/YungsBetterNetherFortresses-1.19.2-Forge-1.0.6.jar
[28Dec2025 23:05:20.388] [main/DEBUG] [net.minecraftforge.fml.loading.moddiscovery.ModFileInfo/LOADING]: Found valid mod file YungsBetterNetherFortresses-1.19.2-Forge-1.0.6.jar with {betterfortresses} mods - versions {1.19.2-Forge-1.0.6}
[28Dec2025 23:05:20.388] [main/DEBUG] [net.minecraftforge.fml.loading.moddiscovery.ModFile/LOADING]: Loading mod file /home/bryan/Minecraft-Medieval-RPG/mods/YungsBetterNetherFortresses-1.19.2-Forge-1.0.6.jar with languages [LanguageSpec[languageName=javafml, acceptedVersions=[43,)]]
[28Dec2025 23:05:20.388] [main/DEBUG] [net.minecraftforge.fml.loading.moddiscovery.ModFileParser/LOADING]: Considering mod file candidate /home/bryan/Minecraft-Medieval-RPG/mods/ctov-3.2.6c.jar
[28Dec2025 23:05:20.388] [main/DEBUG] [net.minecraftforge.fml.loading.moddiscovery.ModFileInfo/LOADING]: Found valid mod file ctov-3.2.6c.jar with {ctov} mods - versions {3.2.6c}
[28Dec2025 23:05:20.388] [main/DEBUG] [net.minecraftforge.fml.loading.moddiscovery.ModFile/LOADING]: Loading mod file /home/bryan/Minecraft-Medieval-RPG/mods/ctov-3.2.6c.jar with languages [LanguageSpec[languageName=javafml, acceptedVersions=[41,46)]]
[28Dec2025 23:05:20.388] [main/DEBUG] [net.minecraftforge.fml.loading.moddiscovery.ModFileParser/LOADING]: Considering mod file candidate /home/bryan/Minecraft-Medieval-RPG/mods/AutoLeveling-1.19.2-1.19b.jar
[28Dec2025 23:05:20.388] [main/DEBUG] [net.minecraftforge.fml.loading.moddiscovery.ModFileInfo/LOADING]: Found valid mod file AutoLeveling-1.19.2-1.19b.jar with {autoleveling} mods - versions {1.19b}
[28Dec2025 23:05:20.388] [main/DEBUG] [net.minecraftforge.fml.loading.moddiscovery.ModFile/LOADING]: Loading mod file /home/bryan/Minecraft-Medieval-RPG/mods/AutoLeveling-1.19.2-1.19b.jar with languages [LanguageSpec[languageName=javafml, acceptedVersions=[41,)]]
[28Dec2025 23:05:20.388] [main/DEBUG] [net.minecraftforge.fml.loading.moddiscovery.ModFileParser/LOADING]: Considering mod file candidate /home/bryan/Minecraft-Medieval-RPG/mods/LeavesBeGone-v4.0.1-1.19.2-Forge.jar
[28Dec2025 23:05:20.388] [main/DEBUG] [net.minecraftforge.fml.loading.moddiscovery.ModFileInfo/LOADING]: Found valid mod file LeavesBeGone-v4.0.1-1.19.2-Forge.jar with {leavesbegone} mods - versions {4.0.1}
[28Dec2025 23:05:20.389] [main/DEBUG] [net.minecraftforge.fml.loading.moddiscovery.ModFile/LOADING]: Loading mod file /home/bryan/Minecraft-Medieval-RPG/mods/LeavesBeGone-v4.0.1-1.19.2-Forge.jar with languages [LanguageSpec[languageName=javafml, acceptedVersions=[43,)]]
[28Dec2025 23:05:20.389] [main/DEBUG] [net.minecraftforge.fml.loading.moddiscovery.ModFileParser/LOADING]: Considering mod file candidate /home/bryan/Minecraft-Medieval-RPG/mods/iterpg-0.5.0-1.19.2.jar
[28Dec2025 23:05:20.389] [main/DEBUG] [net.minecraftforge.fml.loading.moddiscovery.ModFileInfo/LOADING]: Found valid mod file iterpg-0.5.0-1.19.2.jar with {iter_rpg} mods - versions {0.5.0}
[28Dec2025 23:05:20.389] [main/DEBUG] [net.minecraftforge.fml.loading.moddiscovery.ModFile/LOADING]: Loading mod file /home/bryan/Minecraft-Medieval-RPG/mods/iterpg-0.5.0-1.19.2.jar with languages [LanguageSpec[languageName=javafml, acceptedVersions=[43,)]]
[28Dec2025 23:05:20.389] [main/DEBUG] [net.minecraftforge.fml.loading.moddiscovery.ModFileParser/LOADING]: Considering mod file candidate /home/bryan/Minecraft-Medieval-RPG/mods/supplementaries-1.19.2-2.4.20.jar
[28Dec2025 23:05:20.389] [main/DEBUG] [net.minecraftforge.fml.loading.moddiscovery.ModFileInfo/LOADING]: Found valid mod file supplementaries-1.19.2-2.4.20.jar with {supplementaries} mods - versions {1.19.2-2.4.20}
[28Dec2025 23:05:20.389] [main/DEBUG] [net.minecraftforge.fml.loading.moddiscovery.ModFile/LOADING]: Loading mod file /home/bryan/Minecraft-Medieval-RPG/mods/supplementaries-1.19.2-2.4.20.jar with languages [LanguageSpec[languageName=javafml, acceptedVersions=[40,)]]
[28Dec2025 23:05:20.389] [main/DEBUG] [net.minecraftforge.fml.loading.moddiscovery.ModFileParser/LOADING]: Considering mod file candidate /home/bryan/Minecraft-Medieval-RPG/mods/stylecolonies-1.2.2.jar
[28Dec2025 23:05:20.389] [main/DEBUG] [net.minecraftforge.fml.loading.moddiscovery.ModFileInfo/LOADING]: Found valid mod file stylecolonies-1.2.2.jar with {stylecolonies} mods - versions {1.2.2}
[28Dec2025 23:05:20.389] [main/DEBUG] [net.minecraftforge.fml.loading.moddiscovery.ModFile/LOADING]: Loading mod file /home/bryan/Minecraft-Medieval-RPG/mods/stylecolonies-1.2.2.jar with languages [LanguageSpec[languageName=javafml, acceptedVersions=[36,)]]
[28Dec2025 23:05:20.389] [main/DEBUG] [net.minecraftforge.fml.loading.moddiscovery.ModFileParser/LOADING]: Considering mod file candidate /home/bryan/Minecraft-Medieval-RPG/mods/upgradednetherite-1.19.2-5.1.0.9-release.jar
[28Dec2025 23:05:20.391] [main/DEBUG] [net.minecraftforge.fml.loading.moddiscovery.ModFileInfo/LOADING]: Found valid mod file upgradednetherite-1.19.2-5.1.0.9-release.jar with {upgradednetherite} mods - versions {1.19.2-5.1.0.9-release}
[28Dec2025 23:05:20.391] [main/DEBUG] [net.minecraftforge.fml.loading.moddiscovery.ModFile/LOADING]: Loading mod file /home/bryan/Minecraft-Medieval-RPG/mods/upgradednetherite-1.19.2-5.1.0.9-release.jar with languages [LanguageSpec[languageName=javafml, acceptedVersions=[43,)]]
[28Dec2025 23:05:20.391] [main/DEBUG] [net.minecraftforge.fml.loading.moddiscovery.ModFileParser/LOADING]: Considering mod file candidate /home/bryan/Minecraft-Medieval-RPG/mods/AdvancementPlaques-1.19.2-1.4.7.jar
[28Dec2025 23:05:20.391] [main/DEBUG] [net.minecraftforge.fml.loading.moddiscovery.ModFileInfo/LOADING]: Found valid mod file AdvancementPlaques-1.19.2-1.4.7.jar with {advancementplaques} mods - versions {1.4.7}
[28Dec2025 23:05:20.392] [main/DEBUG] [net.minecraftforge.fml.loading.moddiscovery.ModFile/LOADING]: Loading mod file /home/bryan/Minecraft-Medieval-RPG/mods/AdvancementPlaques-1.19.2-1.4.7.jar with languages [LanguageSpec[languageName=javafml, acceptedVersions=[41,)]]
[28Dec2025 23:05:20.392] [main/DEBUG] [net.minecraftforge.fml.loading.moddiscovery.ModFileParser/LOADING]: Considering mod file candidate /home/bryan/Minecraft-Medieval-RPG/mods/corpse-forge-1.19.2-1.0.17.jar
[28Dec2025 23:05:20.392] [main/DEBUG] [net.minecraftforge.fml.loading.moddiscovery.ModFileInfo/LOADING]: Found valid mod file corpse-forge-1.19.2-1.0.17.jar with {corpse} mods - versions {1.19.2-1.0.17}
[28Dec2025 23:05:20.392] [main/DEBUG] [net.minecraftforge.fml.loading.moddiscovery.ModFile/LOADING]: Loading mod file /home/bryan/Minecraft-Medieval-RPG/mods/corpse-forge-1.19.2-1.0.17.jar with languages [LanguageSpec[languageName=javafml, acceptedVersions=*]]
[28Dec2025 23:05:20.392] [main/DEBUG] [net.minecraftforge.fml.loading.moddiscovery.ModFileParser/LOADING]: Considering mod file candidate /home/bryan/Minecraft-Medieval-RPG/mods/solapplepie-1.19.2-2.2.0.jar
[28Dec2025 23:05:20.392] [main/DEBUG] [net.minecraftforge.fml.loading.moddiscovery.ModFileInfo/LOADING]: Found valid mod file solapplepie-1.19.2-2.2.0.jar with {solapplepie} mods - versions {1.19.2-2.2.0}
[28Dec2025 23:05:20.392] [main/DEBUG] [net.minecraftforge.fml.loading.moddiscovery.ModFile/LOADING]: Loading mod file /home/bryan/Minecraft-Medieval-RPG/mods/solapplepie-1.19.2-2.2.0.jar with languages [LanguageSpec[languageName=javafml, acceptedVersions=[43,)]]
[28Dec2025 23:05:20.392] [main/DEBUG] [net.minecraftforge.fml.loading.moddiscovery.ModFileParser/LOADING]: Considering mod file candidate /home/bryan/Minecraft-Medieval-RPG/mods/structure_gel-1.19.2-2.7.3.jar
[28Dec2025 23:05:20.392] [main/DEBUG] [net.minecraftforge.fml.loading.moddiscovery.ModFileInfo/LOADING]: Found valid mod file structure_gel-1.19.2-2.7.3.jar with {structure_gel} mods - versions {2.7.3}
[28Dec2025 23:05:20.392] [main/DEBUG] [net.minecraftforge.fml.loading.moddiscovery.ModFile/LOADING]: Loading mod file /home/bryan/Minecraft-Medieval-RPG/mods/structure_gel-1.19.2-2.7.3.jar with languages [LanguageSpec[languageName=javafml, acceptedVersions=[43,)]]
[28Dec2025 23:05:20.393] [main/DEBUG] [net.minecraftforge.fml.loading.moddiscovery.ModFileParser/LOADING]: Considering mod file candidate /home/bryan/Minecraft-Medieval-RPG/mods/ftb-xmod-compat-forge-1.2.4.jar
[28Dec2025 23:05:20.393] [main/DEBUG] [net.minecraftforge.fml.loading.moddiscovery.ModFileInfo/LOADING]: Found valid mod file ftb-xmod-compat-forge-1.2.4.jar with {ftbxmodcompat} mods - versions {1.2.4}
[28Dec2025 23:05:20.393] [main/DEBUG] [net.minecraftforge.fml.loading.moddiscovery.ModFile/LOADING]: Loading mod file /home/bryan/Minecraft-Medieval-RPG/mods/ftb-xmod-compat-forge-1.2.4.jar with languages [LanguageSpec[languageName=javafml, acceptedVersions=[43,)]]
[28Dec2025 23:05:20.393] [main/DEBUG] [net.minecraftforge.fml.loading.moddiscovery.ModFileParser/LOADING]: Considering mod file candidate /home/bryan/Minecraft-Medieval-RPG/mods/combatroll-forge-1.1.5+1.19.jar
[28Dec2025 23:05:20.393] [main/DEBUG] [net.minecraftforge.fml.loading.moddiscovery.ModFileInfo/LOADING]: Found valid mod file combatroll-forge-1.1.5+1.19.jar with {combatroll} mods - versions {1.1.5+1.19}
[28Dec2025 23:05:20.393] [main/DEBUG] [net.minecraftforge.fml.loading.moddiscovery.ModFile/LOADING]: Loading mod file /home/bryan/Minecraft-Medieval-RPG/mods/combatroll-forge-1.1.5+1.19.jar with languages [LanguageSpec[languageName=javafml, acceptedVersions=[39,)]]
[28Dec2025 23:05:20.393] [main/DEBUG] [net.minecraftforge.fml.loading.moddiscovery.ModFileParser/LOADING]: Considering mod file candidate /home/bryan/Minecraft-Medieval-RPG/mods/morevillagers-forge-1.19-4.0.3.jar
[28Dec2025 23:05:20.394] [main/DEBUG] [net.minecraftforge.fml.loading.moddiscovery.ModFileInfo/LOADING]: Found valid mod file morevillagers-forge-1.19-4.0.3.jar with {morevillagers} mods - versions {4.0.3}
[28Dec2025 23:05:20.394] [main/DEBUG] [net.minecraftforge.fml.loading.moddiscovery.ModFile/LOADING]: Loading mod file /home/bryan/Minecraft-Medieval-RPG/mods/morevillagers-forge-1.19-4.0.3.jar with languages [LanguageSpec[languageName=javafml, acceptedVersions=[41,)]]
[28Dec2025 23:05:20.394] [main/DEBUG] [net.minecraftforge.fml.loading.moddiscovery.ModFileParser/LOADING]: Considering mod file candidate /home/bryan/Minecraft-Medieval-RPG/mods/repurposed_structures_forge-6.3.29+1.19.2.jar
[28Dec2025 23:05:20.394] [main/DEBUG] [net.minecraftforge.fml.loading.moddiscovery.ModFileInfo/LOADING]: Found valid mod file repurposed_structures_forge-6.3.29+1.19.2.jar with {repurposed_structures} mods - versions {6.3.29+1.19.2}
[28Dec2025 23:05:20.394] [main/DEBUG] [net.minecraftforge.fml.loading.moddiscovery.ModFile/LOADING]: Loading mod file /home/bryan/Minecraft-Medieval-RPG/mods/repurposed_structures_forge-6.3.29+1.19.2.jar with languages [LanguageSpec[languageName=javafml, acceptedVersions=[38,)]]
[28Dec2025 23:05:20.394] [main/DEBUG] [net.minecraftforge.fml.loading.moddiscovery.ModFileParser/LOADING]: Considering mod file candidate /home/bryan/Minecraft-Medieval-RPG/mods/Explorify v1.6.2 f10-48.jar
[28Dec2025 23:05:20.394] [main/DEBUG] [net.minecraftforge.fml.loading.moddiscovery.ModFileInfo/LOADING]: Found valid mod file Explorify v1.6.2 f10-48.jar with {explorify} mods - versions {1.6.2}
[28Dec2025 23:05:20.394] [main/DEBUG] [net.minecraftforge.fml.loading.moddiscovery.ModFile/LOADING]: Loading mod file /home/bryan/Minecraft-Medieval-RPG/mods/Explorify v1.6.2 f10-48.jar with languages [LanguageSpec[languageName=lowcodefml, acceptedVersions=[1,)]]
[28Dec2025 23:05:20.394] [main/DEBUG] [net.minecraftforge.fml.loading.moddiscovery.ModFileParser/LOADING]: Considering mod file candidate /home/bryan/Minecraft-Medieval-RPG/mods/ironfurnaces-1.19.2-3.6.5.jar
[28Dec2025 23:05:20.394] [main/DEBUG] [net.minecraftforge.fml.loading.moddiscovery.ModFileInfo/LOADING]: Found valid mod file ironfurnaces-1.19.2-3.6.5.jar with {ironfurnaces} mods - versions {3.6.5}
[28Dec2025 23:05:20.394] [main/DEBUG] [net.minecraftforge.fml.loading.moddiscovery.ModFile/LOADING]: Loading mod file /home/bryan/Minecraft-Medieval-RPG/mods/ironfurnaces-1.19.2-3.6.5.jar with languages [LanguageSpec[languageName=javafml, acceptedVersions=${loader_version_range}]]
[28Dec2025 23:05:20.394] [main/DEBUG] [net.minecraftforge.fml.loading.moddiscovery.ModFileParser/LOADING]: Considering mod file candidate /home/bryan/Minecraft-Medieval-RPG/mods/dungeons_plus-1.19.2-1.3.1.jar
[28Dec2025 23:05:20.395] [main/DEBUG] [net.minecraftforge.fml.loading.moddiscovery.ModFileInfo/LOADING]: Found valid mod file dungeons_plus-1.19.2-1.3.1.jar with {dungeons_plus} mods - versions {1.3.1}
[28Dec2025 23:05:20.395] [main/DEBUG] [net.minecraftforge.fml.loading.moddiscovery.ModFile/LOADING]: Loading mod file /home/bryan/Minecraft-Medieval-RPG/mods/dungeons_plus-1.19.2-1.3.1.jar with languages [LanguageSpec[languageName=javafml, acceptedVersions=[43,)]]
[28Dec2025 23:05:20.395] [main/DEBUG] [net.minecraftforge.fml.loading.moddiscovery.ModFileParser/LOADING]: Considering mod file candidate /home/bryan/Minecraft-Medieval-RPG/mods/UnusualEnd1.19.2_V1.4.3.jar
[28Dec2025 23:05:20.395] [main/DEBUG] [net.minecraftforge.fml.loading.moddiscovery.ModFileInfo/LOADING]: Found valid mod file UnusualEnd1.19.2_V1.4.3.jar with {unusualend} mods - versions {1.4.3}
[28Dec2025 23:05:20.395] [main/DEBUG] [net.minecraftforge.fml.loading.moddiscovery.ModFile/LOADING]: Loading mod file /home/bryan/Minecraft-Medieval-RPG/mods/UnusualEnd1.19.2_V1.4.3.jar with languages [LanguageSpec[languageName=javafml, acceptedVersions=[43,)]]
[28Dec2025 23:05:20.395] [main/DEBUG] [net.minecraftforge.fml.loading.moddiscovery.ModFileParser/LOADING]: Considering mod file candidate /home/bryan/Minecraft-Medieval-RPG/mods/DarkerDepths-1.19.2-1.0.0.jar
[28Dec2025 23:05:20.395] [main/DEBUG] [net.minecraftforge.fml.loading.moddiscovery.ModFileInfo/LOADING]: Found valid mod file DarkerDepths-1.19.2-1.0.0.jar with {darkerdepths} mods - versions {1.19-1.0.7}
[28Dec2025 23:05:20.395] [main/DEBUG] [net.minecraftforge.fml.loading.moddiscovery.ModFile/LOADING]: Loading mod file /home/bryan/Minecraft-Medieval-RPG/mods/DarkerDepths-1.19.2-1.0.0.jar with languages [LanguageSpec[languageName=javafml, acceptedVersions=[39,)]]
[28Dec2025 23:05:20.395] [main/DEBUG] [net.minecraftforge.fml.loading.moddiscovery.ModFileParser/LOADING]: Considering mod file candidate /home/bryan/Minecraft-Medieval-RPG/mods/servercore-forge-1.3.6+1.19.2.jar
[28Dec2025 23:05:20.395] [main/DEBUG] [net.minecraftforge.fml.loading.moddiscovery.ModFileInfo/LOADING]: Found valid mod file servercore-forge-1.3.6+1.19.2.jar with {servercore} mods - versions {1.3.6+1.19.2}
[28Dec2025 23:05:20.396] [main/DEBUG] [net.minecraftforge.fml.loading.moddiscovery.ModFile/LOADING]: Loading mod file /home/bryan/Minecraft-Medieval-RPG/mods/servercore-forge-1.3.6+1.19.2.jar with languages [LanguageSpec[languageName=javafml, acceptedVersions=[42,)]]
[28Dec2025 23:05:20.396] [main/DEBUG] [net.minecraftforge.fml.loading.moddiscovery.ModFileParser/LOADING]: Considering mod file candidate /home/bryan/Minecraft-Medieval-RPG/mods/Highlighter-1.19.1-1.1.4.jar
[28Dec2025 23:05:20.396] [main/DEBUG] [net.minecraftforge.fml.loading.moddiscovery.ModFileInfo/LOADING]: Found valid mod file Highlighter-1.19.1-1.1.4.jar with {highlighter} mods - versions {1.1.4}
[28Dec2025 23:05:20.396] [main/DEBUG] [net.minecraftforge.fml.loading.moddiscovery.ModFile/LOADING]: Loading mod file /home/bryan/Minecraft-Medieval-RPG/mods/Highlighter-1.19.1-1.1.4.jar with languages [LanguageSpec[languageName=javafml, acceptedVersions=[41,)]]
[28Dec2025 23:05:20.396] [main/DEBUG] [net.minecraftforge.fml.loading.moddiscovery.ModFileParser/LOADING]: Considering mod file candidate /home/bryan/Minecraft-Medieval-RPG/mods/TextruesRubidiumOptions-1.0.7-mc1.19.2.jar
[28Dec2025 23:05:20.396] [main/DEBUG] [net.minecraftforge.fml.loading.moddiscovery.ModFileInfo/LOADING]: Found valid mod file TextruesRubidiumOptions-1.0.7-mc1.19.2.jar with {reeses_sodium_options} mods - versions {1.0.7-mc1.19.2}
[28Dec2025 23:05:20.396] [main/DEBUG] [net.minecraftforge.fml.loading.moddiscovery.ModFile/LOADING]: Loading mod file /home/bryan/Minecraft-Medieval-RPG/mods/TextruesRubidiumOptions-1.0.7-mc1.19.2.jar with languages [LanguageSpec[languageName=javafml, acceptedVersions=[39,)]]
[28Dec2025 23:05:20.396] [main/DEBUG] [net.minecraftforge.fml.loading.moddiscovery.ModFileParser/LOADING]: Considering mod file candidate /home/bryan/Minecraft-Medieval-RPG/mods/mcsa-forge-3.1.4+1.19.jar
[28Dec2025 23:05:20.396] [main/DEBUG] [net.minecraftforge.fml.loading.moddiscovery.ModFileInfo/LOADING]: Found valid mod file mcsa-forge-3.1.4+1.19.jar with {mcsa} mods - versions {3.1.4+1.19}
[28Dec2025 23:05:20.396] [main/DEBUG] [net.minecraftforge.fml.loading.moddiscovery.ModFile/LOADING]: Loading mod file /home/bryan/Minecraft-Medieval-RPG/mods/mcsa-forge-3.1.4+1.19.jar with languages [LanguageSpec[languageName=javafml, acceptedVersions=[41,)]]
[28Dec2025 23:05:20.396] [main/DEBUG] [net.minecraftforge.fml.loading.moddiscovery.ModFileParser/LOADING]: Considering mod file candidate /home/bryan/Minecraft-Medieval-RPG/mods/curios-forge-1.19.2-5.1.6.4.jar
[28Dec2025 23:05:20.397] [main/DEBUG] [net.minecraftforge.fml.loading.moddiscovery.ModFileInfo/LOADING]: Found valid mod file curios-forge-1.19.2-5.1.6.4.jar with {curios} mods - versions {1.19.2-5.1.6.4}
[28Dec2025 23:05:20.397] [main/DEBUG] [net.minecraftforge.fml.loading.moddiscovery.ModFile/LOADING]: Loading mod file /home/bryan/Minecraft-Medieval-RPG/mods/curios-forge-1.19.2-5.1.6.4.jar with languages [LanguageSpec[languageName=javafml, acceptedVersions=[41,)]]
[28Dec2025 23:05:20.397] [main/DEBUG] [net.minecraftforge.fml.loading.moddiscovery.ModFileParser/LOADING]: Considering mod file candidate /home/bryan/Minecraft-Medieval-RPG/mods/origins-forge-1.19.2-1.7.1.7-all.jar
[28Dec2025 23:05:20.397] [main/DEBUG] [net.minecraftforge.fml.loading.moddiscovery.ModFileInfo/LOADING]: Found valid mod file origins-forge-1.19.2-1.7.1.7-all.jar with {origins} mods - versions {1.19.2-1.7.1.7}
[28Dec2025 23:05:20.397] [main/DEBUG] [net.minecraftforge.fml.loading.moddiscovery.ModFile/LOADING]: Loading mod file /home/bryan/Minecraft-Medieval-RPG/mods/origins-forge-1.19.2-1.7.1.7-all.jar with languages [LanguageSpec[languageName=javafml, acceptedVersions=[39,)]]
[28Dec2025 23:05:20.397] [main/DEBUG] [net.minecraftforge.fml.loading.moddiscovery.ModFileParser/LOADING]: Considering mod file candidate /home/bryan/Minecraft-Medieval-RPG/mods/GameStages-Forge-1.19.2-11.1.4.jar
[28Dec2025 23:05:20.397] [main/DEBUG] [net.minecraftforge.fml.loading.moddiscovery.ModFileInfo/LOADING]: Found valid mod file GameStages-Forge-1.19.2-11.1.4.jar with {gamestages} mods - versions {11.1.4}
[28Dec2025 23:05:20.397] [main/DEBUG] [net.minecraftforge.fml.loading.moddiscovery.ModFile/LOADING]: Loading mod file /home/bryan/Minecraft-Medieval-RPG/mods/GameStages-Forge-1.19.2-11.1.4.jar with languages [LanguageSpec[languageName=javafml, acceptedVersions=[43,]]]
[28Dec2025 23:05:20.397] [main/DEBUG] [net.minecraftforge.fml.loading.moddiscovery.ModFileParser/LOADING]: Considering mod file candidate /home/bryan/Minecraft-Medieval-RPG/mods/right-click-harvest-3.2.3+1.19.2-forge.jar
[28Dec2025 23:05:20.399] [main/DEBUG] [net.minecraftforge.fml.loading.moddiscovery.ModFileInfo/LOADING]: Found valid mod file right-click-harvest-3.2.3+1.19.2-forge.jar with {rightclickharvest} mods - versions {3.2.3+1.19.2-forge}
[28Dec2025 23:05:20.399] [main/DEBUG] [net.minecraftforge.fml.loading.moddiscovery.ModFile/LOADING]: Loading mod file /home/bryan/Minecraft-Medieval-RPG/mods/right-click-harvest-3.2.3+1.19.2-forge.jar with languages [LanguageSpec[languageName=javafml, acceptedVersions=[43,)]]
[28Dec2025 23:05:20.399] [main/DEBUG] [net.minecraftforge.fml.loading.moddiscovery.ModFileParser/LOADING]: Considering mod file candidate /home/bryan/Minecraft-Medieval-RPG/mods/noisium-1.0.2.jar
[28Dec2025 23:05:20.399] [main/DEBUG] [net.minecraftforge.fml.loading.moddiscovery.ModFileInfo/LOADING]: Found valid mod file noisium-1.0.2.jar with {noisium} mods - versions {1.0.2}
[28Dec2025 23:05:20.399] [main/DEBUG] [net.minecraftforge.fml.loading.moddiscovery.ModFile/LOADING]: Loading mod file /home/bryan/Minecraft-Medieval-RPG/mods/noisium-1.0.2.jar with languages [LanguageSpec[languageName=javafml, acceptedVersions=[43,)]]
[28Dec2025 23:05:20.399] [main/DEBUG] [net.minecraftforge.fml.loading.moddiscovery.ModFileParser/LOADING]: Considering mod file candidate /home/bryan/Minecraft-Medieval-RPG/mods/dragon_enchants-1.0.4-1.19.2.jar
[28Dec2025 23:05:20.400] [main/DEBUG] [net.minecraftforge.fml.loading.moddiscovery.ModFileInfo/LOADING]: Found valid mod file dragon_enchants-1.0.4-1.19.2.jar with {dragonenchants} mods - versions {1.0.4}
[28Dec2025 23:05:20.400] [main/DEBUG] [net.minecraftforge.fml.loading.moddiscovery.ModFile/LOADING]: Loading mod file /home/bryan/Minecraft-Medieval-RPG/mods/dragon_enchants-1.0.4-1.19.2.jar with languages [LanguageSpec[languageName=javafml, acceptedVersions=[39,)]]
[28Dec2025 23:05:20.400] [main/DEBUG] [net.minecraftforge.fml.loading.moddiscovery.ModFileParser/LOADING]: Considering mod file candidate 
[28Dec2025 23:05:20.400] [main/DEBUG] [net.minecraftforge.fml.loading.moddiscovery.ModFileInfo/LOADING]: Found valid mod file cumulus_menus-1.19.2-1.0.0-forge.jar with {cumulus_menus} mods - versions {1.19.2-1.0.0-forge}
[28Dec2025 23:05:20.400] [main/DEBUG] [net.minecraftforge.fml.loading.moddiscovery.ModFile/LOADING]: Loading mod file  with languages [LanguageSpec[languageName=javafml, acceptedVersions=[43,)]]
[28Dec2025 23:05:20.400] [main/DEBUG] [net.minecraftforge.fml.loading.moddiscovery.ModFileParser/LOADING]: Considering mod file candidate /home/bryan/Minecraft-Medieval-RPG/mods/worldedit-mod-7.2.12.jar
[28Dec2025 23:05:20.400] [main/DEBUG] [net.minecraftforge.fml.loading.moddiscovery.ModFileInfo/LOADING]: Found valid mod file worldedit-mod-7.2.12.jar with {worldedit} mods - versions {7.2.12+6240-87f4ae1}
[28Dec2025 23:05:20.400] [main/DEBUG] [net.minecraftforge.fml.loading.moddiscovery.ModFile/LOADING]: Loading mod file /home/bryan/Minecraft-Medieval-RPG/mods/worldedit-mod-7.2.12.jar with languages [LanguageSpec[languageName=javafml, acceptedVersions=[24,)]]
[28Dec2025 23:05:20.400] [main/DEBUG] [net.minecraftforge.fml.loading.moddiscovery.ModFileParser/LOADING]: Considering mod file candidate /home/bryan/Minecraft-Medieval-RPG/mods/constructionwand-1.19.2-2.10.jar
[28Dec2025 23:05:20.400] [main/DEBUG] [net.minecraftforge.fml.loading.moddiscovery.ModFileInfo/LOADING]: Found valid mod file constructionwand-1.19.2-2.10.jar with {constructionwand} mods - versions {1.19.2-2.10}
[28Dec2025 23:05:20.400] [main/DEBUG] [net.minecraftforge.fml.loading.moddiscovery.ModFile/LOADING]: Loading mod file /home/bryan/Minecraft-Medieval-RPG/mods/constructionwand-1.19.2-2.10.jar with languages [LanguageSpec[languageName=javafml, acceptedVersions=[41,)]]
[28Dec2025 23:05:20.400] [main/DEBUG] [net.minecraftforge.fml.loading.moddiscovery.ModFileParser/LOADING]: Considering mod file candidate /home/bryan/Minecraft-Medieval-RPG/mods/pluto-mc1.19.2-0.0.9.jar
[28Dec2025 23:05:20.401] [main/DEBUG] [net.minecraftforge.fml.loading.moddiscovery.ModFileInfo/LOADING]: Found valid mod file pluto-mc1.19.2-0.0.9.jar with {pluto} mods - versions {0.0.9}
[28Dec2025 23:05:20.401] [main/DEBUG] [net.minecraftforge.fml.loading.moddiscovery.ModFile/LOADING]: Loading mod file /home/bryan/Minecraft-Medieval-RPG/mods/pluto-mc1.19.2-0.0.9.jar with languages [LanguageSpec[languageName=javafml, acceptedVersions=[43,)]]
[28Dec2025 23:05:20.401] [main/DEBUG] [net.minecraftforge.fml.loading.moddiscovery.ModFileParser/LOADING]: Considering mod file candidate /home/bryan/Minecraft-Medieval-RPG/mods/ApothicCurios-1.19.2-1.0.3c.jar
[28Dec2025 23:05:20.401] [main/DEBUG] [net.minecraftforge.fml.loading.moddiscovery.ModFileInfo/LOADING]: Found valid mod file ApothicCurios-1.19.2-1.0.3c.jar with {apothiccurios} mods - versions {1.0.3c}
[28Dec2025 23:05:20.401] [main/DEBUG] [net.minecraftforge.fml.loading.moddiscovery.ModFile/LOADING]: Loading mod file /home/bryan/Minecraft-Medieval-RPG/mods/ApothicCurios-1.19.2-1.0.3c.jar with languages [LanguageSpec[languageName=javafml, acceptedVersions=[43,)]]
[28Dec2025 23:05:20.401] [main/DEBUG] [net.minecraftforge.fml.loading.moddiscovery.ModFileParser/LOADING]: Considering mod file candidate /home/bryan/Minecraft-Medieval-RPG/mods/betterwithminecolonies-1.19-1.18.19.jar
[28Dec2025 23:05:20.401] [main/DEBUG] [net.minecraftforge.fml.loading.moddiscovery.ModFileInfo/LOADING]: Found valid mod file betterwithminecolonies-1.19-1.18.19.jar with {betterwithminecolonies} mods - versions {1.19++-1.18.19}
[28Dec2025 23:05:20.401] [main/DEBUG] [net.minecraftforge.fml.loading.moddiscovery.ModFile/LOADING]: Loading mod file /home/bryan/Minecraft-Medieval-RPG/mods/betterwithminecolonies-1.19-1.18.19.jar with languages [LanguageSpec[languageName=javafml, acceptedVersions=[41,)]]
[28Dec2025 23:05:20.401] [main/DEBUG] [net.minecraftforge.fml.loading.moddiscovery.ModFileParser/LOADING]: Considering mod file candidate /home/bryan/Minecraft-Medieval-RPG/mods/YungsBetterEndIsland-1.19.2-Forge-1.0.jar
[28Dec2025 23:05:20.401] [main/DEBUG] [net.minecraftforge.fml.loading.moddiscovery.ModFileInfo/LOADING]: Found valid mod file YungsBetterEndIsland-1.19.2-Forge-1.0.jar with {betterendisland} mods - versions {1.19.2-Forge-1.0}
[28Dec2025 23:05:20.402] [main/DEBUG] [net.minecraftforge.fml.loading.moddiscovery.ModFile/LOADING]: Loading mod file /home/bryan/Minecraft-Medieval-RPG/mods/YungsBetterEndIsland-1.19.2-Forge-1.0.jar with languages [LanguageSpec[languageName=javafml, acceptedVersions=[43,)]]
[28Dec2025 23:05:20.402] [main/DEBUG] [net.minecraftforge.fml.loading.moddiscovery.ModFileParser/LOADING]: Considering mod file candidate 
[28Dec2025 23:05:20.402] [main/DEBUG] [net.minecraftforge.fml.loading.moddiscovery.ModFileInfo/LOADING]: Found valid mod file nitrogen_internals-1.19.2-1.0.3-forge.jar with {nitrogen_internals} mods - versions {1.19.2-1.0.3-forge}
[28Dec2025 23:05:20.402] [main/DEBUG] [net.minecraftforge.fml.loading.moddiscovery.ModFile/LOADING]: Loading mod file  with languages [LanguageSpec[languageName=javafml, acceptedVersions=[43,)]]
[28Dec2025 23:05:20.402] [main/DEBUG] [net.minecraftforge.fml.loading.moddiscovery.ModFileParser/LOADING]: Considering mod file candidate /home/bryan/Minecraft-Medieval-RPG/mods/celestisynth-1.19.2-1.1.5.jar
[28Dec2025 23:05:20.402] [main/DEBUG] [net.minecraftforge.fml.loading.moddiscovery.ModFileInfo/LOADING]: Found valid mod file celestisynth-1.19.2-1.1.5.jar with {celestisynth} mods - versions {1.19.2-1.1.5}
[28Dec2025 23:05:20.402] [main/DEBUG] [net.minecraftforge.fml.loading.moddiscovery.ModFile/LOADING]: Loading mod file /home/bryan/Minecraft-Medieval-RPG/mods/celestisynth-1.19.2-1.1.5.jar with languages [LanguageSpec[languageName=javafml, acceptedVersions=[43,)]]
[28Dec2025 23:05:20.402] [main/DEBUG] [net.minecraftforge.fml.loading.moddiscovery.ModFileParser/LOADING]: Considering mod file candidate /home/bryan/Minecraft-Medieval-RPG/mods/deep_aether-1.19.2-1.0.4.jar
[28Dec2025 23:05:20.402] [main/DEBUG] [net.minecraftforge.fml.loading.moddiscovery.ModFileInfo/LOADING]: Found valid mod file deep_aether-1.19.2-1.0.4.jar with {deep_aether} mods - versions {1.19.2-1.0.4}
[28Dec2025 23:05:20.402] [main/DEBUG] [net.minecraftforge.fml.loading.moddiscovery.ModFile/LOADING]: Loading mod file /home/bryan/Minecraft-Medieval-RPG/mods/deep_aether-1.19.2-1.0.4.jar with languages [LanguageSpec[languageName=javafml, acceptedVersions=[43,)]]
[28Dec2025 23:05:20.402] [main/DEBUG] [net.minecraftforge.fml.loading.moddiscovery.ModFileParser/LOADING]: Considering mod file candidate /home/bryan/Minecraft-Medieval-RPG/mods/toms_storage-1.19-1.5.11.jar
[28Dec2025 23:05:20.403] [main/DEBUG] [net.minecraftforge.fml.loading.moddiscovery.ModFileInfo/LOADING]: Found valid mod file toms_storage-1.19-1.5.11.jar with {toms_storage} mods - versions {1.5.11}
[28Dec2025 23:05:20.403] [main/DEBUG] [net.minecraftforge.fml.loading.moddiscovery.ModFile/LOADING]: Loading mod file /home/bryan/Minecraft-Medieval-RPG/mods/toms_storage-1.19-1.5.11.jar with languages [LanguageSpec[languageName=javafml, acceptedVersions=[41,)]]
[28Dec2025 23:05:20.403] [main/DEBUG] [net.minecraftforge.fml.loading.moddiscovery.ModFileParser/LOADING]: Considering mod file candidate /home/bryan/Minecraft-Medieval-RPG/mods/DynamicTrees-1.19.2-1.2.2.jar
[28Dec2025 23:05:20.403] [main/DEBUG] [net.minecraftforge.fml.loading.moddiscovery.ModFileInfo/LOADING]: Found valid mod file DynamicTrees-1.19.2-1.2.2.jar with {dynamictrees} mods - versions {1.19.2-1.2.2}
[28Dec2025 23:05:20.403] [main/DEBUG] [net.minecraftforge.fml.loading.moddiscovery.ModFile/LOADING]: Loading mod file /home/bryan/Minecraft-Medieval-RPG/mods/DynamicTrees-1.19.2-1.2.2.jar with languages [LanguageSpec[languageName=javafml, acceptedVersions=[40,)]]
[28Dec2025 23:05:20.403] [main/DEBUG] [net.minecraftforge.fml.loading.moddiscovery.ModFileParser/LOADING]: Considering mod file candidate /home/bryan/Minecraft-Medieval-RPG/mods/YungsBetterMineshafts-1.19.2-Forge-3.2.1.jar
[28Dec2025 23:05:20.403] [main/DEBUG] [net.minecraftforge.fml.loading.moddiscovery.ModFileInfo/LOADING]: Found valid mod file YungsBetterMineshafts-1.19.2-Forge-3.2.1.jar with {bettermineshafts} mods - versions {1.19.2-Forge-3.2.1}
[28Dec2025 23:05:20.403] [main/DEBUG] [net.minecraftforge.fml.loading.moddiscovery.ModFile/LOADING]: Loading mod file /home/bryan/Minecraft-Medieval-RPG/mods/YungsBetterMineshafts-1.19.2-Forge-3.2.1.jar with languages [LanguageSpec[languageName=javafml, acceptedVersions=[43,)]]
[28Dec2025 23:05:20.403] [main/DEBUG] [net.minecraftforge.fml.loading.moddiscovery.ModFileParser/LOADING]: Considering mod file candidate /home/bryan/Minecraft-Medieval-RPG/mods/geckolib-forge-1.19-3.1.40.jar
[28Dec2025 23:05:20.403] [main/DEBUG] [net.minecraftforge.fml.loading.moddiscovery.ModFileInfo/LOADING]: Found valid mod file geckolib-forge-1.19-3.1.40.jar with {geckolib3} mods - versions {3.1.40}
[28Dec2025 23:05:20.404] [main/DEBUG] [net.minecraftforge.fml.loading.moddiscovery.ModFile/LOADING]: Loading mod file /home/bryan/Minecraft-Medieval-RPG/mods/geckolib-forge-1.19-3.1.40.jar with languages [LanguageSpec[languageName=javafml, acceptedVersions=[41,)]]
[28Dec2025 23:05:20.404] [main/DEBUG] [net.minecraftforge.fml.loading.moddiscovery.ModFileParser/LOADING]: Considering mod file candidate /home/bryan/Minecraft-Medieval-RPG/mods/majrusz-library-forge-1.19.2-7.0.5-backport.1.jar
[28Dec2025 23:05:20.404] [main/DEBUG] [net.minecraftforge.fml.loading.moddiscovery.ModFileInfo/LOADING]: Found valid mod file majrusz-library-forge-1.19.2-7.0.5-backport.1.jar with {majruszlibrary} mods - versions {7.0.5-backport.1}
[28Dec2025 23:05:20.404] [main/DEBUG] [net.minecraftforge.fml.loading.moddiscovery.ModFile/LOADING]: Loading mod file /home/bryan/Minecraft-Medieval-RPG/mods/majrusz-library-forge-1.19.2-7.0.5-backport.1.jar with languages [LanguageSpec[languageName=javafml, acceptedVersions=[43,)]]
[28Dec2025 23:05:20.404] [main/DEBUG] [net.minecraftforge.fml.loading.moddiscovery.ModFileParser/LOADING]: Considering mod file candidate /home/bryan/Minecraft-Medieval-RPG/mods/YungsBetterJungleTemples-1.19.2-Forge-1.0.1.jar
[28Dec2025 23:05:20.404] [main/DEBUG] [net.minecraftforge.fml.loading.moddiscovery.ModFileInfo/LOADING]: Found valid mod file YungsBetterJungleTemples-1.19.2-Forge-1.0.1.jar with {betterjungletemples} mods - versions {1.19.2-Forge-1.0.1}
[28Dec2025 23:05:20.404] [main/DEBUG] [net.minecraftforge.fml.loading.moddiscovery.ModFile/LOADING]: Loading mod file /home/bryan/Minecraft-Medieval-RPG/mods/YungsBetterJungleTemples-1.19.2-Forge-1.0.1.jar with languages [LanguageSpec[languageName=javafml, acceptedVersions=[43,)]]
[28Dec2025 23:05:20.404] [main/DEBUG] [net.minecraftforge.fml.loading.moddiscovery.ModFileParser/LOADING]: Considering mod file candidate /home/bryan/Minecraft-Medieval-RPG/mods/elytraslot-forge-6.1.2+1.19.2.jar
[28Dec2025 23:05:20.404] [main/DEBUG] [net.minecraftforge.fml.loading.moddiscovery.ModFileInfo/LOADING]: Found valid mod file elytraslot-forge-6.1.2+1.19.2.jar with {elytraslot} mods - versions {6.1.2+1.19.2}
[28Dec2025 23:05:20.404] [main/DEBUG] [net.minecraftforge.fml.loading.moddiscovery.ModFile/LOADING]: Loading mod file /home/bryan/Minecraft-Medieval-RPG/mods/elytraslot-forge-6.1.2+1.19.2.jar with languages [LanguageSpec[languageName=javafml, acceptedVersions=[41,)]]
[28Dec2025 23:05:20.404] [main/DEBUG] [net.minecraftforge.fml.loading.moddiscovery.ModFileParser/LOADING]: Considering mod file candidate /home/bryan/Minecraft-Medieval-RPG/mods/mowziesmobs-1.6.3.jar
[28Dec2025 23:05:20.405] [main/DEBUG] [net.minecraftforge.fml.loading.moddiscovery.ModFileInfo/LOADING]: Found valid mod file mowziesmobs-1.6.3.jar with {mowziesmobs} mods - versions {1.6.3}
[28Dec2025 23:05:20.405] [main/DEBUG] [net.minecraftforge.fml.loading.moddiscovery.ModFile/LOADING]: Loading mod file /home/bryan/Minecraft-Medieval-RPG/mods/mowziesmobs-1.6.3.jar with languages [LanguageSpec[languageName=javafml, acceptedVersions=[43,)]]
[28Dec2025 23:05:20.405] [main/DEBUG] [net.minecraftforge.fml.loading.moddiscovery.ModFileParser/LOADING]: Considering mod file candidate /home/bryan/Minecraft-Medieval-RPG/mods/humancompanions-1.19.2-1.7.4.jar
[28Dec2025 23:05:20.406] [main/DEBUG] [net.minecraftforge.fml.loading.moddiscovery.ModFileInfo/LOADING]: Found valid mod file humancompanions-1.19.2-1.7.4.jar with {humancompanions} mods - versions {1.19.2-1.7.4}
[28Dec2025 23:05:20.406] [main/DEBUG] [net.minecraftforge.fml.loading.moddiscovery.ModFile/LOADING]: Loading mod file /home/bryan/Minecraft-Medieval-RPG/mods/humancompanions-1.19.2-1.7.4.jar with languages [LanguageSpec[languageName=javafml, acceptedVersions=[37,)]]
[28Dec2025 23:05:20.406] [main/DEBUG] [net.minecraftforge.fml.loading.moddiscovery.ModFileParser/LOADING]: Considering mod file candidate /home/bryan/Minecraft-Medieval-RPG/mods/ftb-library-forge-1902.4.1-build.236.jar
[28Dec2025 23:05:20.406] [main/DEBUG] [net.minecraftforge.fml.loading.moddiscovery.ModFileInfo/LOADING]: Found valid mod file ftb-library-forge-1902.4.1-build.236.jar with {ftblibrary} mods - versions {1902.4.1-build.236}
[28Dec2025 23:05:20.406] [main/DEBUG] [net.minecraftforge.fml.loading.moddiscovery.ModFile/LOADING]: Loading mod file /home/bryan/Minecraft-Medieval-RPG/mods/ftb-library-forge-1902.4.1-build.236.jar with languages [LanguageSpec[languageName=javafml, acceptedVersions=[43,)]]
[28Dec2025 23:05:20.406] [main/DEBUG] [net.minecraftforge.fml.loading.moddiscovery.ModFileParser/LOADING]: Considering mod file candidate /home/bryan/Minecraft-Medieval-RPG/mods/MutantMonsters-v4.0.6-1.19.2-Forge.jar
[28Dec2025 23:05:20.406] [main/DEBUG] [net.minecraftforge.fml.loading.moddiscovery.ModFileInfo/LOADING]: Found valid mod file MutantMonsters-v4.0.6-1.19.2-Forge.jar with {mutantmonsters} mods - versions {4.0.6}
[28Dec2025 23:05:20.406] [main/DEBUG] [net.minecraftforge.fml.loading.moddiscovery.ModFile/LOADING]: Loading mod file /home/bryan/Minecraft-Medieval-RPG/mods/MutantMonsters-v4.0.6-1.19.2-Forge.jar with languages [LanguageSpec[languageName=javafml, acceptedVersions=[43,)]]
[28Dec2025 23:05:20.406] [main/DEBUG] [net.minecraftforge.fml.loading.moddiscovery.ModFileParser/LOADING]: Considering mod file candidate /home/bryan/Minecraft-Medieval-RPG/mods/jei-1.19.2-forge-11.8.1.1034.jar
[28Dec2025 23:05:20.407] [main/DEBUG] [net.minecraftforge.fml.loading.moddiscovery.ModFileInfo/LOADING]: Found valid mod file jei-1.19.2-forge-11.8.1.1034.jar with {jei} mods - versions {11.8.1.1034}
[28Dec2025 23:05:20.407] [main/DEBUG] [net.minecraftforge.fml.loading.moddiscovery.ModFile/LOADING]: Loading mod file /home/bryan/Minecraft-Medieval-RPG/mods/jei-1.19.2-forge-11.8.1.1034.jar with languages [LanguageSpec[languageName=javafml, acceptedVersions=[41,)]]
[28Dec2025 23:05:20.407] [main/DEBUG] [net.minecraftforge.fml.loading.moddiscovery.ModFileParser/LOADING]: Considering mod file candidate /home/bryan/Minecraft-Medieval-RPG/mods/multipiston-1.19.2-1.2.25-ALPHA.jar
[28Dec2025 23:05:20.407] [main/DEBUG] [net.minecraftforge.fml.loading.moddiscovery.ModFileInfo/LOADING]: Found valid mod file multipiston-1.19.2-1.2.25-ALPHA.jar with {multipiston} mods - versions {1.19.2-1.2.25-ALPHA}
[28Dec2025 23:05:20.407] [main/DEBUG] [net.minecraftforge.fml.loading.moddiscovery.ModFile/LOADING]: Loading mod file /home/bryan/Minecraft-Medieval-RPG/mods/multipiston-1.19.2-1.2.25-ALPHA.jar with languages [LanguageSpec[languageName=javafml, acceptedVersions=[38,)]]
[28Dec2025 23:05:20.407] [main/DEBUG] [net.minecraftforge.fml.loading.moddiscovery.ModFileParser/LOADING]: Considering mod file candidate /home/bryan/Minecraft-Medieval-RPG/mods/AttributeFix-Forge-1.19.2-17.2.8.jar
[28Dec2025 23:05:20.407] [main/DEBUG] [net.minecraftforge.fml.loading.moddiscovery.ModFileInfo/LOADING]: Found valid mod file AttributeFix-Forge-1.19.2-17.2.8.jar with {attributefix} mods - versions {17.2.8}
[28Dec2025 23:05:20.407] [main/DEBUG] [net.minecraftforge.fml.loading.moddiscovery.ModFile/LOADING]: Loading mod file /home/bryan/Minecraft-Medieval-RPG/mods/AttributeFix-Forge-1.19.2-17.2.8.jar with languages [LanguageSpec[languageName=javafml, acceptedVersions=[43,)]]
[28Dec2025 23:05:20.407] [main/DEBUG] [net.minecraftforge.fml.loading.moddiscovery.ModFileParser/LOADING]: Considering mod file candidate /home/bryan/Minecraft-Medieval-RPG/mods/Pehkui-3.8.2+1.19.2-forge.jar
[28Dec2025 23:05:20.407] [main/DEBUG] [net.minecraftforge.fml.loading.moddiscovery.ModFileInfo/LOADING]: Found valid mod file Pehkui-3.8.2+1.19.2-forge.jar with {pehkui} mods - versions {3.8.2+1.19.2-forge}
[28Dec2025 23:05:20.407] [main/DEBUG] [net.minecraftforge.fml.loading.moddiscovery.ModFile/LOADING]: Loading mod file /home/bryan/Minecraft-Medieval-RPG/mods/Pehkui-3.8.2+1.19.2-forge.jar with languages [LanguageSpec[languageName=javafml, acceptedVersions=[28,)]]
[28Dec2025 23:05:20.407] [main/DEBUG] [net.minecraftforge.fml.loading.moddiscovery.ModFileParser/LOADING]: Considering mod file candidate /home/bryan/Minecraft-Medieval-RPG/mods/goblintraders-1.8.0-1.19.2.jar
[28Dec2025 23:05:20.407] [main/DEBUG] [net.minecraftforge.fml.loading.moddiscovery.ModFileInfo/LOADING]: Found valid mod file goblintraders-1.8.0-1.19.2.jar with {goblintraders} mods - versions {1.8.0}
[28Dec2025 23:05:20.407] [main/DEBUG] [net.minecraftforge.fml.loading.moddiscovery.ModFile/LOADING]: Loading mod file /home/bryan/Minecraft-Medieval-RPG/mods/goblintraders-1.8.0-1.19.2.jar with languages [LanguageSpec[languageName=javafml, acceptedVersions=[40,)]]
[28Dec2025 23:05:20.407] [main/DEBUG] [net.minecraftforge.fml.loading.moddiscovery.ModFileParser/LOADING]: Considering mod file candidate /home/bryan/Minecraft-Medieval-RPG/mods/libraryferret-forge-1.19.2-4.0.0.jar
[28Dec2025 23:05:20.407] [main/DEBUG] [net.minecraftforge.fml.loading.moddiscovery.ModFileInfo/LOADING]: Found valid mod file libraryferret-forge-1.19.2-4.0.0.jar with {libraryferret} mods - versions {4.0.0}
[28Dec2025 23:05:20.408] [main/DEBUG] [net.minecraftforge.fml.loading.moddiscovery.ModFile/LOADING]: Loading mod file /home/bryan/Minecraft-Medieval-RPG/mods/libraryferret-forge-1.19.2-4.0.0.jar with languages [LanguageSpec[languageName=javafml, acceptedVersions=[43,)]]
[28Dec2025 23:05:20.408] [main/DEBUG] [net.minecraftforge.fml.loading.moddiscovery.ModFileParser/LOADING]: Considering mod file candidate /home/bryan/Minecraft-Medieval-RPG/mods/caelus-forge-1.19.2-3.0.0.6.jar
[28Dec2025 23:05:20.408] [main/DEBUG] [net.minecraftforge.fml.loading.moddiscovery.ModFileInfo/LOADING]: Found valid mod file caelus-forge-1.19.2-3.0.0.6.jar with {caelus} mods - versions {1.19.2-3.0.0.6}
[28Dec2025 23:05:20.408] [main/DEBUG] [net.minecraftforge.fml.loading.moddiscovery.ModFile/LOADING]: Loading mod file /home/bryan/Minecraft-Medieval-RPG/mods/caelus-forge-1.19.2-3.0.0.6.jar with languages [LanguageSpec[languageName=javafml, acceptedVersions=[41,)]]
[28Dec2025 23:05:20.408] [main/DEBUG] [net.minecraftforge.fml.loading.moddiscovery.ModFileParser/LOADING]: Considering mod file candidate /home/bryan/Minecraft-Medieval-RPG/mods/Paxi-1.19.2-Forge-3.0.1.jar
[28Dec2025 23:05:20.408] [main/DEBUG] [net.minecraftforge.fml.loading.moddiscovery.ModFileInfo/LOADING]: Found valid mod file Paxi-1.19.2-Forge-3.0.1.jar with {paxi} mods - versions {1.19.2-Forge-3.0.1}
[28Dec2025 23:05:20.408] [main/DEBUG] [net.minecraftforge.fml.loading.moddiscovery.ModFile/LOADING]: Loading mod file /home/bryan/Minecraft-Medieval-RPG/mods/Paxi-1.19.2-Forge-3.0.1.jar with languages [LanguageSpec[languageName=javafml, acceptedVersions=[43,)]]
[28Dec2025 23:05:20.408] [main/DEBUG] [net.minecraftforge.fml.loading.moddiscovery.ModFileParser/LOADING]: Considering mod file candidate /home/bryan/Minecraft-Medieval-RPG/mods/RingsOfAscension-1.19-1.0.1.jar
[28Dec2025 23:05:20.408] [main/DEBUG] [net.minecraftforge.fml.loading.moddiscovery.ModFileInfo/LOADING]: Found valid mod file RingsOfAscension-1.19-1.0.1.jar with {ringsofascension} mods - versions {1.0.0}
[28Dec2025 23:05:20.408] [main/DEBUG] [net.minecraftforge.fml.loading.moddiscovery.ModFile/LOADING]: Loading mod file /home/bryan/Minecraft-Medieval-RPG/mods/RingsOfAscension-1.19-1.0.1.jar with languages [LanguageSpec[languageName=javafml, acceptedVersions=[41,)]]
[28Dec2025 23:05:20.408] [main/DEBUG] [net.minecraftforge.fml.loading.moddiscovery.ModFileParser/LOADING]: Considering mod file candidate /home/bryan/Minecraft-Medieval-RPG/mods/apotheotic_additions1.0.4.jar
[28Dec2025 23:05:20.408] [main/DEBUG] [net.minecraftforge.fml.loading.moddiscovery.ModFileInfo/LOADING]: Found valid mod file apotheotic_additions1.0.4.jar with {apotheotic_additions} mods - versions {1.0.4}
[28Dec2025 23:05:20.408] [main/DEBUG] [net.minecraftforge.fml.loading.moddiscovery.ModFile/LOADING]: Loading mod file /home/bryan/Minecraft-Medieval-RPG/mods/apotheotic_additions1.0.4.jar with languages [LanguageSpec[languageName=javafml, acceptedVersions=[43,)]]
[28Dec2025 23:05:20.409] [main/DEBUG] [net.minecraftforge.fml.loading.moddiscovery.ModFileParser/LOADING]: Considering mod file candidate /home/bryan/Minecraft-Medieval-RPG/mods/fastasyncworldsave-1.19.2-2.0.jar
[28Dec2025 23:05:20.409] [main/DEBUG] [net.minecraftforge.fml.loading.moddiscovery.ModFileInfo/LOADING]: Found valid mod file fastasyncworldsave-1.19.2-2.0.jar with {fastasyncworldsave} mods - versions {1.19.2-2.0}
[28Dec2025 23:05:20.409] [main/DEBUG] [net.minecraftforge.fml.loading.moddiscovery.ModFile/LOADING]: Loading mod file /home/bryan/Minecraft-Medieval-RPG/mods/fastasyncworldsave-1.19.2-2.0.jar with languages [LanguageSpec[languageName=javafml, acceptedVersions=[36,)]]
[28Dec2025 23:05:20.409] [main/DEBUG] [net.minecraftforge.fml.loading.moddiscovery.ModFileParser/LOADING]: Considering mod file candidate /home/bryan/Minecraft-Medieval-RPG/mods/NaturesCompass-1.19.2-1.10.0-forge.jar
[28Dec2025 23:05:20.409] [main/DEBUG] [net.minecraftforge.fml.loading.moddiscovery.ModFileInfo/LOADING]: Found valid mod file NaturesCompass-1.19.2-1.10.0-forge.jar with {naturescompass} mods - versions {1.19.2-1.10.0-forge}
[28Dec2025 23:05:20.409] [main/DEBUG] [net.minecraftforge.fml.loading.moddiscovery.ModFile/LOADING]: Loading mod file /home/bryan/Minecraft-Medieval-RPG/mods/NaturesCompass-1.19.2-1.10.0-forge.jar with languages [LanguageSpec[languageName=javafml, acceptedVersions=[43,)]]
[28Dec2025 23:05:20.409] [main/DEBUG] [net.minecraftforge.fml.loading.moddiscovery.ModFileParser/LOADING]: Considering mod file candidate /home/bryan/Minecraft-Medieval-RPG/mods/CraterLib-Forge-1.19.2-2.1.5.jar
[28Dec2025 23:05:20.409] [main/DEBUG] [net.minecraftforge.fml.loading.moddiscovery.ModFileInfo/LOADING]: Found valid mod file CraterLib-Forge-1.19.2-2.1.5.jar with {craterlib} mods - versions {2.1.5}
[28Dec2025 23:05:20.409] [main/DEBUG] [net.minecraftforge.fml.loading.moddiscovery.ModFile/LOADING]: Loading mod file /home/bryan/Minecraft-Medieval-RPG/mods/CraterLib-Forge-1.19.2-2.1.5.jar with languages [LanguageSpec[languageName=javafml, acceptedVersions=[43,)]]
[28Dec2025 23:05:20.409] [main/DEBUG] [net.minecraftforge.fml.loading.moddiscovery.ModFileParser/LOADING]: Considering mod file candidate /home/bryan/Minecraft-Medieval-RPG/mods/starlight-1.1.1+forge.cf5b10b.jar
[28Dec2025 23:05:20.409] [main/DEBUG] [net.minecraftforge.fml.loading.moddiscovery.ModFileInfo/LOADING]: Found valid mod file starlight-1.1.1+forge.cf5b10b.jar with {starlight} mods - versions {1.1.1+forge.a3aea74}
[28Dec2025 23:05:20.409] [main/DEBUG] [net.minecraftforge.fml.loading.moddiscovery.ModFile/LOADING]: Loading mod file /home/bryan/Minecraft-Medieval-RPG/mods/starlight-1.1.1+forge.cf5b10b.jar with languages [LanguageSpec[languageName=javafml, acceptedVersions=[37,)]]
[28Dec2025 23:05:20.409] [main/DEBUG] [net.minecraftforge.fml.loading.moddiscovery.ModFileParser/LOADING]: Considering mod file candidate /home/bryan/Minecraft-Medieval-RPG/mods/corpsecurioscompat-1.18.x-1.20.x-Forge-2.2.2.jar
[28Dec2025 23:05:20.410] [main/DEBUG] [net.minecraftforge.fml.loading.moddiscovery.ModFileInfo/LOADING]: Found valid mod file corpsecurioscompat-1.18.x-1.20.x-Forge-2.2.2.jar with {corpsecurioscompat} mods - versions {2.2.2}
[28Dec2025 23:05:20.410] [main/DEBUG] [net.minecraftforge.fml.loading.moddiscovery.ModFile/LOADING]: Loading mod file /home/bryan/Minecraft-Medieval-RPG/mods/corpsecurioscompat-1.18.x-1.20.x-Forge-2.2.2.jar with languages [LanguageSpec[languageName=javafml, acceptedVersions=[40,)]]
[28Dec2025 23:05:20.410] [main/DEBUG] [net.minecraftforge.fml.loading.moddiscovery.ModFileParser/LOADING]: Considering mod file candidate /home/bryan/Minecraft-Medieval-RPG/mods/medieval_paintings-1.19.2-7.0.jar
[28Dec2025 23:05:20.410] [main/DEBUG] [net.minecraftforge.fml.loading.moddiscovery.ModFileInfo/LOADING]: Found valid mod file medieval_paintings-1.19.2-7.0.jar with {medieval_paintings} mods - versions {7.0}
[28Dec2025 23:05:20.410] [main/DEBUG] [net.minecraftforge.fml.loading.moddiscovery.ModFile/LOADING]: Loading mod file /home/bryan/Minecraft-Medieval-RPG/mods/medieval_paintings-1.19.2-7.0.jar with languages [LanguageSpec[languageName=javafml, acceptedVersions=[43,)]]
[28Dec2025 23:05:20.410] [main/DEBUG] [net.minecraftforge.fml.loading.moddiscovery.ModFileParser/LOADING]: Considering mod file candidate /home/bryan/Minecraft-Medieval-RPG/mods/ars_nouveau-1.19.2-3.23.0.jar
[28Dec2025 23:05:20.410] [main/DEBUG] [net.minecraftforge.fml.loading.moddiscovery.ModFileInfo/LOADING]: Found valid mod file ars_nouveau-1.19.2-3.23.0.jar with {ars_nouveau} mods - versions {3.23.0}
[28Dec2025 23:05:20.410] [main/DEBUG] [net.minecraftforge.fml.loading.moddiscovery.ModFile/LOADING]: Loading mod file /home/bryan/Minecraft-Medieval-RPG/mods/ars_nouveau-1.19.2-3.23.0.jar with languages [LanguageSpec[languageName=javafml, acceptedVersions=[40,)]]
[28Dec2025 23:05:20.410] [main/DEBUG] [net.minecraftforge.fml.loading.moddiscovery.ModFileParser/LOADING]: Considering mod file candidate /home/bryan/Minecraft-Medieval-RPG/mods/CraftTweaker-forge-1.19.2-10.1.56.jar
[28Dec2025 23:05:20.410] [main/DEBUG] [net.minecraftforge.fml.loading.moddiscovery.ModFileInfo/LOADING]: Found valid mod file CraftTweaker-forge-1.19.2-10.1.56.jar with {crafttweaker} mods - versions {10.1.56}
[28Dec2025 23:05:20.410] [main/DEBUG] [net.minecraftforge.fml.loading.moddiscovery.ModFile/LOADING]: Loading mod file /home/bryan/Minecraft-Medieval-RPG/mods/CraftTweaker-forge-1.19.2-10.1.56.jar with languages [LanguageSpec[languageName=javafml, acceptedVersions=[39,)]]
[28Dec2025 23:05:20.410] [main/DEBUG] [net.minecraftforge.fml.loading.moddiscovery.ModFileParser/LOADING]: Considering mod file candidate /home/bryan/Minecraft-Medieval-RPG/mods/memoryleakfix-forge-1.17+-1.0.0.jar
[28Dec2025 23:05:20.412] [main/DEBUG] [net.minecraftforge.fml.loading.moddiscovery.ModFileInfo/LOADING]: Found valid mod file memoryleakfix-forge-1.17+-1.0.0.jar with {memoryleakfix} mods - versions {1.0.0}
[28Dec2025 23:05:20.412] [main/DEBUG] [net.minecraftforge.fml.loading.moddiscovery.ModFile/LOADING]: Loading mod file /home/bryan/Minecraft-Medieval-RPG/mods/memoryleakfix-forge-1.17+-1.0.0.jar with languages [LanguageSpec[languageName=javafml, acceptedVersions=*]]
[28Dec2025 23:05:20.412] [main/DEBUG] [net.minecraftforge.fml.loading.moddiscovery.ModFileParser/LOADING]: Considering mod file candidate /home/bryan/Minecraft-Medieval-RPG/mods/DungeonsAriseSevenSeas-1.19.2-1.0.2-forge.jar
[28Dec2025 23:05:20.412] [main/DEBUG] [net.minecraftforge.fml.loading.moddiscovery.ModFileInfo/LOADING]: Found valid mod file DungeonsAriseSevenSeas-1.19.2-1.0.2-forge.jar with {dungeons_arise_seven_seas} mods - versions {1.0.2}
[28Dec2025 23:05:20.412] [main/DEBUG] [net.minecraftforge.fml.loading.moddiscovery.ModFile/LOADING]: Loading mod file /home/bryan/Minecraft-Medieval-RPG/mods/DungeonsAriseSevenSeas-1.19.2-1.0.2-forge.jar with languages [LanguageSpec[languageName=javafml, acceptedVersions=[43,)]]
[28Dec2025 23:05:20.412] [main/DEBUG] [net.minecraftforge.fml.loading.moddiscovery.ModFileParser/LOADING]: Considering mod file candidate /home/bryan/Minecraft-Medieval-RPG/mods/rubidium_extras-1.19.2_v1.4.3.jar
[28Dec2025 23:05:20.412] [main/DEBUG] [net.minecraftforge.fml.loading.moddiscovery.ModFileInfo/LOADING]: Found valid mod file rubidium_extras-1.19.2_v1.4.3.jar with {rubidium_extras} mods - versions {1.19.2_v1.4.3}
[28Dec2025 23:05:20.412] [main/DEBUG] [net.minecraftforge.fml.loading.moddiscovery.ModFile/LOADING]: Loading mod file /home/bryan/Minecraft-Medieval-RPG/mods/rubidium_extras-1.19.2_v1.4.3.jar with languages [LanguageSpec[languageName=javafml, acceptedVersions=[41,)]]
[28Dec2025 23:05:20.412] [main/DEBUG] [net.minecraftforge.fml.loading.moddiscovery.ModFileParser/LOADING]: Considering mod file candidate /home/bryan/Minecraft-Medieval-RPG/libraries/net/minecraftforge/forge/1.19.2-43.3.5/forge-1.19.2-43.3.5-universal.jar
[28Dec2025 23:05:20.412] [main/DEBUG] [net.minecraftforge.fml.loading.moddiscovery.ModFileInfo/LOADING]: Found valid mod file forge-1.19.2-43.3.5-universal.jar with {forge} mods - versions {43.3.5}
[28Dec2025 23:05:20.412] [main/DEBUG] [net.minecraftforge.fml.loading.moddiscovery.ModFile/LOADING]: Loading mod file /home/bryan/Minecraft-Medieval-RPG/libraries/net/minecraftforge/forge/1.19.2-43.3.5/forge-1.19.2-43.3.5-universal.jar with languages [LanguageSpec[languageName=javafml, acceptedVersions=[24,]]]
[28Dec2025 23:05:20.412] [main/DEBUG] [net.minecraftforge.fml.loading.moddiscovery.ModFileParser/LOADING]: Found coremod field_to_method with Javascript path coremods/field_to_method.js
[28Dec2025 23:05:20.412] [main/DEBUG] [net.minecraftforge.fml.loading.moddiscovery.ModFileParser/LOADING]: Found coremod field_to_instanceof with Javascript path coremods/field_to_instanceof.js
[28Dec2025 23:05:20.412] [main/DEBUG] [net.minecraftforge.fml.loading.moddiscovery.ModFileParser/LOADING]: Found coremod add_bouncer_method with Javascript path coremods/add_bouncer_method.js
[28Dec2025 23:05:20.412] [main/DEBUG] [net.minecraftforge.fml.loading.moddiscovery.ModFile/LOADING]: Found coremod coremods/field_to_method.js
[28Dec2025 23:05:20.412] [main/DEBUG] [net.minecraftforge.fml.loading.moddiscovery.ModFile/LOADING]: Found coremod coremods/field_to_instanceof.js
[28Dec2025 23:05:20.412] [main/DEBUG] [net.minecraftforge.fml.loading.moddiscovery.ModFile/LOADING]: Found coremod coremods/add_bouncer_method.js
[28Dec2025 23:05:20.412] [main/DEBUG] [net.minecraftforge.fml.loading.moddiscovery.ModFileParser/LOADING]: Considering mod file candidate /home/bryan/Minecraft-Medieval-RPG/mods/infernalmobs-1.19.2.4.jar
[28Dec2025 23:05:20.413] [main/DEBUG] [net.minecraftforge.fml.loading.moddiscovery.ModFileInfo/LOADING]: Found valid mod file infernalmobs-1.19.2.4.jar with {infernalmobs} mods - versions {1.19.2.4}
[28Dec2025 23:05:20.413] [main/DEBUG] [net.minecraftforge.fml.loading.moddiscovery.ModFile/LOADING]: Loading mod file /home/bryan/Minecraft-Medieval-RPG/mods/infernalmobs-1.19.2.4.jar with languages [LanguageSpec[languageName=javafml, acceptedVersions=[37,)]]
[28Dec2025 23:05:20.413] [main/DEBUG] [net.minecraftforge.fml.loading.moddiscovery.ModFileParser/LOADING]: Considering mod file candidate /home/bryan/Minecraft-Medieval-RPG/mods/ironchest-1.19.2-14.2.7.jar
[28Dec2025 23:05:20.413] [main/DEBUG] [net.minecraftforge.fml.loading.moddiscovery.ModFileInfo/LOADING]: Found valid mod file ironchest-1.19.2-14.2.7.jar with {ironchest} mods - versions {1.19.2-14.2.7}
[28Dec2025 23:05:20.413] [main/DEBUG] [net.minecraftforge.fml.loading.moddiscovery.ModFile/LOADING]: Loading mod file /home/bryan/Minecraft-Medieval-RPG/mods/ironchest-1.19.2-14.2.7.jar with languages [LanguageSpec[languageName=javafml, acceptedVersions=[41,44)]]
[28Dec2025 23:05:20.413] [main/DEBUG] [net.minecraftforge.fml.loading.moddiscovery.ModFileParser/LOADING]: Considering mod file candidate /home/bryan/Minecraft-Medieval-RPG/mods/DungeonsArise-1.19.2-2.1.54-release.jar
[28Dec2025 23:05:20.413] [main/DEBUG] [net.minecraftforge.fml.loading.moddiscovery.ModFileInfo/LOADING]: Found valid mod file DungeonsArise-1.19.2-2.1.54-release.jar with {dungeons_arise} mods - versions {2.1.54-1.19.2}
[28Dec2025 23:05:20.413] [main/DEBUG] [net.minecraftforge.fml.loading.moddiscovery.ModFile/LOADING]: Loading mod file /home/bryan/Minecraft-Medieval-RPG/mods/DungeonsArise-1.19.2-2.1.54-release.jar with languages [LanguageSpec[languageName=javafml, acceptedVersions=[41,)]]
[28Dec2025 23:05:20.413] [main/DEBUG] [net.minecraftforge.fml.loading.moddiscovery.ModFileParser/LOADING]: Considering mod file candidate /home/bryan/Minecraft-Medieval-RPG/mods/sons-of-sins-1.19.2-2.1.6.jar
[28Dec2025 23:05:20.413] [main/DEBUG] [net.minecraftforge.fml.loading.moddiscovery.ModFileInfo/LOADING]: Found valid mod file sons-of-sins-1.19.2-2.1.6.jar with {sons_of_sins} mods - versions {2.1.6}
[28Dec2025 23:05:20.413] [main/DEBUG] [net.minecraftforge.fml.loading.moddiscovery.ModFile/LOADING]: Loading mod file /home/bryan/Minecraft-Medieval-RPG/mods/sons-of-sins-1.19.2-2.1.6.jar with languages [LanguageSpec[languageName=javafml, acceptedVersions=[43,)]]
[28Dec2025 23:05:20.413] [main/DEBUG] [net.minecraftforge.fml.loading.moddiscovery.ModFileInfo/LOADING]: Found valid mod file server-1.19.2-20220805.130853-srg.jar with {minecraft} mods - versions {1.19.2}
[28Dec2025 23:05:20.413] [main/DEBUG] [net.minecraftforge.fml.loading.moddiscovery.ModFile/LOADING]: Loading mod file /home/bryan/Minecraft-Medieval-RPG/libraries/net/minecraft/server/1.19.2-20220805.130853/server-1.19.2-20220805.130853-srg.jar with languages [LanguageSpec[languageName=minecraft, acceptedVersions=1]]
[28Dec2025 23:05:20.413] [main/DEBUG] [net.minecraftforge.fml.loading.moddiscovery.ModFileParser/LOADING]: Considering mod file candidate /home/bryan/Minecraft-Medieval-RPG/mods/TerraBlender-forge-1.19.2-2.0.1.166.jar
[28Dec2025 23:05:20.413] [main/DEBUG] [net.minecraftforge.fml.loading.moddiscovery.ModFileInfo/LOADING]: Found valid mod file TerraBlender-forge-1.19.2-2.0.1.166.jar with {terrablender} mods - versions {2.0.1.166}
[28Dec2025 23:05:20.414] [main/DEBUG] [net.minecraftforge.fml.loading.moddiscovery.ModFile/LOADING]: Loading mod file /home/bryan/Minecraft-Medieval-RPG/mods/TerraBlender-forge-1.19.2-2.0.1.166.jar with languages [LanguageSpec[languageName=javafml, acceptedVersions=[43,)]]
[28Dec2025 23:05:20.414] [main/DEBUG] [net.minecraftforge.fml.loading.moddiscovery.ModFileParser/LOADING]: Considering mod file candidate /home/bryan/Minecraft-Medieval-RPG/mods/bettercombat-forge-1.7.1+1.19.jar
[28Dec2025 23:05:20.414] [main/DEBUG] [net.minecraftforge.fml.loading.moddiscovery.ModFileInfo/LOADING]: Found valid mod file bettercombat-forge-1.7.1+1.19.jar with {bettercombat} mods - versions {1.7.1+1.19}
[28Dec2025 23:05:20.414] [main/DEBUG] [net.minecraftforge.fml.loading.moddiscovery.ModFile/LOADING]: Loading mod file /home/bryan/Minecraft-Medieval-RPG/mods/bettercombat-forge-1.7.1+1.19.jar with languages [LanguageSpec[languageName=javafml, acceptedVersions=[39,)]]
[28Dec2025 23:05:20.414] [main/DEBUG] [net.minecraftforge.fml.loading.moddiscovery.ModFileParser/LOADING]: Considering mod file candidate /home/bryan/Minecraft-Medieval-RPG/mods/MouseTweaks-forge-mc1.19-2.23.jar
[28Dec2025 23:05:20.414] [main/DEBUG] [net.minecraftforge.fml.loading.moddiscovery.ModFileInfo/LOADING]: Found valid mod file MouseTweaks-forge-mc1.19-2.23.jar with {mousetweaks} mods - versions {2.23}
[28Dec2025 23:05:20.414] [main/DEBUG] [net.minecraftforge.fml.loading.moddiscovery.ModFile/LOADING]: Loading mod file /home/bryan/Minecraft-Medieval-RPG/mods/MouseTweaks-forge-mc1.19-2.23.jar with languages [LanguageSpec[languageName=javafml, acceptedVersions=[41,)]]
[28Dec2025 23:05:20.414] [main/DEBUG] [net.minecraftforge.fml.loading.moddiscovery.ModFileParser/LOADING]: Considering mod file candidate 
[28Dec2025 23:05:20.414] [main/DEBUG] [net.minecraftforge.fml.loading.moddiscovery.ModFileInfo/LOADING]: Found valid mod file commonality-1.19.2-4.2.1.jar with {commonality} mods - versions {4.2.1}
[28Dec2025 23:05:20.414] [main/DEBUG] [net.minecraftforge.fml.loading.moddiscovery.ModFile/LOADING]: Loading mod file  with languages [LanguageSpec[languageName=javafml, acceptedVersions=[43,)]]
[28Dec2025 23:05:20.414] [main/DEBUG] [net.minecraftforge.fml.loading.moddiscovery.ModFileParser/LOADING]: Considering mod file candidate /home/bryan/Minecraft-Medieval-RPG/mods/awesomedungeonnether-forge-1.19.2-3.1.1.jar
[28Dec2025 23:05:20.414] [main/DEBUG] [net.minecraftforge.fml.loading.moddiscovery.ModFileInfo/LOADING]: Found valid mod file awesomedungeonnether-forge-1.19.2-3.1.1.jar with {awesomedungeonnether} mods - versions {3.1.1}
[28Dec2025 23:05:20.414] [main/DEBUG] [net.minecraftforge.fml.loading.moddiscovery.ModFile/LOADING]: Loading mod file /home/bryan/Minecraft-Medieval-RPG/mods/awesomedungeonnether-forge-1.19.2-3.1.1.jar with languages [LanguageSpec[languageName=javafml, acceptedVersions=[43,)]]
[28Dec2025 23:05:20.414] [main/DEBUG] [net.minecraftforge.fml.loading.moddiscovery.ModFileParser/LOADING]: Considering mod file candidate /home/bryan/Minecraft-Medieval-RPG/mods/ftb-quests-forge-1902.5.10-build.497.jar
[28Dec2025 23:05:20.415] [main/DEBUG] [net.minecraftforge.fml.loading.moddiscovery.ModFileInfo/LOADING]: Found valid mod file ftb-quests-forge-1902.5.10-build.497.jar with {ftbquests} mods - versions {1902.5.10-build.497}
[28Dec2025 23:05:20.415] [main/DEBUG] [net.minecraftforge.fml.loading.moddiscovery.ModFile/LOADING]: Loading mod file /home/bryan/Minecraft-Medieval-RPG/mods/ftb-quests-forge-1902.5.10-build.497.jar with languages [LanguageSpec[languageName=javafml, acceptedVersions=[43,)]]
[28Dec2025 23:05:20.415] [main/DEBUG] [net.minecraftforge.fml.loading.moddiscovery.ModFileParser/LOADING]: Considering mod file candidate /home/bryan/Minecraft-Medieval-RPG/mods/Necronomicon-Forge-1.4.2.jar
[28Dec2025 23:05:20.415] [main/DEBUG] [net.minecraftforge.fml.loading.moddiscovery.ModFileInfo/LOADING]: Found valid mod file Necronomicon-Forge-1.4.2.jar with {necronomicon} mods - versions {1.4.2}
[28Dec2025 23:05:20.415] [main/DEBUG] [net.minecraftforge.fml.loading.moddiscovery.ModFile/LOADING]: Loading mod file /home/bryan/Minecraft-Medieval-RPG/mods/Necronomicon-Forge-1.4.2.jar with languages [LanguageSpec[languageName=javafml, acceptedVersions=*]]
[28Dec2025 23:05:20.415] [main/DEBUG] [net.minecraftforge.fml.loading.moddiscovery.ModFileParser/LOADING]: Considering mod file candidate /home/bryan/Minecraft-Medieval-RPG/mods/knightquest-1.8.5.jar
[28Dec2025 23:05:20.415] [main/DEBUG] [net.minecraftforge.fml.loading.moddiscovery.ModFileInfo/LOADING]: Found valid mod file knightquest-1.8.5.jar with {knightquest} mods - versions {1.8.5}
[28Dec2025 23:05:20.415] [main/DEBUG] [net.minecraftforge.fml.loading.moddiscovery.ModFile/LOADING]: Loading mod file /home/bryan/Minecraft-Medieval-RPG/mods/knightquest-1.8.5.jar with languages [LanguageSpec[languageName=javafml, acceptedVersions=[43,)]]
[28Dec2025 23:05:20.415] [main/DEBUG] [net.minecraftforge.fml.loading.moddiscovery.ModFileParser/LOADING]: Considering mod file candidate /home/bryan/Minecraft-Medieval-RPG/mods/ItemProductionLib-1.19.2-1.0.2a-all.jar
[28Dec2025 23:05:20.415] [main/DEBUG] [net.minecraftforge.fml.loading.moddiscovery.ModFileInfo/LOADING]: Found valid mod file ItemProductionLib-1.19.2-1.0.2a-all.jar with {itemproductionlib} mods - versions {1.0.2a}
[28Dec2025 23:05:20.415] [main/DEBUG] [net.minecraftforge.fml.loading.moddiscovery.ModFile/LOADING]: Loading mod file /home/bryan/Minecraft-Medieval-RPG/mods/ItemProductionLib-1.19.2-1.0.2a-all.jar with languages [LanguageSpec[languageName=javafml, acceptedVersions=[43,)]]
[28Dec2025 23:05:20.415] [main/DEBUG] [net.minecraftforge.fml.loading.moddiscovery.ModFileParser/LOADING]: Considering mod file candidate 
[28Dec2025 23:05:20.415] [main/DEBUG] [net.minecraftforge.fml.loading.moddiscovery.ModFileInfo/LOADING]: Found valid mod file spectrelib-forge-0.12.8+1.19.2.jar with {spectrelib} mods - versions {0.12.8+1.19.2}
[28Dec2025 23:05:20.415] [main/DEBUG] [net.minecraftforge.fml.loading.moddiscovery.ModFile/LOADING]: Loading mod file  with languages [LanguageSpec[languageName=javafml, acceptedVersions=[41,)]]
[28Dec2025 23:05:20.415] [main/DEBUG] [net.minecraftforge.fml.loading.moddiscovery.ModFileParser/LOADING]: Considering mod file candidate /home/bryan/Minecraft-Medieval-RPG/mods/CorgiLib-forge-1.19.2-1.0.0.34.jar
[28Dec2025 23:05:20.415] [main/DEBUG] [net.minecraftforge.fml.loading.moddiscovery.ModFileInfo/LOADING]: Found valid mod file CorgiLib-forge-1.19.2-1.0.0.34.jar with {corgilib} mods - versions {1.0.0.34}
[28Dec2025 23:05:20.415] [main/DEBUG] [net.minecraftforge.fml.loading.moddiscovery.ModFile/LOADING]: Loading mod file /home/bryan/Minecraft-Medieval-RPG/mods/CorgiLib-forge-1.19.2-1.0.0.34.jar with languages [LanguageSpec[languageName=javafml, acceptedVersions=[40,)]]
[28Dec2025 23:05:20.415] [main/DEBUG] [net.minecraftforge.fml.loading.moddiscovery.ModFileParser/LOADING]: Considering mod file candidate /home/bryan/Minecraft-Medieval-RPG/mods/fastpaintings-1.19-1.1.3.jar
[28Dec2025 23:05:20.416] [main/DEBUG] [net.minecraftforge.fml.loading.moddiscovery.ModFileInfo/LOADING]: Found valid mod file fastpaintings-1.19-1.1.3.jar with {fastpaintings} mods - versions {1.19-1.1.3}
[28Dec2025 23:05:20.416] [main/DEBUG] [net.minecraftforge.fml.loading.moddiscovery.ModFile/LOADING]: Loading mod file /home/bryan/Minecraft-Medieval-RPG/mods/fastpaintings-1.19-1.1.3.jar with languages [LanguageSpec[languageName=javafml, acceptedVersions=[41,)]]
[28Dec2025 23:05:20.416] [main/DEBUG] [net.minecraftforge.fml.loading.moddiscovery.ModFileParser/LOADING]: Considering mod file candidate /home/bryan/Minecraft-Medieval-RPG/mods/aeroblender-1.19.2-1.0.1.jar
[28Dec2025 23:05:20.416] [main/DEBUG] [net.minecraftforge.fml.loading.moddiscovery.ModFileInfo/LOADING]: Found valid mod file aeroblender-1.19.2-1.0.1.jar with {aeroblender} mods - versions {1.19.2-1.0.1}
[28Dec2025 23:05:20.416] [main/DEBUG] [net.minecraftforge.fml.loading.moddiscovery.ModFile/LOADING]: Loading mod file /home/bryan/Minecraft-Medieval-RPG/mods/aeroblender-1.19.2-1.0.1.jar with languages [LanguageSpec[languageName=javafml, acceptedVersions=[43,)]]
[28Dec2025 23:05:20.416] [main/DEBUG] [net.minecraftforge.fml.loading.moddiscovery.ModFileParser/LOADING]: Considering mod file candidate /home/bryan/Minecraft-Medieval-RPG/mods/domum_ornamentum-1.19-1.0.146-BETA-universal.jar
[28Dec2025 23:05:20.416] [main/DEBUG] [net.minecraftforge.fml.loading.moddiscovery.ModFileInfo/LOADING]: Found valid mod file domum_ornamentum-1.19-1.0.146-BETA-universal.jar with {domum_ornamentum} mods - versions {1.19-1.0.146-BETA}
[28Dec2025 23:05:20.416] [main/DEBUG] [net.minecraftforge.fml.loading.moddiscovery.ModFile/LOADING]: Loading mod file /home/bryan/Minecraft-Medieval-RPG/mods/domum_ornamentum-1.19-1.0.146-BETA-universal.jar with languages [LanguageSpec[languageName=javafml, acceptedVersions=[28,)]]
[28Dec2025 23:05:20.416] [main/DEBUG] [net.minecraftforge.fml.loading.moddiscovery.ModFileParser/LOADING]: Considering mod file candidate 
[28Dec2025 23:05:20.417] [main/DEBUG] [net.minecraftforge.fml.loading.moddiscovery.ModFileInfo/LOADING]: Found valid mod file calio-forge-1.19.2-1.7.0.4.jar with {calio} mods - versions {1.19.2-1.7.0.4}
[28Dec2025 23:05:20.417] [main/DEBUG] [net.minecraftforge.fml.loading.moddiscovery.ModFile/LOADING]: Loading mod file  with languages [LanguageSpec[languageName=javafml, acceptedVersions=[39,)]]
[28Dec2025 23:05:20.418] [main/DEBUG] [net.minecraftforge.fml.loading.moddiscovery.ModFileParser/LOADING]: Found coremod accessors with Javascript path coremods/accessors.js
[28Dec2025 23:05:20.418] [main/DEBUG] [net.minecraftforge.fml.loading.moddiscovery.ModFileParser/LOADING]: Found coremod tooltip with Javascript path coremods/tooltip.js
[28Dec2025 23:05:20.418] [main/DEBUG] [net.minecraftforge.fml.loading.moddiscovery.ModFile/LOADING]: Found coremod coremods/accessors.js
[28Dec2025 23:05:20.418] [main/DEBUG] [net.minecraftforge.fml.loading.moddiscovery.ModFile/LOADING]: Found coremod coremods/tooltip.js
[28Dec2025 23:05:20.418] [main/DEBUG] [net.minecraftforge.fml.loading.moddiscovery.ModFileParser/LOADING]: Considering mod file candidate /home/bryan/Minecraft-Medieval-RPG/mods/betterfpsdist-1.19.2-4.1.jar
[28Dec2025 23:05:20.418] [main/DEBUG] [net.minecraftforge.fml.loading.moddiscovery.ModFileInfo/LOADING]: Found valid mod file betterfpsdist-1.19.2-4.1.jar with {betterfpsdist} mods - versions {1.19.2-4.1}
[28Dec2025 23:05:20.418] [main/DEBUG] [net.minecraftforge.fml.loading.moddiscovery.ModFile/LOADING]: Loading mod file /home/bryan/Minecraft-Medieval-RPG/mods/betterfpsdist-1.19.2-4.1.jar with languages [LanguageSpec[languageName=javafml, acceptedVersions=[26,)]]
[28Dec2025 23:05:20.418] [main/DEBUG] [net.minecraftforge.fml.loading.moddiscovery.ModFileParser/LOADING]: Considering mod file candidate /home/bryan/Minecraft-Medieval-RPG/mods/BrewinAndChewin-1.19-2.0.jar
[28Dec2025 23:05:20.418] [main/DEBUG] [net.minecraftforge.fml.loading.moddiscovery.ModFileInfo/LOADING]: Found valid mod file BrewinAndChewin-1.19-2.0.jar with {brewinandchewin} mods - versions {1.19-2.0}
[28Dec2025 23:05:20.418] [main/DEBUG] [net.minecraftforge.fml.loading.moddiscovery.ModFile/LOADING]: Loading mod file /home/bryan/Minecraft-Medieval-RPG/mods/BrewinAndChewin-1.19-2.0.jar with languages [LanguageSpec[languageName=javafml, acceptedVersions=[41,)]]
[28Dec2025 23:05:20.418] [main/DEBUG] [net.minecraftforge.fml.loading.moddiscovery.ModFileParser/LOADING]: Considering mod file candidate /home/bryan/Minecraft-Medieval-RPG/mods/FarmersRespite-1.19-2.0.jar
[28Dec2025 23:05:20.418] [main/DEBUG] [net.minecraftforge.fml.loading.moddiscovery.ModFileInfo/LOADING]: Found valid mod file FarmersRespite-1.19-2.0.jar with {farmersrespite} mods - versions {1.19-2.0}
[28Dec2025 23:05:20.418] [main/DEBUG] [net.minecraftforge.fml.loading.moddiscovery.ModFile/LOADING]: Loading mod file /home/bryan/Minecraft-Medieval-RPG/mods/FarmersRespite-1.19-2.0.jar with languages [LanguageSpec[languageName=javafml, acceptedVersions=[41,)]]
[28Dec2025 23:05:20.418] [main/DEBUG] [net.minecraftforge.fml.loading.moddiscovery.ModFileParser/LOADING]: Considering mod file candidate /home/bryan/Minecraft-Medieval-RPG/mods/whisperwoods-1.19-2.1.1-forge.jar
[28Dec2025 23:05:20.418] [main/DEBUG] [net.minecraftforge.fml.loading.moddiscovery.ModFileInfo/LOADING]: Found valid mod file whisperwoods-1.19-2.1.1-forge.jar with {whisperwoods} mods - versions {1.19-2.1.1}
[28Dec2025 23:05:20.418] [main/DEBUG] [net.minecraftforge.fml.loading.moddiscovery.ModFile/LOADING]: Loading mod file /home/bryan/Minecraft-Medieval-RPG/mods/whisperwoods-1.19-2.1.1-forge.jar with languages [LanguageSpec[languageName=javafml, acceptedVersions=[41,)]]
[28Dec2025 23:05:20.418] [main/DEBUG] [net.minecraftforge.fml.loading.moddiscovery.ModFileParser/LOADING]: Considering mod file candidate /home/bryan/Minecraft-Medieval-RPG/mods/ecologics-forge-1.19.2-2.1.11.jar
[28Dec2025 23:05:20.419] [main/DEBUG] [net.minecraftforge.fml.loading.moddiscovery.ModFileInfo/LOADING]: Found valid mod file ecologics-forge-1.19.2-2.1.11.jar with {ecologics} mods - versions {2.1.11}
[28Dec2025 23:05:20.419] [main/DEBUG] [net.minecraftforge.fml.loading.moddiscovery.ModFile/LOADING]: Loading mod file /home/bryan/Minecraft-Medieval-RPG/mods/ecologics-forge-1.19.2-2.1.11.jar with languages [LanguageSpec[languageName=javafml, acceptedVersions=[42,)]]
[28Dec2025 23:05:20.419] [main/DEBUG] [net.minecraftforge.fml.loading.moddiscovery.ModFileParser/LOADING]: Considering mod file candidate /home/bryan/Minecraft-Medieval-RPG/mods/Xaeros_Minimap_25.2.6_Forge_1.19.1.jar
[28Dec2025 23:05:20.419] [main/DEBUG] [net.minecraftforge.fml.loading.moddiscovery.ModFileInfo/LOADING]: Found valid mod file Xaeros_Minimap_25.2.6_Forge_1.19.1.jar with {xaerominimap} mods - versions {25.2.6}
[28Dec2025 23:05:20.419] [main/DEBUG] [net.minecraftforge.fml.loading.moddiscovery.ModFile/LOADING]: Loading mod file /home/bryan/Minecraft-Medieval-RPG/mods/Xaeros_Minimap_25.2.6_Forge_1.19.1.jar with languages [LanguageSpec[languageName=javafml, acceptedVersions=[42,)]]
[28Dec2025 23:05:20.419] [main/DEBUG] [net.minecraftforge.fml.loading.moddiscovery.ModFileParser/LOADING]: Found coremod xaerohud_core with Javascript path META-INF/xaerohud_core.js
[28Dec2025 23:05:20.419] [main/DEBUG] [net.minecraftforge.fml.loading.moddiscovery.ModFile/LOADING]: Found coremod META-INF/xaerohud_core.js
[28Dec2025 23:05:20.419] [main/DEBUG] [net.minecraftforge.fml.loading.moddiscovery.ModFileParser/LOADING]: Considering mod file candidate /home/bryan/Minecraft-Medieval-RPG/mods/shadowizardlib-1.19.2-1.0.8.jar
[28Dec2025 23:05:20.419] [main/DEBUG] [net.minecraftforge.fml.loading.moddiscovery.ModFileInfo/LOADING]: Found valid mod file shadowizardlib-1.19.2-1.0.8.jar with {shadowizardlib} mods - versions {1.19.2-1.0.8}
[28Dec2025 23:05:20.419] [main/DEBUG] [net.minecraftforge.fml.loading.moddiscovery.ModFile/LOADING]: Loading mod file /home/bryan/Minecraft-Medieval-RPG/mods/shadowizardlib-1.19.2-1.0.8.jar with languages [LanguageSpec[languageName=javafml, acceptedVersions=[43,)]]
[28Dec2025 23:05:20.419] [main/DEBUG] [net.minecraftforge.fml.loading.moddiscovery.ModFileParser/LOADING]: Considering mod file candidate /home/bryan/Minecraft-Medieval-RPG/mods/bocchium-1.19.2-0.0.3.jar
[28Dec2025 23:05:20.419] [main/DEBUG] [net.minecraftforge.fml.loading.moddiscovery.ModFileInfo/LOADING]: Found valid mod file bocchium-1.19.2-0.0.3.jar with {bocchium} mods - versions {1.19.2-0.0.3}
[28Dec2025 23:05:20.419] [main/DEBUG] [net.minecraftforge.fml.loading.moddiscovery.ModFile/LOADING]: Loading mod file /home/bryan/Minecraft-Medieval-RPG/mods/bocchium-1.19.2-0.0.3.jar with languages [LanguageSpec[languageName=javafml, acceptedVersions=[36,)]]
[28Dec2025 23:05:20.419] [main/DEBUG] [net.minecraftforge.fml.loading.moddiscovery.ModFileParser/LOADING]: Considering mod file candidate /home/bryan/Minecraft-Medieval-RPG/mods/AutoRegLib-1.8.2-55.jar
[28Dec2025 23:05:20.419] [main/DEBUG] [net.minecraftforge.fml.loading.moddiscovery.ModFileInfo/LOADING]: Found valid mod file AutoRegLib-1.8.2-55.jar with {autoreglib} mods - versions {1.8.2-55}
[28Dec2025 23:05:20.420] [main/DEBUG] [net.minecraftforge.fml.loading.moddiscovery.ModFile/LOADING]: Loading mod file /home/bryan/Minecraft-Medieval-RPG/mods/AutoRegLib-1.8.2-55.jar with languages [LanguageSpec[languageName=javafml, acceptedVersions=[38,)]]
[28Dec2025 23:05:20.420] [main/DEBUG] [net.minecraftforge.fml.loading.moddiscovery.ModFileParser/LOADING]: Considering mod file candidate /home/bryan/Minecraft-Medieval-RPG/mods/polymorph-forge-0.46.6+1.19.2.jar
[28Dec2025 23:05:20.420] [main/DEBUG] [net.minecraftforge.fml.loading.moddiscovery.ModFileInfo/LOADING]: Found valid mod file polymorph-forge-0.46.6+1.19.2.jar with {polymorph} mods - versions {0.46.6+1.19.2}
[28Dec2025 23:05:20.420] [main/DEBUG] [net.minecraftforge.fml.loading.moddiscovery.ModFile/LOADING]: Loading mod file /home/bryan/Minecraft-Medieval-RPG/mods/polymorph-forge-0.46.6+1.19.2.jar with languages [LanguageSpec[languageName=javafml, acceptedVersions=[41,)]]
[28Dec2025 23:05:20.420] [main/DEBUG] [net.minecraftforge.fml.loading.moddiscovery.ModFileParser/LOADING]: Considering mod file candidate /home/bryan/Minecraft-Medieval-RPG/mods/entityculling-forge-1.6.1-mc1.19.2.jar
[28Dec2025 23:05:20.420] [main/DEBUG] [net.minecraftforge.fml.loading.moddiscovery.ModFileInfo/LOADING]: Found valid mod file entityculling-forge-1.6.1-mc1.19.2.jar with {entityculling} mods - versions {1.6.1}
[28Dec2025 23:05:20.420] [main/DEBUG] [net.minecraftforge.fml.loading.moddiscovery.ModFile/LOADING]: Loading mod file /home/bryan/Minecraft-Medieval-RPG/mods/entityculling-forge-1.6.1-mc1.19.2.jar with languages [LanguageSpec[languageName=javafml, acceptedVersions=[35,)]]
[28Dec2025 23:05:20.420] [main/DEBUG] [net.minecraftforge.fml.loading.moddiscovery.ModFileParser/LOADING]: Considering mod file candidate /home/bryan/Minecraft-Medieval-RPG/mods/canary-mc1.19.2-0.3.3.jar
[28Dec2025 23:05:20.420] [main/DEBUG] [net.minecraftforge.fml.loading.moddiscovery.ModFileInfo/LOADING]: Found valid mod file canary-mc1.19.2-0.3.3.jar with {canary} mods - versions {0.3.3}
[28Dec2025 23:05:20.420] [main/DEBUG] [net.minecraftforge.fml.loading.moddiscovery.ModFile/LOADING]: Loading mod file /home/bryan/Minecraft-Medieval-RPG/mods/canary-mc1.19.2-0.3.3.jar with languages [LanguageSpec[languageName=javafml, acceptedVersions=[43,)]]
[28Dec2025 23:05:20.420] [main/DEBUG] [net.minecraftforge.fml.loading.moddiscovery.ModFileParser/LOADING]: Considering mod file candidate /home/bryan/Minecraft-Medieval-RPG/mods/strictly_origins_v9.2.1_1.19.2.jar
[28Dec2025 23:05:20.420] [main/DEBUG] [net.minecraftforge.fml.loading.moddiscovery.ModFileInfo/LOADING]: Found valid mod file strictly_origins_v9.2.1_1.19.2.jar with {strictly_origins} mods - versions {8}
[28Dec2025 23:05:20.420] [main/DEBUG] [net.minecraftforge.fml.loading.moddiscovery.ModFile/LOADING]: Loading mod file /home/bryan/Minecraft-Medieval-RPG/mods/strictly_origins_v9.2.1_1.19.2.jar with languages [LanguageSpec[languageName=javafml, acceptedVersions=[43,)]]
[28Dec2025 23:05:20.420] [main/DEBUG] [net.minecraftforge.fml.loading.moddiscovery.ModFileParser/LOADING]: Considering mod file candidate /home/bryan/Minecraft-Medieval-RPG/mods/Mythic-Origins-1.19.x-1.0.0.jar
[28Dec2025 23:05:20.421] [main/DEBUG] [net.minecraftforge.fml.loading.moddiscovery.ModFileInfo/LOADING]: Found valid mod file Mythic-Origins-1.19.x-1.0.0.jar with {mythic} mods - versions {1.0.0}
[28Dec2025 23:05:20.421] [main/DEBUG] [net.minecraftforge.fml.loading.moddiscovery.ModFile/LOADING]: Loading mod file /home/bryan/Minecraft-Medieval-RPG/mods/Mythic-Origins-1.19.x-1.0.0.jar with languages [LanguageSpec[languageName=javafml, acceptedVersions=[20,)]]
[28Dec2025 23:05:20.421] [main/DEBUG] [net.minecraftforge.fml.loading.moddiscovery.ModFileParser/LOADING]: Considering mod file candidate /home/bryan/Minecraft-Medieval-RPG/mods/structurize-1.19.2-1.0.689-RELEASE.jar
[28Dec2025 23:05:20.421] [main/DEBUG] [net.minecraftforge.fml.loading.moddiscovery.ModFileInfo/LOADING]: Found valid mod file structurize-1.19.2-1.0.689-RELEASE.jar with {structurize} mods - versions {1.19.2-1.0.689-RELEASE}
[28Dec2025 23:05:20.421] [main/DEBUG] [net.minecraftforge.fml.loading.moddiscovery.ModFile/LOADING]: Loading mod file /home/bryan/Minecraft-Medieval-RPG/mods/structurize-1.19.2-1.0.689-RELEASE.jar with languages [LanguageSpec[languageName=javafml, acceptedVersions=[41,)]]
[28Dec2025 23:05:20.421] [main/DEBUG] [net.minecraftforge.fml.loading.moddiscovery.ModFileParser/LOADING]: Considering mod file candidate /home/bryan/Minecraft-Medieval-RPG/mods/ImmediatelyFast-Forge-1.3.4+1.19.2.jar
[28Dec2025 23:05:20.421] [main/DEBUG] [net.minecraftforge.fml.loading.moddiscovery.ModFileInfo/LOADING]: Found valid mod file ImmediatelyFast-Forge-1.3.4+1.19.2.jar with {immediatelyfast} mods - versions {1.3.4+1.19.2}
[28Dec2025 23:05:20.421] [main/DEBUG] [net.minecraftforge.fml.loading.moddiscovery.ModFile/LOADING]: Loading mod file /home/bryan/Minecraft-Medieval-RPG/mods/ImmediatelyFast-Forge-1.3.4+1.19.2.jar with languages [LanguageSpec[languageName=javafml, acceptedVersions=[43,)]]
[28Dec2025 23:05:20.421] [main/DEBUG] [net.minecraftforge.fml.loading.moddiscovery.ModFileParser/LOADING]: Considering mod file candidate /home/bryan/Minecraft-Medieval-RPG/mods/tlc_forge-1.0.2-R-1.19.2.jar
[28Dec2025 23:05:20.421] [main/DEBUG] [net.minecraftforge.fml.loading.moddiscovery.ModFileInfo/LOADING]: Found valid mod file tlc_forge-1.0.2-R-1.19.2.jar with {tlc} mods - versions {1.0.2}
[28Dec2025 23:05:20.421] [main/DEBUG] [net.minecraftforge.fml.loading.moddiscovery.ModFile/LOADING]: Loading mod file /home/bryan/Minecraft-Medieval-RPG/mods/tlc_forge-1.0.2-R-1.19.2.jar with languages [LanguageSpec[languageName=javafml, acceptedVersions=[41,)]]
[28Dec2025 23:05:20.421] [main/DEBUG] [net.minecraftforge.fml.loading.moddiscovery.ModFileParser/LOADING]: Considering mod file candidate /home/bryan/Minecraft-Medieval-RPG/mods/appleskin-forge-mc1.19-2.4.2.jar
[28Dec2025 23:05:20.421] [main/DEBUG] [net.minecraftforge.fml.loading.moddiscovery.ModFileInfo/LOADING]: Found valid mod file appleskin-forge-mc1.19-2.4.2.jar with {appleskin} mods - versions {2.4.2+mc1.19}
[28Dec2025 23:05:20.421] [main/DEBUG] [net.minecraftforge.fml.loading.moddiscovery.ModFile/LOADING]: Loading mod file /home/bryan/Minecraft-Medieval-RPG/mods/appleskin-forge-mc1.19-2.4.2.jar with languages [LanguageSpec[languageName=javafml, acceptedVersions=[41,)]]
[28Dec2025 23:05:20.421] [main/DEBUG] [net.minecraftforge.fml.loading.moddiscovery.ModFileParser/LOADING]: Considering mod file candidate /home/bryan/Minecraft-Medieval-RPG/mods/lootr-forge-1.19-0.4.29.76.jar
[28Dec2025 23:05:20.421] [main/DEBUG] [net.minecraftforge.fml.loading.moddiscovery.ModFileInfo/LOADING]: Found valid mod file lootr-forge-1.19-0.4.29.76.jar with {lootr} mods - versions {0.4.28.75}
[28Dec2025 23:05:20.421] [main/DEBUG] [net.minecraftforge.fml.loading.moddiscovery.ModFile/LOADING]: Loading mod file /home/bryan/Minecraft-Medieval-RPG/mods/lootr-forge-1.19-0.4.29.76.jar with languages [LanguageSpec[languageName=javafml, acceptedVersions=[41,)]]
[28Dec2025 23:05:20.421] [main/DEBUG] [net.minecraftforge.fml.loading.moddiscovery.ModFileParser/LOADING]: Considering mod file candidate /home/bryan/Minecraft-Medieval-RPG/mods/biomemusic-1.19.2-2.2.jar
[28Dec2025 23:05:20.422] [main/DEBUG] [net.minecraftforge.fml.loading.moddiscovery.ModFileInfo/LOADING]: Found valid mod file biomemusic-1.19.2-2.2.jar with {biomemusic} mods - versions {1.19.2-2.2}
[28Dec2025 23:05:20.422] [main/DEBUG] [net.minecraftforge.fml.loading.moddiscovery.ModFile/LOADING]: Loading mod file /home/bryan/Minecraft-Medieval-RPG/mods/biomemusic-1.19.2-2.2.jar with languages [LanguageSpec[languageName=javafml, acceptedVersions=[36,)]]
[28Dec2025 23:05:20.422] [main/DEBUG] [net.minecraftforge.fml.loading.moddiscovery.ModFileParser/LOADING]: Considering mod file candidate /home/bryan/Minecraft-Medieval-RPG/mods/upgradednetherite_ultimate-1.19.2-4.1.0.4-release.jar
[28Dec2025 23:05:20.423] [main/DEBUG] [net.minecraftforge.fml.loading.moddiscovery.ModFileInfo/LOADING]: Found valid mod file upgradednetherite_ultimate-1.19.2-4.1.0.4-release.jar with {upgradednetherite_ultimate} mods - versions {1.19.2-4.1.0.4-release}
[28Dec2025 23:05:20.423] [main/DEBUG] [net.minecraftforge.fml.loading.moddiscovery.ModFile/LOADING]: Loading mod file /home/bryan/Minecraft-Medieval-RPG/mods/upgradednetherite_ultimate-1.19.2-4.1.0.4-release.jar with languages [LanguageSpec[languageName=javafml, acceptedVersions=[43,)]]
[28Dec2025 23:05:20.423] [main/DEBUG] [net.minecraftforge.fml.loading.moddiscovery.ModFileParser/LOADING]: Considering mod file candidate /home/bryan/Minecraft-Medieval-RPG/mods/PuzzlesLib-v4.4.3-1.19.2-Forge.jar
[28Dec2025 23:05:20.423] [main/DEBUG] [net.minecraftforge.fml.loading.moddiscovery.ModFileInfo/LOADING]: Found valid mod file PuzzlesLib-v4.4.3-1.19.2-Forge.jar with {puzzleslib} mods - versions {4.4.3}
[28Dec2025 23:05:20.423] [main/DEBUG] [net.minecraftforge.fml.loading.moddiscovery.ModFile/LOADING]: Loading mod file /home/bryan/Minecraft-Medieval-RPG/mods/PuzzlesLib-v4.4.3-1.19.2-Forge.jar with languages [LanguageSpec[languageName=javafml, acceptedVersions=[43,)]]
[28Dec2025 23:05:20.423] [main/DEBUG] [net.minecraftforge.fml.loading.moddiscovery.ModFileParser/LOADING]: Considering mod file candidate /home/bryan/Minecraft-Medieval-RPG/mods/Aquaculture-1.19.2-2.4.17.jar
[28Dec2025 23:05:20.423] [main/DEBUG] [net.minecraftforge.fml.loading.moddiscovery.ModFileInfo/LOADING]: Found valid mod file Aquaculture-1.19.2-2.4.17.jar with {aquaculture} mods - versions {1.19.2-2.4.17}
[28Dec2025 23:05:20.423] [main/DEBUG] [net.minecraftforge.fml.loading.moddiscovery.ModFile/LOADING]: Loading mod file /home/bryan/Minecraft-Medieval-RPG/mods/Aquaculture-1.19.2-2.4.17.jar with languages [LanguageSpec[languageName=javafml, acceptedVersions=[41,)]]
[28Dec2025 23:05:20.423] [main/DEBUG] [net.minecraftforge.fml.loading.moddiscovery.ModFileParser/LOADING]: Considering mod file candidate /home/bryan/Minecraft-Medieval-RPG/mods/Oh_The_Biomes_You'll_Go-forge-1.19.2-2.0.1.6.jar
[28Dec2025 23:05:20.423] [main/DEBUG] [net.minecraftforge.fml.loading.moddiscovery.ModFileInfo/LOADING]: Found valid mod file Oh_The_Biomes_You'll_Go-forge-1.19.2-2.0.1.6.jar with {byg} mods - versions {2.0.1.6}
[28Dec2025 23:05:20.423] [main/DEBUG] [net.minecraftforge.fml.loading.moddiscovery.ModFile/LOADING]: Loading mod file /home/bryan/Minecraft-Medieval-RPG/mods/Oh_The_Biomes_You'll_Go-forge-1.19.2-2.0.1.6.jar with languages [LanguageSpec[languageName=javafml, acceptedVersions=[40,)]]
[28Dec2025 23:05:20.423] [main/DEBUG] [net.minecraftforge.fml.loading.moddiscovery.ModFileParser/LOADING]: Considering mod file candidate /home/bryan/Minecraft-Medieval-RPG/mods/Delightful-1.19.2-3.4.1.jar
[28Dec2025 23:05:20.424] [main/DEBUG] [net.minecraftforge.fml.loading.moddiscovery.ModFileInfo/LOADING]: Found valid mod file Delightful-1.19.2-3.4.1.jar with {delightful} mods - versions {3.4.1}
[28Dec2025 23:05:20.424] [main/DEBUG] [net.minecraftforge.fml.loading.moddiscovery.ModFile/LOADING]: Loading mod file /home/bryan/Minecraft-Medieval-RPG/mods/Delightful-1.19.2-3.4.1.jar with languages [LanguageSpec[languageName=javafml, acceptedVersions=[43,)]]
[28Dec2025 23:05:20.424] [main/DEBUG] [net.minecraftforge.fml.loading.moddiscovery.ModFileParser/LOADING]: Considering mod file candidate /home/bryan/Minecraft-Medieval-RPG/mods/chunksending-1.19.2-2.8.jar
[28Dec2025 23:05:20.424] [main/DEBUG] [net.minecraftforge.fml.loading.moddiscovery.ModFileInfo/LOADING]: Found valid mod file chunksending-1.19.2-2.8.jar with {chunksending} mods - versions {1.19.2-2.8}
[28Dec2025 23:05:20.424] [main/DEBUG] [net.minecraftforge.fml.loading.moddiscovery.ModFile/LOADING]: Loading mod file /home/bryan/Minecraft-Medieval-RPG/mods/chunksending-1.19.2-2.8.jar with languages [LanguageSpec[languageName=javafml, acceptedVersions=[36,)]]
[28Dec2025 23:05:20.424] [main/DEBUG] [net.minecraftforge.fml.loading.moddiscovery.ModFileParser/LOADING]: Considering mod file candidate /home/bryan/Minecraft-Medieval-RPG/mods/End's Phantasm - BETAv1.2.10.5 - 1.19.2.jar
[28Dec2025 23:05:20.424] [main/DEBUG] [net.minecraftforge.fml.loading.moddiscovery.ModFileInfo/LOADING]: Found valid mod file End's Phantasm - BETAv1.2.10.5 - 1.19.2.jar with {phantasm} mods - versions {1.2.10.5}
[28Dec2025 23:05:20.424] [main/DEBUG] [net.minecraftforge.fml.loading.moddiscovery.ModFile/LOADING]: Loading mod file /home/bryan/Minecraft-Medieval-RPG/mods/End's Phantasm - BETAv1.2.10.5 - 1.19.2.jar with languages [LanguageSpec[languageName=javafml, acceptedVersions=[43,)]]
[28Dec2025 23:05:20.424] [main/DEBUG] [net.minecraftforge.fml.loading.moddiscovery.ModFileParser/LOADING]: Considering mod file candidate /home/bryan/Minecraft-Medieval-RPG/mods/aquamirae-6.API15.jar
[28Dec2025 23:05:20.424] [main/DEBUG] [net.minecraftforge.fml.loading.moddiscovery.ModFileInfo/LOADING]: Found valid mod file aquamirae-6.API15.jar with {aquamirae} mods - versions {6.API15}
[28Dec2025 23:05:20.424] [main/DEBUG] [net.minecraftforge.fml.loading.moddiscovery.ModFile/LOADING]: Loading mod file /home/bryan/Minecraft-Medieval-RPG/mods/aquamirae-6.API15.jar with languages [LanguageSpec[languageName=javafml, acceptedVersions=[43,)]]
[28Dec2025 23:05:20.424] [main/DEBUG] [net.minecraftforge.fml.loading.moddiscovery.ModFileParser/LOADING]: Considering mod file candidate /home/bryan/Minecraft-Medieval-RPG/mods/defaultoptions-forge-1.19-15.0.2.jar
[28Dec2025 23:05:20.424] [main/DEBUG] [net.minecraftforge.fml.loading.moddiscovery.ModFileInfo/LOADING]: Found valid mod file defaultoptions-forge-1.19-15.0.2.jar with {defaultoptions} mods - versions {15.0.2}
[28Dec2025 23:05:20.424] [main/DEBUG] [net.minecraftforge.fml.loading.moddiscovery.ModFile/LOADING]: Loading mod file /home/bryan/Minecraft-Medieval-RPG/mods/defaultoptions-forge-1.19-15.0.2.jar with languages [LanguageSpec[languageName=javafml, acceptedVersions=[41,)]]
[28Dec2025 23:05:20.424] [main/DEBUG] [net.minecraftforge.fml.loading.moddiscovery.ModFileParser/LOADING]: Considering mod file candidate /home/bryan/Minecraft-Medieval-RPG/mods/xptome-1.19-2.1.7.jar
[28Dec2025 23:05:20.424] [main/DEBUG] [net.minecraftforge.fml.loading.moddiscovery.ModFileInfo/LOADING]: Found valid mod file xptome-1.19-2.1.7.jar with {xpbook} mods - versions {2.1.7}
[28Dec2025 23:05:20.424] [main/DEBUG] [net.minecraftforge.fml.loading.moddiscovery.ModFile/LOADING]: Loading mod file /home/bryan/Minecraft-Medieval-RPG/mods/xptome-1.19-2.1.7.jar with languages [LanguageSpec[languageName=javafml, acceptedVersions=[41,)]]
[28Dec2025 23:05:20.424] [main/DEBUG] [net.minecraftforge.fml.loading.moddiscovery.ModFileParser/LOADING]: Considering mod file candidate /home/bryan/Minecraft-Medieval-RPG/mods/totw_modded-forge-1.19.2-1.0.5.jar
[28Dec2025 23:05:20.425] [main/DEBUG] [net.minecraftforge.fml.loading.moddiscovery.ModFileInfo/LOADING]: Found valid mod file totw_modded-forge-1.19.2-1.0.5.jar with {totw_modded} mods - versions {1.19.2-1.0.5}
[28Dec2025 23:05:20.425] [main/DEBUG] [net.minecraftforge.fml.loading.moddiscovery.ModFile/LOADING]: Loading mod file /home/bryan/Minecraft-Medieval-RPG/mods/totw_modded-forge-1.19.2-1.0.5.jar with languages [LanguageSpec[languageName=javafml, acceptedVersions=[43,)]]
[28Dec2025 23:05:20.425] [main/DEBUG] [net.minecraftforge.fml.loading.moddiscovery.ModFileParser/LOADING]: Considering mod file candidate /home/bryan/Minecraft-Medieval-RPG/mods/SkyVillages-1.0.3-1.19.2-1.20.x-forge-release.jar
[28Dec2025 23:05:20.425] [main/DEBUG] [net.minecraftforge.fml.loading.moddiscovery.ModFileInfo/LOADING]: Found valid mod file SkyVillages-1.0.3-1.19.2-1.20.x-forge-release.jar with {skyvillages} mods - versions {1.0.3}
[28Dec2025 23:05:20.425] [main/DEBUG] [net.minecraftforge.fml.loading.moddiscovery.ModFile/LOADING]: Loading mod file /home/bryan/Minecraft-Medieval-RPG/mods/SkyVillages-1.0.3-1.19.2-1.20.x-forge-release.jar with languages [LanguageSpec[languageName=javafml, acceptedVersions=[43,)]]
[28Dec2025 23:05:20.425] [main/DEBUG] [net.minecraftforge.fml.loading.moddiscovery.ModFileParser/LOADING]: Considering mod file candidate /home/bryan/Minecraft-Medieval-RPG/mods/blue_skies-1.19.2-1.3.20.jar
[28Dec2025 23:05:20.425] [main/DEBUG] [net.minecraftforge.fml.loading.moddiscovery.ModFileInfo/LOADING]: Found valid mod file blue_skies-1.19.2-1.3.20.jar with {blue_skies} mods - versions {1.3.20}
[28Dec2025 23:05:20.425] [main/DEBUG] [net.minecraftforge.fml.loading.moddiscovery.ModFile/LOADING]: Loading mod file /home/bryan/Minecraft-Medieval-RPG/mods/blue_skies-1.19.2-1.3.20.jar with languages [LanguageSpec[languageName=javafml, acceptedVersions=[43,)]]
[28Dec2025 23:05:20.425] [main/DEBUG] [net.minecraftforge.fml.loading.moddiscovery.ModFileParser/LOADING]: Considering mod file candidate /home/bryan/Minecraft-Medieval-RPG/mods/transmog-forge-1.2.2+1.19.2.jar
[28Dec2025 23:05:20.425] [main/DEBUG] [net.minecraftforge.fml.loading.moddiscovery.ModFileInfo/LOADING]: Found valid mod file transmog-forge-1.2.2+1.19.2.jar with {transmog} mods - versions {1.2.2+1.19.2}
[28Dec2025 23:05:20.426] [main/DEBUG] [net.minecraftforge.fml.loading.moddiscovery.ModFile/LOADING]: Loading mod file /home/bryan/Minecraft-Medieval-RPG/mods/transmog-forge-1.2.2+1.19.2.jar with languages [LanguageSpec[languageName=javafml, acceptedVersions=[43,)]]
[28Dec2025 23:05:20.426] [main/DEBUG] [net.minecraftforge.fml.loading.moddiscovery.ModFileParser/LOADING]: Considering mod file candidate /home/bryan/Minecraft-Medieval-RPG/mods/ars_additions-1.19.2-1.4.0.jar
[28Dec2025 23:05:20.426] [main/DEBUG] [net.minecraftforge.fml.loading.moddiscovery.ModFileInfo/LOADING]: Found valid mod file ars_additions-1.19.2-1.4.0.jar with {ars_additions} mods - versions {1.19.2-1.4.0}
[28Dec2025 23:05:20.426] [main/DEBUG] [net.minecraftforge.fml.loading.moddiscovery.ModFile/LOADING]: Loading mod file /home/bryan/Minecraft-Medieval-RPG/mods/ars_additions-1.19.2-1.4.0.jar with languages [LanguageSpec[languageName=javafml, acceptedVersions=[43,)]]
[28Dec2025 23:05:20.426] [main/DEBUG] [net.minecraftforge.fml.loading.moddiscovery.ModFileParser/LOADING]: Considering mod file candidate /home/bryan/Minecraft-Medieval-RPG/mods/recipeessentials-1.19.2-3.5.jar
[28Dec2025 23:05:20.426] [main/DEBUG] [net.minecraftforge.fml.loading.moddiscovery.ModFileInfo/LOADING]: Found valid mod file recipeessentials-1.19.2-3.5.jar with {recipeessentials} mods - versions {1.19.2-3.5}
[28Dec2025 23:05:20.426] [main/DEBUG] [net.minecraftforge.fml.loading.moddiscovery.ModFile/LOADING]: Loading mod file /home/bryan/Minecraft-Medieval-RPG/mods/recipeessentials-1.19.2-3.5.jar with languages [LanguageSpec[languageName=javafml, acceptedVersions=[36,)]]
[28Dec2025 23:05:20.426] [main/DEBUG] [net.minecraftforge.fml.loading.moddiscovery.ModFileParser/LOADING]: Considering mod file candidate /home/bryan/Minecraft-Medieval-RPG/mods/aether-1.19.2-1.4.2-forge.jar
[28Dec2025 23:05:20.426] [main/DEBUG] [net.minecraftforge.fml.loading.moddiscovery.ModFileInfo/LOADING]: Found valid mod file aether-1.19.2-1.4.2-forge.jar with {aether} mods - versions {1.19.2-1.4.2-forge}
[28Dec2025 23:05:20.426] [main/DEBUG] [net.minecraftforge.fml.loading.moddiscovery.ModFile/LOADING]: Loading mod file /home/bryan/Minecraft-Medieval-RPG/mods/aether-1.19.2-1.4.2-forge.jar with languages [LanguageSpec[languageName=javafml, acceptedVersions=[43,)]]
[28Dec2025 23:05:20.426] [main/DEBUG] [net.minecraftforge.fml.loading.moddiscovery.ModFileParser/LOADING]: Considering mod file candidate /home/bryan/Minecraft-Medieval-RPG/mods/Galosphere-1.19.2-1.3.0-Forge.jar
[28Dec2025 23:05:20.426] [main/DEBUG] [net.minecraftforge.fml.loading.moddiscovery.ModFileInfo/LOADING]: Found valid mod file Galosphere-1.19.2-1.3.0-Forge.jar with {galosphere} mods - versions {1.19.2-1.3.0}
[28Dec2025 23:05:20.426] [main/DEBUG] [net.minecraftforge.fml.loading.moddiscovery.ModFile/LOADING]: Loading mod file /home/bryan/Minecraft-Medieval-RPG/mods/Galosphere-1.19.2-1.3.0-Forge.jar with languages [LanguageSpec[languageName=javafml, acceptedVersions=[39,)]]
[28Dec2025 23:05:20.426] [main/DEBUG] [net.minecraftforge.fml.loading.moddiscovery.ModFileParser/LOADING]: Considering mod file candidate /home/bryan/Minecraft-Medieval-RPG/mods/towntalk-1.19.2-1.0.1.jar
[28Dec2025 23:05:20.427] [main/DEBUG] [net.minecraftforge.fml.loading.moddiscovery.ModFileInfo/LOADING]: Found valid mod file towntalk-1.19.2-1.0.1.jar with {towntalk} mods - versions {1.0.1}
[28Dec2025 23:05:20.428] [main/DEBUG] [net.minecraftforge.fml.loading.moddiscovery.ModFile/LOADING]: Loading mod file /home/bryan/Minecraft-Medieval-RPG/mods/towntalk-1.19.2-1.0.1.jar with languages [LanguageSpec[languageName=javafml, acceptedVersions=[40,)]]
[28Dec2025 23:05:20.428] [main/DEBUG] [net.minecraftforge.fml.loading.moddiscovery.ModFileParser/LOADING]: Considering mod file candidate /home/bryan/Minecraft-Medieval-RPG/mods/YungsBetterOceanMonuments-1.19.2-Forge-2.1.1.jar
[28Dec2025 23:05:20.428] [main/DEBUG] [net.minecraftforge.fml.loading.moddiscovery.ModFileInfo/LOADING]: Found valid mod file YungsBetterOceanMonuments-1.19.2-Forge-2.1.1.jar with {betteroceanmonuments} mods - versions {1.19.2-Forge-2.1.1}
[28Dec2025 23:05:20.428] [main/DEBUG] [net.minecraftforge.fml.loading.moddiscovery.ModFile/LOADING]: Loading mod file /home/bryan/Minecraft-Medieval-RPG/mods/YungsBetterOceanMonuments-1.19.2-Forge-2.1.1.jar with languages [LanguageSpec[languageName=javafml, acceptedVersions=[43,)]]
[28Dec2025 23:05:20.428] [main/DEBUG] [net.minecraftforge.fml.loading.moddiscovery.ModFileParser/LOADING]: Considering mod file candidate /home/bryan/Minecraft-Medieval-RPG/mods/connectivity-1.19.2-4.6.jar
[28Dec2025 23:05:20.428] [main/DEBUG] [net.minecraftforge.fml.loading.moddiscovery.ModFileInfo/LOADING]: Found valid mod file connectivity-1.19.2-4.6.jar with {connectivity} mods - versions {1.19.2-4.6}
[28Dec2025 23:05:20.428] [main/DEBUG] [net.minecraftforge.fml.loading.moddiscovery.ModFile/LOADING]: Loading mod file /home/bryan/Minecraft-Medieval-RPG/mods/connectivity-1.19.2-4.6.jar with languages [LanguageSpec[languageName=javafml, acceptedVersions=[28,)]]
[28Dec2025 23:05:20.428] [main/DEBUG] [net.minecraftforge.fml.loading.moddiscovery.ModFileParser/LOADING]: Considering mod file candidate /home/bryan/Minecraft-Medieval-RPG/mods/immersive_aircraft-0.7.11+1.19.2-forge.jar
[28Dec2025 23:05:20.428] [main/DEBUG] [net.minecraftforge.fml.loading.moddiscovery.ModFileInfo/LOADING]: Found valid mod file immersive_aircraft-0.7.11+1.19.2-forge.jar with {immersive_aircraft} mods - versions {0.7.11+1.19.2}
[28Dec2025 23:05:20.428] [main/DEBUG] [net.minecraftforge.fml.loading.moddiscovery.ModFile/LOADING]: Loading mod file /home/bryan/Minecraft-Medieval-RPG/mods/immersive_aircraft-0.7.11+1.19.2-forge.jar with languages [LanguageSpec[languageName=javafml, acceptedVersions=[43,)]]
[28Dec2025 23:05:20.428] [main/DEBUG] [net.minecraftforge.fml.loading.moddiscovery.ModFileParser/LOADING]: Considering mod file candidate /home/bryan/Minecraft-Medieval-RPG/mods/Incendium_1.19.3_v5.1.6.jar
[28Dec2025 23:05:20.428] [main/DEBUG] [net.minecraftforge.fml.loading.moddiscovery.ModFileInfo/LOADING]: Found valid mod file Incendium_1.19.3_v5.1.6.jar with {incendium} mods - versions {5.1.6}
[28Dec2025 23:05:20.429] [main/DEBUG] [net.minecraftforge.fml.loading.moddiscovery.ModFile/LOADING]: Loading mod file /home/bryan/Minecraft-Medieval-RPG/mods/Incendium_1.19.3_v5.1.6.jar with languages [LanguageSpec[languageName=javafml, acceptedVersions=[40,)]]
[28Dec2025 23:05:20.429] [main/DEBUG] [net.minecraftforge.fml.loading.moddiscovery.ModFileParser/LOADING]: Considering mod file candidate /home/bryan/Minecraft-Medieval-RPG/mods/gpumemleakfix-1.19.2-1.6.jar
[28Dec2025 23:05:20.429] [main/DEBUG] [net.minecraftforge.fml.loading.moddiscovery.ModFileInfo/LOADING]: Found valid mod file gpumemleakfix-1.19.2-1.6.jar with {gpumemleakfix} mods - versions {1.19.2-1.6}
[28Dec2025 23:05:20.429] [main/DEBUG] [net.minecraftforge.fml.loading.moddiscovery.ModFile/LOADING]: Loading mod file /home/bryan/Minecraft-Medieval-RPG/mods/gpumemleakfix-1.19.2-1.6.jar with languages [LanguageSpec[languageName=javafml, acceptedVersions=[36,)]]
[28Dec2025 23:05:20.429] [main/DEBUG] [net.minecraftforge.fml.loading.moddiscovery.ModFileParser/LOADING]: Considering mod file candidate /home/bryan/Minecraft-Medieval-RPG/mods/sophisticatedcore-1.19.2-0.6.4.730.jar
[28Dec2025 23:05:20.429] [main/DEBUG] [net.minecraftforge.fml.loading.moddiscovery.ModFileInfo/LOADING]: Found valid mod file sophisticatedcore-1.19.2-0.6.4.730.jar with {sophisticatedcore} mods - versions {1.19.2-0.6.4.730}
[28Dec2025 23:05:20.429] [main/DEBUG] [net.minecraftforge.fml.loading.moddiscovery.ModFile/LOADING]: Loading mod file /home/bryan/Minecraft-Medieval-RPG/mods/sophisticatedcore-1.19.2-0.6.4.730.jar with languages [LanguageSpec[languageName=javafml, acceptedVersions=[18,)]]
[28Dec2025 23:05:20.429] [main/DEBUG] [net.minecraftforge.fml.loading.moddiscovery.ModFileParser/LOADING]: Considering mod file candidate /home/bryan/Minecraft-Medieval-RPG/mods/InsaneLib-1.7.5-mc1.19.2.jar
[28Dec2025 23:05:20.429] [main/DEBUG] [net.minecraftforge.fml.loading.moddiscovery.ModFileInfo/LOADING]: Found valid mod file InsaneLib-1.7.5-mc1.19.2.jar with {insanelib} mods - versions {1.7.5}
[28Dec2025 23:05:20.429] [main/DEBUG] [net.minecraftforge.fml.loading.moddiscovery.ModFile/LOADING]: Loading mod file /home/bryan/Minecraft-Medieval-RPG/mods/InsaneLib-1.7.5-mc1.19.2.jar with languages [LanguageSpec[languageName=javafml, acceptedVersions=[42,)]]
[28Dec2025 23:05:20.429] [main/DEBUG] [net.minecraftforge.fml.loading.moddiscovery.ModFileParser/LOADING]: Considering mod file candidate /home/bryan/Minecraft-Medieval-RPG/mods/structureessentials-1.19.2-3.2.jar
[28Dec2025 23:05:20.430] [main/DEBUG] [net.minecraftforge.fml.loading.moddiscovery.ModFileInfo/LOADING]: Found valid mod file structureessentials-1.19.2-3.2.jar with {structureessentials} mods - versions {1.19.2-3.2}
[28Dec2025 23:05:20.430] [main/DEBUG] [net.minecraftforge.fml.loading.moddiscovery.ModFile/LOADING]: Loading mod file /home/bryan/Minecraft-Medieval-RPG/mods/structureessentials-1.19.2-3.2.jar with languages [LanguageSpec[languageName=javafml, acceptedVersions=[36,)]]
[28Dec2025 23:05:20.430] [main/DEBUG] [net.minecraftforge.fml.loading.moddiscovery.ModFileParser/LOADING]: Considering mod file candidate /home/bryan/Minecraft-Medieval-RPG/mods/Controlling-forge-1.19.2-10.0+7.jar
[28Dec2025 23:05:20.430] [main/DEBUG] [net.minecraftforge.fml.loading.moddiscovery.ModFileInfo/LOADING]: Found valid mod file Controlling-forge-1.19.2-10.0+7.jar with {controlling} mods - versions {10.0+7}
[28Dec2025 23:05:20.430] [main/DEBUG] [net.minecraftforge.fml.loading.moddiscovery.ModFile/LOADING]: Loading mod file /home/bryan/Minecraft-Medieval-RPG/mods/Controlling-forge-1.19.2-10.0+7.jar with languages [LanguageSpec[languageName=javafml, acceptedVersions=[41,)]]
[28Dec2025 23:05:20.430] [main/DEBUG] [net.minecraftforge.fml.loading.moddiscovery.ModFileParser/LOADING]: Considering mod file candidate /home/bryan/Minecraft-Medieval-RPG/mods/XaerosWorldMap_1.39.9_Forge_1.19.1.jar
[28Dec2025 23:05:20.430] [main/DEBUG] [net.minecraftforge.fml.loading.moddiscovery.ModFileInfo/LOADING]: Found valid mod file XaerosWorldMap_1.39.9_Forge_1.19.1.jar with {xaeroworldmap} mods - versions {1.39.9}
[28Dec2025 23:05:20.430] [main/DEBUG] [net.minecraftforge.fml.loading.moddiscovery.ModFile/LOADING]: Loading mod file /home/bryan/Minecraft-Medieval-RPG/mods/XaerosWorldMap_1.39.9_Forge_1.19.1.jar with languages [LanguageSpec[languageName=javafml, acceptedVersions=[42,)]]
[28Dec2025 23:05:20.430] [main/DEBUG] [net.minecraftforge.fml.loading.moddiscovery.ModFileParser/LOADING]: Found coremod xaeroworldmap_core with Javascript path META-INF/xaeroworldmap_core.js
[28Dec2025 23:05:20.431] [main/DEBUG] [net.minecraftforge.fml.loading.moddiscovery.ModFile/LOADING]: Found coremod META-INF/xaeroworldmap_core.js
[28Dec2025 23:05:20.431] [main/DEBUG] [net.minecraftforge.fml.loading.moddiscovery.ModFileParser/LOADING]: Considering mod file candidate /home/bryan/Minecraft-Medieval-RPG/mods/citadel-2.1.4-1.19.jar
[28Dec2025 23:05:20.431] [main/DEBUG] [net.minecraftforge.fml.loading.moddiscovery.ModFileInfo/LOADING]: Found valid mod file citadel-2.1.4-1.19.jar with {citadel} mods - versions {2.1.4}
[28Dec2025 23:05:20.431] [main/DEBUG] [net.minecraftforge.fml.loading.moddiscovery.ModFile/LOADING]: Loading mod file /home/bryan/Minecraft-Medieval-RPG/mods/citadel-2.1.4-1.19.jar with languages [LanguageSpec[languageName=javafml, acceptedVersions=[41,)]]
[28Dec2025 23:05:20.431] [main/DEBUG] [net.minecraftforge.fml.loading.moddiscovery.ModFileParser/LOADING]: Considering mod file candidate /home/bryan/Minecraft-Medieval-RPG/mods/Placebo-1.19.2-7.4.1.jar
[28Dec2025 23:05:20.431] [main/DEBUG] [net.minecraftforge.fml.loading.moddiscovery.ModFileInfo/LOADING]: Found valid mod file Placebo-1.19.2-7.4.1.jar with {placebo} mods - versions {7.4.1}
[28Dec2025 23:05:20.431] [main/DEBUG] [net.minecraftforge.fml.loading.moddiscovery.ModFile/LOADING]: Loading mod file /home/bryan/Minecraft-Medieval-RPG/mods/Placebo-1.19.2-7.4.1.jar with languages [LanguageSpec[languageName=javafml, acceptedVersions=[32,)]]
[28Dec2025 23:05:20.431] [main/DEBUG] [net.minecraftforge.fml.loading.moddiscovery.ModFileParser/LOADING]: Found coremod placebo_get_ench_level_event with Javascript path coremods/get_ench_level_event.js
[28Dec2025 23:05:20.431] [main/DEBUG] [net.minecraftforge.fml.loading.moddiscovery.ModFileParser/LOADING]: Found coremod placebo_get_ench_level_event_specific with Javascript path coremods/get_ench_level_event_specific.js
[28Dec2025 23:05:20.431] [main/DEBUG] [net.minecraftforge.fml.loading.moddiscovery.ModFile/LOADING]: Found coremod coremods/get_ench_level_event.js
[28Dec2025 23:05:20.431] [main/DEBUG] [net.minecraftforge.fml.loading.moddiscovery.ModFile/LOADING]: Found coremod coremods/get_ench_level_event_specific.js
[28Dec2025 23:05:20.431] [main/DEBUG] [net.minecraftforge.fml.loading.moddiscovery.ModFileParser/LOADING]: Considering mod file candidate /home/bryan/Minecraft-Medieval-RPG/mods/Prism-1.19.1-1.0.2.jar
[28Dec2025 23:05:20.431] [main/DEBUG] [net.minecraftforge.fml.loading.moddiscovery.ModFileInfo/LOADING]: Found valid mod file Prism-1.19.1-1.0.2.jar with {prism} mods - versions {1.0.2}
[28Dec2025 23:05:20.432] [main/DEBUG] [net.minecraftforge.fml.loading.moddiscovery.ModFile/LOADING]: Loading mod file /home/bryan/Minecraft-Medieval-RPG/mods/Prism-1.19.1-1.0.2.jar with languages [LanguageSpec[languageName=javafml, acceptedVersions=[41,)]]
[28Dec2025 23:05:20.432] [main/DEBUG] [net.minecraftforge.fml.loading.moddiscovery.ModFileParser/LOADING]: Considering mod file candidate /home/bryan/Minecraft-Medieval-RPG/mods/lootintegrations-1.19.2-4.7.jar
[28Dec2025 23:05:20.432] [main/DEBUG] [net.minecraftforge.fml.loading.moddiscovery.ModFileInfo/LOADING]: Found valid mod file lootintegrations-1.19.2-4.7.jar with {lootintegrations} mods - versions {1.19.2-4.7}
[28Dec2025 23:05:20.432] [main/DEBUG] [net.minecraftforge.fml.loading.moddiscovery.ModFile/LOADING]: Loading mod file /home/bryan/Minecraft-Medieval-RPG/mods/lootintegrations-1.19.2-4.7.jar with languages [LanguageSpec[languageName=javafml, acceptedVersions=[36,)]]
[28Dec2025 23:05:20.432] [main/DEBUG] [net.minecraftforge.fml.loading.moddiscovery.ModFileParser/LOADING]: Considering mod file candidate /home/bryan/Minecraft-Medieval-RPG/mods/Item_Obliterator-FORGE-MC1.19.2-1.6.2.jar
[28Dec2025 23:05:20.432] [main/DEBUG] [net.minecraftforge.fml.loading.moddiscovery.ModFileInfo/LOADING]: Found valid mod file Item_Obliterator-FORGE-MC1.19.2-1.6.2.jar with {item_obliterator} mods - versions {1.6.2}
[28Dec2025 23:05:20.432] [main/DEBUG] [net.minecraftforge.fml.loading.moddiscovery.ModFile/LOADING]: Loading mod file /home/bryan/Minecraft-Medieval-RPG/mods/Item_Obliterator-FORGE-MC1.19.2-1.6.2.jar with languages [LanguageSpec[languageName=javafml, acceptedVersions=[43,)]]
[28Dec2025 23:05:20.432] [main/DEBUG] [net.minecraftforge.fml.loading.moddiscovery.ModFileParser/LOADING]: Considering mod file candidate /home/bryan/Minecraft-Medieval-RPG/mods/letsdo-bakery-forge-1.0.6.jar
[28Dec2025 23:05:20.432] [main/DEBUG] [net.minecraftforge.fml.loading.moddiscovery.ModFileInfo/LOADING]: Found valid mod file letsdo-bakery-forge-1.0.6.jar with {bakery} mods - versions {1.0.6}
[28Dec2025 23:05:20.432] [main/DEBUG] [net.minecraftforge.fml.loading.moddiscovery.ModFile/LOADING]: Loading mod file /home/bryan/Minecraft-Medieval-RPG/mods/letsdo-bakery-forge-1.0.6.jar with languages [LanguageSpec[languageName=javafml, acceptedVersions=[43,)]]
[28Dec2025 23:05:20.432] [main/DEBUG] [net.minecraftforge.fml.loading.moddiscovery.ModFileParser/LOADING]: Considering mod file candidate /home/bryan/Minecraft-Medieval-RPG/mods/Bookshelf-Forge-1.19.2-16.3.20.jar
[28Dec2025 23:05:20.432] [main/DEBUG] [net.minecraftforge.fml.loading.moddiscovery.ModFileInfo/LOADING]: Found valid mod file Bookshelf-Forge-1.19.2-16.3.20.jar with {bookshelf} mods - versions {16.3.20}
[28Dec2025 23:05:20.432] [main/DEBUG] [net.minecraftforge.fml.loading.moddiscovery.ModFile/LOADING]: Loading mod file /home/bryan/Minecraft-Medieval-RPG/mods/Bookshelf-Forge-1.19.2-16.3.20.jar with languages [LanguageSpec[languageName=javafml, acceptedVersions=[43,)]]
[28Dec2025 23:05:20.433] [main/DEBUG] [net.minecraftforge.fml.loading.moddiscovery.ModFileParser/LOADING]: Considering mod file candidate /home/bryan/Minecraft-Medieval-RPG/mods/sophisticatedbackpacks-1.19.2-3.20.2.1035.jar
[28Dec2025 23:05:20.433] [main/DEBUG] [net.minecraftforge.fml.loading.moddiscovery.ModFileInfo/LOADING]: Found valid mod file sophisticatedbackpacks-1.19.2-3.20.2.1035.jar with {sophisticatedbackpacks} mods - versions {1.19.2-3.20.2.1035}
[28Dec2025 23:05:20.433] [main/DEBUG] [net.minecraftforge.fml.loading.moddiscovery.ModFile/LOADING]: Loading mod file /home/bryan/Minecraft-Medieval-RPG/mods/sophisticatedbackpacks-1.19.2-3.20.2.1035.jar with languages [LanguageSpec[languageName=javafml, acceptedVersions=[18,)]]
[28Dec2025 23:05:20.433] [main/DEBUG] [net.minecraftforge.fml.loading.moddiscovery.ModFileParser/LOADING]: Considering mod file candidate /home/bryan/Minecraft-Medieval-RPG/mods/royal_variations_[Forge]_1.19.2_1.0.jar
[28Dec2025 23:05:20.433] [main/DEBUG] [net.minecraftforge.fml.loading.moddiscovery.ModFileInfo/LOADING]: Found valid mod file royal_variations_[Forge]_1.19.2_1.0.jar with {royalvariations} mods - versions {1.0.0}
[28Dec2025 23:05:20.433] [main/DEBUG] [net.minecraftforge.fml.loading.moddiscovery.ModFile/LOADING]: Loading mod file /home/bryan/Minecraft-Medieval-RPG/mods/royal_variations_[Forge]_1.19.2_1.0.jar with languages [LanguageSpec[languageName=javafml, acceptedVersions=[43,)]]
[28Dec2025 23:05:20.433] [main/DEBUG] [net.minecraftforge.fml.loading.moddiscovery.ModFileParser/LOADING]: Considering mod file candidate /home/bryan/Minecraft-Medieval-RPG/mods/twigs-forge-1.19.2-3.0.1.jar
[28Dec2025 23:05:20.434] [main/DEBUG] [net.minecraftforge.fml.loading.moddiscovery.ModFileInfo/LOADING]: Found valid mod file twigs-forge-1.19.2-3.0.1.jar with {twigs} mods - versions {1.19.2-3.0.1}
[28Dec2025 23:05:20.435] [main/DEBUG] [net.minecraftforge.fml.loading.moddiscovery.ModFile/LOADING]: Loading mod file /home/bryan/Minecraft-Medieval-RPG/mods/twigs-forge-1.19.2-3.0.1.jar with languages [LanguageSpec[languageName=javafml, acceptedVersions=[39,)]]
[28Dec2025 23:05:20.435] [main/DEBUG] [net.minecraftforge.fml.loading.moddiscovery.ModFileParser/LOADING]: Considering mod file candidate /home/bryan/Minecraft-Medieval-RPG/mods/relics-1.19.2-0.6.2.5.jar
[28Dec2025 23:05:20.435] [main/DEBUG] [net.minecraftforge.fml.loading.moddiscovery.ModFileInfo/LOADING]: Found valid mod file relics-1.19.2-0.6.2.5.jar with {relics} mods - versions {0.6.2.5}
[28Dec2025 23:05:20.435] [main/DEBUG] [net.minecraftforge.fml.loading.moddiscovery.ModFile/LOADING]: Loading mod file /home/bryan/Minecraft-Medieval-RPG/mods/relics-1.19.2-0.6.2.5.jar with languages [LanguageSpec[languageName=javafml, acceptedVersions=[35,)]]
[28Dec2025 23:05:20.435] [main/DEBUG] [net.minecraftforge.fml.loading.moddiscovery.ModFileParser/LOADING]: Considering mod file candidate /home/bryan/Minecraft-Medieval-RPG/mods/ProgressiveBosses-3.7.6-mc1.19.2.jar
[28Dec2025 23:05:20.435] [main/DEBUG] [net.minecraftforge.fml.loading.moddiscovery.ModFileInfo/LOADING]: Found valid mod file ProgressiveBosses-3.7.6-mc1.19.2.jar with {progressivebosses} mods - versions {3.7.6}
[28Dec2025 23:05:20.435] [main/DEBUG] [net.minecraftforge.fml.loading.moddiscovery.ModFile/LOADING]: Loading mod file /home/bryan/Minecraft-Medieval-RPG/mods/ProgressiveBosses-3.7.6-mc1.19.2.jar with languages [LanguageSpec[languageName=javafml, acceptedVersions=[41,)]]
[28Dec2025 23:05:20.435] [main/DEBUG] [net.minecraftforge.fml.loading.moddiscovery.ModFileParser/LOADING]: Considering mod file candidate /home/bryan/Minecraft-Medieval-RPG/mods/takesapillage-1.0.3-1.19.2.jar
[28Dec2025 23:05:20.435] [main/DEBUG] [net.minecraftforge.fml.loading.moddiscovery.ModFileInfo/LOADING]: Found valid mod file takesapillage-1.0.3-1.19.2.jar with {takesapillage} mods - versions {1.0.3}
[28Dec2025 23:05:20.435] [main/DEBUG] [net.minecraftforge.fml.loading.moddiscovery.ModFile/LOADING]: Loading mod file /home/bryan/Minecraft-Medieval-RPG/mods/takesapillage-1.0.3-1.19.2.jar with languages [LanguageSpec[languageName=javafml, acceptedVersions=[42,)]]
[28Dec2025 23:05:20.435] [main/DEBUG] [net.minecraftforge.fml.loading.moddiscovery.ModFileParser/LOADING]: Considering mod file candidate /home/bryan/Minecraft-Medieval-RPG/mods/bygonenether-1.3.2-1.19.2.jar
[28Dec2025 23:05:20.435] [main/DEBUG] [net.minecraftforge.fml.loading.moddiscovery.ModFileInfo/LOADING]: Found valid mod file bygonenether-1.3.2-1.19.2.jar with {bygonenether} mods - versions {1.3.2}
[28Dec2025 23:05:20.435] [main/DEBUG] [net.minecraftforge.fml.loading.moddiscovery.ModFile/LOADING]: Loading mod file /home/bryan/Minecraft-Medieval-RPG/mods/bygonenether-1.3.2-1.19.2.jar with languages [LanguageSpec[languageName=javafml, acceptedVersions=[42,)]]
[28Dec2025 23:05:20.435] [main/DEBUG] [net.minecraftforge.fml.loading.moddiscovery.ModFileParser/LOADING]: Considering mod file candidate /home/bryan/Minecraft-Medieval-RPG/mods/carryon-forge-1.19.2-2.1.2.23.jar
[28Dec2025 23:05:20.435] [main/DEBUG] [net.minecraftforge.fml.loading.moddiscovery.ModFileInfo/LOADING]: Found valid mod file carryon-forge-1.19.2-2.1.2.23.jar with {carryon} mods - versions {2.1.2.23}
[28Dec2025 23:05:20.435] [main/DEBUG] [net.minecraftforge.fml.loading.moddiscovery.ModFile/LOADING]: Loading mod file /home/bryan/Minecraft-Medieval-RPG/mods/carryon-forge-1.19.2-2.1.2.23.jar with languages [LanguageSpec[languageName=javafml, acceptedVersions=[43,)]]
[28Dec2025 23:05:20.435] [main/DEBUG] [net.minecraftforge.fml.loading.moddiscovery.ModFileParser/LOADING]: Considering mod file candidate /home/bryan/Minecraft-Medieval-RPG/mods/melody_forge_1.0.1_MC_1.19.2.jar
[28Dec2025 23:05:20.435] [main/DEBUG] [net.minecraftforge.fml.loading.moddiscovery.ModFileInfo/LOADING]: Found valid mod file melody_forge_1.0.1_MC_1.19.2.jar with {melody} mods - versions {1.0.1}
[28Dec2025 23:05:20.435] [main/DEBUG] [net.minecraftforge.fml.loading.moddiscovery.ModFile/LOADING]: Loading mod file /home/bryan/Minecraft-Medieval-RPG/mods/melody_forge_1.0.1_MC_1.19.2.jar with languages [LanguageSpec[languageName=javafml, acceptedVersions=[43,)]]
[28Dec2025 23:05:20.435] [main/DEBUG] [net.minecraftforge.fml.loading.moddiscovery.ModFileParser/LOADING]: Considering mod file candidate /home/bryan/Minecraft-Medieval-RPG/mods/ftb-teams-forge-1902.2.14-build.123.jar
[28Dec2025 23:05:20.436] [main/DEBUG] [net.minecraftforge.fml.loading.moddiscovery.ModFileInfo/LOADING]: Found valid mod file ftb-teams-forge-1902.2.14-build.123.jar with {ftbteams} mods - versions {1902.2.14-build.123}
[28Dec2025 23:05:20.436] [main/DEBUG] [net.minecraftforge.fml.loading.moddiscovery.ModFile/LOADING]: Loading mod file /home/bryan/Minecraft-Medieval-RPG/mods/ftb-teams-forge-1902.2.14-build.123.jar with languages [LanguageSpec[languageName=javafml, acceptedVersions=[43,)]]
[28Dec2025 23:05:20.436] [main/DEBUG] [net.minecraftforge.fml.loading.moddiscovery.ModFileParser/LOADING]: Considering mod file candidate /home/bryan/Minecraft-Medieval-RPG/mods/dragonmounts-1.19.2-1.2.3-beta.jar
[28Dec2025 23:05:20.436] [main/DEBUG] [net.minecraftforge.fml.loading.moddiscovery.ModFileInfo/LOADING]: Found valid mod file dragonmounts-1.19.2-1.2.3-beta.jar with {dragonmounts} mods - versions {1.2.3-beta}
[28Dec2025 23:05:20.436] [main/DEBUG] [net.minecraftforge.fml.loading.moddiscovery.ModFile/LOADING]: Loading mod file /home/bryan/Minecraft-Medieval-RPG/mods/dragonmounts-1.19.2-1.2.3-beta.jar with languages [LanguageSpec[languageName=javafml, acceptedVersions=[43,)]]
[28Dec2025 23:05:20.436] [main/DEBUG] [net.minecraftforge.fml.loading.moddiscovery.ModFileParser/LOADING]: Considering mod file candidate /home/bryan/Minecraft-Medieval-RPG/mods/dummmmmmy-1.19.2-1.7.1.jar
[28Dec2025 23:05:20.436] [main/DEBUG] [net.minecraftforge.fml.loading.moddiscovery.ModFileInfo/LOADING]: Found valid mod file dummmmmmy-1.19.2-1.7.1.jar with {dummmmmmy} mods - versions {1.19.2-1.7.1}
[28Dec2025 23:05:20.436] [main/DEBUG] [net.minecraftforge.fml.loading.moddiscovery.ModFile/LOADING]: Loading mod file /home/bryan/Minecraft-Medieval-RPG/mods/dummmmmmy-1.19.2-1.7.1.jar with languages [LanguageSpec[languageName=javafml, acceptedVersions=[40,)]]
[28Dec2025 23:05:20.436] [main/DEBUG] [net.minecraftforge.fml.loading.moddiscovery.ModFileParser/LOADING]: Considering mod file candidate /home/bryan/Minecraft-Medieval-RPG/mods/twilightforest-1.19.2-4.2.1518-universal.jar
[28Dec2025 23:05:20.436] [main/DEBUG] [net.minecraftforge.fml.loading.moddiscovery.ModFileInfo/LOADING]: Found valid mod file twilightforest-1.19.2-4.2.1518-universal.jar with {twilightforest} mods - versions {4.2.1518}
[28Dec2025 23:05:20.436] [main/DEBUG] [net.minecraftforge.fml.loading.moddiscovery.ModFile/LOADING]: Loading mod file /home/bryan/Minecraft-Medieval-RPG/mods/twilightforest-1.19.2-4.2.1518-universal.jar with languages [LanguageSpec[languageName=javafml, acceptedVersions=[43,)]]
[28Dec2025 23:05:20.437] [main/DEBUG] [net.minecraftforge.fml.loading.moddiscovery.ModFileParser/LOADING]: Found coremod seed with Javascript path META-INF/asm/seed.js
[28Dec2025 23:05:20.437] [main/DEBUG] [net.minecraftforge.fml.loading.moddiscovery.ModFileParser/LOADING]: Found coremod maprendercontext with Javascript path META-INF/asm/maprendercontext.js
[28Dec2025 23:05:20.437] [main/DEBUG] [net.minecraftforge.fml.loading.moddiscovery.ModFileParser/LOADING]: Found coremod music with Javascript path META-INF/asm/music.js
[28Dec2025 23:05:20.437] [main/DEBUG] [net.minecraftforge.fml.loading.moddiscovery.ModFileParser/LOADING]: Found coremod multipart with Javascript path META-INF/asm/multipart.js
[28Dec2025 23:05:20.437] [main/DEBUG] [net.minecraftforge.fml.loading.moddiscovery.ModFileParser/LOADING]: Found coremod foliage with Javascript path META-INF/asm/foliage.js
[28Dec2025 23:05:20.437] [main/DEBUG] [net.minecraftforge.fml.loading.moddiscovery.ModFileParser/LOADING]: Found coremod mount with Javascript path META-INF/asm/mount.js
[28Dec2025 23:05:20.437] [main/DEBUG] [net.minecraftforge.fml.loading.moddiscovery.ModFileParser/LOADING]: Found coremod book with Javascript path META-INF/asm/book.js
[28Dec2025 23:05:20.437] [main/DEBUG] [net.minecraftforge.fml.loading.moddiscovery.ModFile/LOADING]: Found coremod META-INF/asm/seed.js
[28Dec2025 23:05:20.437] [main/DEBUG] [net.minecraftforge.fml.loading.moddiscovery.ModFile/LOADING]: Found coremod META-INF/asm/maprendercontext.js
[28Dec2025 23:05:20.437] [main/DEBUG] [net.minecraftforge.fml.loading.moddiscovery.ModFile/LOADING]: Found coremod META-INF/asm/music.js
[28Dec2025 23:05:20.437] [main/DEBUG] [net.minecraftforge.fml.loading.moddiscovery.ModFile/LOADING]: Found coremod META-INF/asm/multipart.js
[28Dec2025 23:05:20.437] [main/DEBUG] [net.minecraftforge.fml.loading.moddiscovery.ModFile/LOADING]: Found coremod META-INF/asm/foliage.js
[28Dec2025 23:05:20.437] [main/DEBUG] [net.minecraftforge.fml.loading.moddiscovery.ModFile/LOADING]: Found coremod META-INF/asm/mount.js
[28Dec2025 23:05:20.437] [main/DEBUG] [net.minecraftforge.fml.loading.moddiscovery.ModFile/LOADING]: Found coremod META-INF/asm/book.js
[28Dec2025 23:05:20.437] [main/DEBUG] [net.minecraftforge.fml.loading.moddiscovery.ModFileParser/LOADING]: Considering mod file candidate /home/bryan/Minecraft-Medieval-RPG/mods/konkrete_forge_1.8.0_MC_1.19-1.19.2.jar
[28Dec2025 23:05:20.437] [main/DEBUG] [net.minecraftforge.fml.loading.moddiscovery.ModFileInfo/LOADING]: Found valid mod file konkrete_forge_1.8.0_MC_1.19-1.19.2.jar with {konkrete} mods - versions {1.8.0}
[28Dec2025 23:05:20.437] [main/DEBUG] [net.minecraftforge.fml.loading.moddiscovery.ModFile/LOADING]: Loading mod file /home/bryan/Minecraft-Medieval-RPG/mods/konkrete_forge_1.8.0_MC_1.19-1.19.2.jar with languages [LanguageSpec[languageName=javafml, acceptedVersions=[41,)]]
[28Dec2025 23:05:20.437] [main/DEBUG] [net.minecraftforge.fml.loading.moddiscovery.ModFileParser/LOADING]: Considering mod file candidate /home/bryan/Minecraft-Medieval-RPG/mods/enemyexpansion-2.4.0-forge-1.19.2.jar
[28Dec2025 23:05:20.437] [main/DEBUG] [net.minecraftforge.fml.loading.moddiscovery.ModFileInfo/LOADING]: Found valid mod file enemyexpansion-2.4.0-forge-1.19.2.jar with {enemyexpansion} mods - versions {2.4.0}
[28Dec2025 23:05:20.437] [main/DEBUG] [net.minecraftforge.fml.loading.moddiscovery.ModFile/LOADING]: Loading mod file /home/bryan/Minecraft-Medieval-RPG/mods/enemyexpansion-2.4.0-forge-1.19.2.jar with languages [LanguageSpec[languageName=javafml, acceptedVersions=[43,)]]
[28Dec2025 23:05:20.437] [main/DEBUG] [net.minecraftforge.fml.loading.moddiscovery.ModFileParser/LOADING]: Considering mod file candidate /home/bryan/Minecraft-Medieval-RPG/mods/collection-of-singiro-1.19.x-1.1.4.jar
[28Dec2025 23:05:20.437] [main/DEBUG] [net.minecraftforge.fml.loading.moddiscovery.ModFileInfo/LOADING]: Found valid mod file collection-of-singiro-1.19.x-1.1.4.jar with {collectionofsingiro} mods - versions {1.0}
[28Dec2025 23:05:20.438] [main/DEBUG] [net.minecraftforge.fml.loading.moddiscovery.ModFile/LOADING]: Loading mod file /home/bryan/Minecraft-Medieval-RPG/mods/collection-of-singiro-1.19.x-1.1.4.jar with languages [LanguageSpec[languageName=javafml, acceptedVersions=[40,)]]
[28Dec2025 23:05:20.438] [main/DEBUG] [net.minecraftforge.fml.loading.moddiscovery.ModFileParser/LOADING]: Considering mod file candidate /home/bryan/Minecraft-Medieval-RPG/mods/FarmersDelight-1.19.2-1.2.4.jar
[28Dec2025 23:05:20.438] [main/DEBUG] [net.minecraftforge.fml.loading.moddiscovery.ModFileInfo/LOADING]: Found valid mod file FarmersDelight-1.19.2-1.2.4.jar with {farmersdelight} mods - versions {1.19.2-1.2.4}
[28Dec2025 23:05:20.438] [main/DEBUG] [net.minecraftforge.fml.loading.moddiscovery.ModFile/LOADING]: Loading mod file /home/bryan/Minecraft-Medieval-RPG/mods/FarmersDelight-1.19.2-1.2.4.jar with languages [LanguageSpec[languageName=javafml, acceptedVersions=[41,)]]
[28Dec2025 23:05:20.438] [main/DEBUG] [net.minecraftforge.fml.loading.moddiscovery.ModFileParser/LOADING]: Considering mod file candidate /home/bryan/Minecraft-Medieval-RPG/mods/getittogetherdrops-forge-1.19.2-1.3.jar
[28Dec2025 23:05:20.438] [main/DEBUG] [net.minecraftforge.fml.loading.moddiscovery.ModFileInfo/LOADING]: Found valid mod file getittogetherdrops-forge-1.19.2-1.3.jar with {getittogetherdrops} mods - versions {1.3}
[28Dec2025 23:05:20.438] [main/DEBUG] [net.minecraftforge.fml.loading.moddiscovery.ModFile/LOADING]: Loading mod file /home/bryan/Minecraft-Medieval-RPG/mods/getittogetherdrops-forge-1.19.2-1.3.jar with languages [LanguageSpec[languageName=javafml, acceptedVersions=[41,)]]
[28Dec2025 23:05:20.438] [main/DEBUG] [net.minecraftforge.fml.loading.moddiscovery.ModFileParser/LOADING]: Considering mod file candidate /home/bryan/Minecraft-Medieval-RPG/mods/endrem_forge-5.2.1-R-1.19.X.jar
[28Dec2025 23:05:20.438] [main/DEBUG] [net.minecraftforge.fml.loading.moddiscovery.ModFileInfo/LOADING]: Found valid mod file endrem_forge-5.2.1-R-1.19.X.jar with {endrem} mods - versions {5.2.1-R-1.19.2}
[28Dec2025 23:05:20.438] [main/DEBUG] [net.minecraftforge.fml.loading.moddiscovery.ModFile/LOADING]: Loading mod file /home/bryan/Minecraft-Medieval-RPG/mods/endrem_forge-5.2.1-R-1.19.X.jar with languages [LanguageSpec[languageName=javafml, acceptedVersions=[41,)]]
[28Dec2025 23:05:20.438] [main/DEBUG] [net.minecraftforge.fml.loading.moddiscovery.ModFileParser/LOADING]: Considering mod file candidate /home/bryan/Minecraft-Medieval-RPG/mods/LongNbtKiller-Forge-1.19.2-1.0.0.jar
[28Dec2025 23:05:20.438] [main/DEBUG] [net.minecraftforge.fml.loading.moddiscovery.ModFileInfo/LOADING]: Found valid mod file LongNbtKiller-Forge-1.19.2-1.0.0.jar with {longnbtkiller} mods - versions {1.0.0}
[28Dec2025 23:05:20.438] [main/DEBUG] [net.minecraftforge.fml.loading.moddiscovery.ModFile/LOADING]: Loading mod file /home/bryan/Minecraft-Medieval-RPG/mods/LongNbtKiller-Forge-1.19.2-1.0.0.jar with languages [LanguageSpec[languageName=javafml, acceptedVersions=[41,)]]
[28Dec2025 23:05:20.438] [main/DEBUG] [net.minecraftforge.fml.loading.moddiscovery.ModFileParser/LOADING]: Considering mod file candidate /home/bryan/Minecraft-Medieval-RPG/mods/dungeons_enhanced-1.19.2-4.1.jar
[28Dec2025 23:05:20.438] [main/DEBUG] [net.minecraftforge.fml.loading.moddiscovery.ModFileInfo/LOADING]: Found valid mod file dungeons_enhanced-1.19.2-4.1.jar with {dungeons_enhanced} mods - versions {4.1}
[28Dec2025 23:05:20.438] [main/DEBUG] [net.minecraftforge.fml.loading.moddiscovery.ModFile/LOADING]: Loading mod file /home/bryan/Minecraft-Medieval-RPG/mods/dungeons_enhanced-1.19.2-4.1.jar with languages [LanguageSpec[languageName=javafml, acceptedVersions=[43,)]]
[28Dec2025 23:05:20.438] [main/DEBUG] [net.minecraftforge.fml.loading.moddiscovery.ModFileParser/LOADING]: Considering mod file candidate /home/bryan/Minecraft-Medieval-RPG/mods/lionfishapi-1.8.jar
[28Dec2025 23:05:20.439] [main/DEBUG] [net.minecraftforge.fml.loading.moddiscovery.ModFileInfo/LOADING]: Found valid mod file lionfishapi-1.8.jar with {lionfishapi} mods - versions {1.8}
[28Dec2025 23:05:20.439] [main/DEBUG] [net.minecraftforge.fml.loading.moddiscovery.ModFile/LOADING]: Loading mod file /home/bryan/Minecraft-Medieval-RPG/mods/lionfishapi-1.8.jar with languages [LanguageSpec[languageName=javafml, acceptedVersions=[43,)]]
[28Dec2025 23:05:20.439] [main/DEBUG] [net.minecraftforge.fml.loading.moddiscovery.ModFileParser/LOADING]: Considering mod file candidate /home/bryan/Minecraft-Medieval-RPG/mods/L_Enders_Cataclysm-2.46-1.19.2.jar
[28Dec2025 23:05:20.439] [main/DEBUG] [net.minecraftforge.fml.loading.moddiscovery.ModFileInfo/LOADING]: Found valid mod file L_Enders_Cataclysm-2.46-1.19.2.jar with {cataclysm} mods - versions {2.46}
[28Dec2025 23:05:20.439] [main/DEBUG] [net.minecraftforge.fml.loading.moddiscovery.ModFile/LOADING]: Loading mod file /home/bryan/Minecraft-Medieval-RPG/mods/L_Enders_Cataclysm-2.46-1.19.2.jar with languages [LanguageSpec[languageName=javafml, acceptedVersions=[43,)]]
[28Dec2025 23:05:20.439] [main/DEBUG] [net.minecraftforge.fml.loading.moddiscovery.ModFileParser/LOADING]: Considering mod file candidate /home/bryan/Minecraft-Medieval-RPG/mods/memorysettings-1.19.2-5.4.jar
[28Dec2025 23:05:20.439] [main/DEBUG] [net.minecraftforge.fml.loading.moddiscovery.ModFileInfo/LOADING]: Found valid mod file memorysettings-1.19.2-5.4.jar with {memorysettings} mods - versions {1.19.2-5.4}
[28Dec2025 23:05:20.439] [main/DEBUG] [net.minecraftforge.fml.loading.moddiscovery.ModFile/LOADING]: Loading mod file /home/bryan/Minecraft-Medieval-RPG/mods/memorysettings-1.19.2-5.4.jar with languages [LanguageSpec[languageName=javafml, acceptedVersions=[36,)]]
[28Dec2025 23:05:20.439] [main/DEBUG] [net.minecraftforge.fml.loading.moddiscovery.ModFileParser/LOADING]: Considering mod file candidate /home/bryan/Minecraft-Medieval-RPG/mods/blockui-1.19.2-1.0.140-BETA.jar
[28Dec2025 23:05:20.440] [main/DEBUG] [net.minecraftforge.fml.loading.moddiscovery.ModFileInfo/LOADING]: Found valid mod file blockui-1.19.2-1.0.140-BETA.jar with {blockui} mods - versions {1.19.2-1.0.140-BETA}
[28Dec2025 23:05:20.440] [main/DEBUG] [net.minecraftforge.fml.loading.moddiscovery.ModFile/LOADING]: Loading mod file /home/bryan/Minecraft-Medieval-RPG/mods/blockui-1.19.2-1.0.140-BETA.jar with languages [LanguageSpec[languageName=javafml, acceptedVersions=[43,)]]
[28Dec2025 23:05:20.440] [main/DEBUG] [net.minecraftforge.fml.loading.moddiscovery.ModFileParser/LOADING]: Considering mod file candidate /home/bryan/Minecraft-Medieval-RPG/mods/Patchouli-1.19.2-77.jar
[28Dec2025 23:05:20.440] [main/DEBUG] [net.minecraftforge.fml.loading.moddiscovery.ModFileInfo/LOADING]: Found valid mod file Patchouli-1.19.2-77.jar with {patchouli} mods - versions {1.19.2-77}
[28Dec2025 23:05:20.440] [main/DEBUG] [net.minecraftforge.fml.loading.moddiscovery.ModFile/LOADING]: Loading mod file /home/bryan/Minecraft-Medieval-RPG/mods/Patchouli-1.19.2-77.jar with languages [LanguageSpec[languageName=javafml, acceptedVersions=[43,)]]
[28Dec2025 23:05:20.440] [main/DEBUG] [net.minecraftforge.fml.loading.moddiscovery.ModFileParser/LOADING]: Considering mod file candidate /home/bryan/Minecraft-Medieval-RPG/mods/origins-classes-forge-1.2.1.jar
[28Dec2025 23:05:20.441] [main/DEBUG] [net.minecraftforge.fml.loading.moddiscovery.ModFileInfo/LOADING]: Found valid mod file origins-classes-forge-1.2.1.jar with {origins_classes} mods - versions {1.2.1}
[28Dec2025 23:05:20.441] [main/DEBUG] [net.minecraftforge.fml.loading.moddiscovery.ModFile/LOADING]: Loading mod file /home/bryan/Minecraft-Medieval-RPG/mods/origins-classes-forge-1.2.1.jar with languages [LanguageSpec[languageName=javafml, acceptedVersions=[40,)]]
[28Dec2025 23:05:20.441] [main/DEBUG] [net.minecraftforge.fml.loading.moddiscovery.ModFileParser/LOADING]: Considering mod file candidate /home/bryan/Minecraft-Medieval-RPG/mods/DramaticDoors-QuiFabrge-1.19.2-3.2.7.jar
[28Dec2025 23:05:20.441] [main/DEBUG] [net.minecraftforge.fml.loading.moddiscovery.ModFileInfo/LOADING]: Found valid mod file DramaticDoors-QuiFabrge-1.19.2-3.2.7.jar with {dramaticdoors} mods - versions {1.19.2-3.2.7}
[28Dec2025 23:05:20.441] [main/DEBUG] [net.minecraftforge.fml.loading.moddiscovery.ModFile/LOADING]: Loading mod file /home/bryan/Minecraft-Medieval-RPG/mods/DramaticDoors-QuiFabrge-1.19.2-3.2.7.jar with languages [LanguageSpec[languageName=javafml, acceptedVersions=[43,)]]
[28Dec2025 23:05:20.441] [main/DEBUG] [net.minecraftforge.fml.loading.moddiscovery.ModFileParser/LOADING]: Considering mod file candidate /home/bryan/Minecraft-Medieval-RPG/mods/woodworks-1.19.2-2.2.2.jar
[28Dec2025 23:05:20.441] [main/DEBUG] [net.minecraftforge.fml.loading.moddiscovery.ModFileInfo/LOADING]: Found valid mod file woodworks-1.19.2-2.2.2.jar with {woodworks} mods - versions {2.2.2}
[28Dec2025 23:05:20.441] [main/DEBUG] [net.minecraftforge.fml.loading.moddiscovery.ModFile/LOADING]: Loading mod file /home/bryan/Minecraft-Medieval-RPG/mods/woodworks-1.19.2-2.2.2.jar with languages [LanguageSpec[languageName=javafml, acceptedVersions=[32,)]]
[28Dec2025 23:05:20.441] [main/DEBUG] [net.minecraftforge.fml.loading.moddiscovery.ModFileParser/LOADING]: Considering mod file candidate /home/bryan/Minecraft-Medieval-RPG/mods/BetterThirdPerson-Forge-1.19-1.9.0.jar
[28Dec2025 23:05:20.441] [main/DEBUG] [net.minecraftforge.fml.loading.moddiscovery.ModFileInfo/LOADING]: Found valid mod file BetterThirdPerson-Forge-1.19-1.9.0.jar with {betterthirdperson} mods - versions {1.9.0}
[28Dec2025 23:05:20.442] [main/DEBUG] [net.minecraftforge.fml.loading.moddiscovery.ModFile/LOADING]: Loading mod file /home/bryan/Minecraft-Medieval-RPG/mods/BetterThirdPerson-Forge-1.19-1.9.0.jar with languages [LanguageSpec[languageName=javafml, acceptedVersions=[41,)]]
[28Dec2025 23:05:20.442] [main/DEBUG] [net.minecraftforge.fml.loading.moddiscovery.ModFileParser/LOADING]: Considering mod file candidate /home/bryan/Minecraft-Medieval-RPG/mods/elevatorid-1.19.2-1.8.10.jar
[28Dec2025 23:05:20.442] [main/DEBUG] [net.minecraftforge.fml.loading.moddiscovery.ModFileInfo/LOADING]: Found valid mod file elevatorid-1.19.2-1.8.10.jar with {elevatorid} mods - versions {1.19.2-1.8.10}
[28Dec2025 23:05:20.442] [main/DEBUG] [net.minecraftforge.fml.loading.moddiscovery.ModFile/LOADING]: Loading mod file /home/bryan/Minecraft-Medieval-RPG/mods/elevatorid-1.19.2-1.8.10.jar with languages [LanguageSpec[languageName=javafml, acceptedVersions=[43,)]]
[28Dec2025 23:05:20.442] [main/DEBUG] [net.minecraftforge.fml.loading.moddiscovery.ModFileParser/LOADING]: Considering mod file candidate /home/bryan/Minecraft-Medieval-RPG/mods/ftb-ultimine-forge-1902.4.2-build.14.jar
[28Dec2025 23:05:20.442] [main/DEBUG] [net.minecraftforge.fml.loading.moddiscovery.ModFileInfo/LOADING]: Found valid mod file ftb-ultimine-forge-1902.4.2-build.14.jar with {ftbultimine} mods - versions {1902.4.2-build.14}
[28Dec2025 23:05:20.442] [main/DEBUG] [net.minecraftforge.fml.loading.moddiscovery.ModFile/LOADING]: Loading mod file /home/bryan/Minecraft-Medieval-RPG/mods/ftb-ultimine-forge-1902.4.2-build.14.jar with languages [LanguageSpec[languageName=javafml, acceptedVersions=[43,)]]
[28Dec2025 23:05:20.442] [main/DEBUG] [net.minecraftforge.fml.loading.moddiscovery.ModFileParser/LOADING]: Considering mod file candidate /home/bryan/Minecraft-Medieval-RPG/mods/NightConfigFixes-v4.0.7-1.19.2-Forge.jar
[28Dec2025 23:05:20.442] [main/DEBUG] [net.minecraftforge.fml.loading.moddiscovery.ModFileInfo/LOADING]: Found valid mod file NightConfigFixes-v4.0.7-1.19.2-Forge.jar with {nightconfigfixes} mods - versions {4.0.7}
[28Dec2025 23:05:20.442] [main/DEBUG] [net.minecraftforge.fml.loading.moddiscovery.ModFile/LOADING]: Loading mod file /home/bryan/Minecraft-Medieval-RPG/mods/NightConfigFixes-v4.0.7-1.19.2-Forge.jar with languages [LanguageSpec[languageName=javafml, acceptedVersions=[41,)]]
[28Dec2025 23:05:20.442] [main/DEBUG] [net.minecraftforge.fml.loading.moddiscovery.ModFileParser/LOADING]: Considering mod file candidate /home/bryan/Minecraft-Medieval-RPG/mods/YungsBetterStrongholds-1.19.2-Forge-3.2.0.jar
[28Dec2025 23:05:20.442] [main/DEBUG] [net.minecraftforge.fml.loading.moddiscovery.ModFileInfo/LOADING]: Found valid mod file YungsBetterStrongholds-1.19.2-Forge-3.2.0.jar with {betterstrongholds} mods - versions {1.19.2-Forge-3.2.0}
[28Dec2025 23:05:20.442] [main/DEBUG] [net.minecraftforge.fml.loading.moddiscovery.ModFile/LOADING]: Loading mod file /home/bryan/Minecraft-Medieval-RPG/mods/YungsBetterStrongholds-1.19.2-Forge-3.2.0.jar with languages [LanguageSpec[languageName=javafml, acceptedVersions=[43,)]]
[28Dec2025 23:05:20.443] [main/DEBUG] [net.minecraftforge.fml.loading.moddiscovery.ModFileParser/LOADING]: Considering mod file candidate /home/bryan/Minecraft-Medieval-RPG/mods/EnigmaticLegacy-2.26.5.jar
[28Dec2025 23:05:20.443] [main/DEBUG] [net.minecraftforge.fml.loading.moddiscovery.ModFileInfo/LOADING]: Found valid mod file EnigmaticLegacy-2.26.5.jar with {enigmaticlegacy} mods - versions {2.26.5}
[28Dec2025 23:05:20.443] [main/DEBUG] [net.minecraftforge.fml.loading.moddiscovery.ModFile/LOADING]: Loading mod file /home/bryan/Minecraft-Medieval-RPG/mods/EnigmaticLegacy-2.26.5.jar with languages [LanguageSpec[languageName=javafml, acceptedVersions=[31,)]]
[28Dec2025 23:05:20.443] [main/DEBUG] [net.minecraftforge.fml.loading.moddiscovery.ModFileParser/LOADING]: Considering mod file candidate /home/bryan/Minecraft-Medieval-RPG/mods/architectury-6.6.92-forge.jar
[28Dec2025 23:05:20.444] [main/DEBUG] [net.minecraftforge.fml.loading.moddiscovery.ModFileInfo/LOADING]: Found valid mod file architectury-6.6.92-forge.jar with {architectury} mods - versions {6.6.92}
[28Dec2025 23:05:20.444] [main/DEBUG] [net.minecraftforge.fml.loading.moddiscovery.ModFile/LOADING]: Loading mod file /home/bryan/Minecraft-Medieval-RPG/mods/architectury-6.6.92-forge.jar with languages [LanguageSpec[languageName=javafml, acceptedVersions=[43,)]]
[28Dec2025 23:05:20.444] [main/DEBUG] [net.minecraftforge.fml.loading.moddiscovery.ModFileParser/LOADING]: Considering mod file candidate /home/bryan/Minecraft-Medieval-RPG/mods/deeperdarker-forge-1.19.2-1.2.2.jar
[28Dec2025 23:05:20.445] [main/DEBUG] [net.minecraftforge.fml.loading.moddiscovery.ModFileInfo/LOADING]: Found valid mod file deeperdarker-forge-1.19.2-1.2.2.jar with {deeperdarker} mods - versions {1.2.2}
[28Dec2025 23:05:20.445] [main/DEBUG] [net.minecraftforge.fml.loading.moddiscovery.ModFile/LOADING]: Loading mod file /home/bryan/Minecraft-Medieval-RPG/mods/deeperdarker-forge-1.19.2-1.2.2.jar with languages [LanguageSpec[languageName=javafml, acceptedVersions=[43,44)]]
[28Dec2025 23:05:20.445] [main/DEBUG] [net.minecraftforge.fml.loading.moddiscovery.ModFileParser/LOADING]: Considering mod file candidate /home/bryan/Minecraft-Medieval-RPG/mods/AI-Improvements-1.19.2-0.5.2.jar
[28Dec2025 23:05:20.445] [main/DEBUG] [net.minecraftforge.fml.loading.moddiscovery.ModFileInfo/LOADING]: Found valid mod file AI-Improvements-1.19.2-0.5.2.jar with {aiimprovements} mods - versions {0.5.2}
[28Dec2025 23:05:20.445] [main/DEBUG] [net.minecraftforge.fml.loading.moddiscovery.ModFile/LOADING]: Loading mod file /home/bryan/Minecraft-Medieval-RPG/mods/AI-Improvements-1.19.2-0.5.2.jar with languages [LanguageSpec[languageName=javafml, acceptedVersions=[41,)]]
[28Dec2025 23:05:20.445] [main/DEBUG] [net.minecraftforge.fml.loading.moddiscovery.ModFileParser/LOADING]: Considering mod file candidate /home/bryan/Minecraft-Medieval-RPG/mods/cupboard-1.19.2-2.6.jar
[28Dec2025 23:05:20.445] [main/DEBUG] [net.minecraftforge.fml.loading.moddiscovery.ModFileInfo/LOADING]: Found valid mod file cupboard-1.19.2-2.6.jar with {cupboard} mods - versions {1.19.2-2.6}
[28Dec2025 23:05:20.445] [main/DEBUG] [net.minecraftforge.fml.loading.moddiscovery.ModFile/LOADING]: Loading mod file /home/bryan/Minecraft-Medieval-RPG/mods/cupboard-1.19.2-2.6.jar with languages [LanguageSpec[languageName=javafml, acceptedVersions=[36,)]]
[28Dec2025 23:05:20.445] [main/DEBUG] [net.minecraftforge.fml.loading.moddiscovery.ModFileParser/LOADING]: Considering mod file candidate /home/bryan/Minecraft-Medieval-RPG/mods/smallships-forge-1.19.2-2.0.0-b1.3.1.jar
[28Dec2025 23:05:20.446] [main/DEBUG] [net.minecraftforge.fml.loading.moddiscovery.ModFileInfo/LOADING]: Found valid mod file smallships-forge-1.19.2-2.0.0-b1.3.1.jar with {smallships} mods - versions {2.0.0-b1.3.1}
[28Dec2025 23:05:20.446] [main/DEBUG] [net.minecraftforge.fml.loading.moddiscovery.ModFile/LOADING]: Loading mod file /home/bryan/Minecraft-Medieval-RPG/mods/smallships-forge-1.19.2-2.0.0-b1.3.1.jar with languages [LanguageSpec[languageName=javafml, acceptedVersions=[41,)]]
[28Dec2025 23:05:20.446] [main/DEBUG] [net.minecraftforge.fml.loading.moddiscovery.ModFileParser/LOADING]: Considering mod file candidate /home/bryan/Minecraft-Medieval-RPG/mods/letmedespawn-forge-1.3.2b.jar
[28Dec2025 23:05:20.446] [main/DEBUG] [net.minecraftforge.fml.loading.moddiscovery.ModFileInfo/LOADING]: Found valid mod file letmedespawn-forge-1.3.2b.jar with {letmedespawn} mods - versions {1.3.2b}
[28Dec2025 23:05:20.446] [main/DEBUG] [net.minecraftforge.fml.loading.moddiscovery.ModFile/LOADING]: Loading mod file /home/bryan/Minecraft-Medieval-RPG/mods/letmedespawn-forge-1.3.2b.jar with languages [LanguageSpec[languageName=javafml, acceptedVersions=[43,)]]
[28Dec2025 23:05:20.446] [main/DEBUG] [net.minecraftforge.fml.loading.moddiscovery.ModFileParser/LOADING]: Considering mod file candidate /home/bryan/Minecraft-Medieval-RPG/mods/Towns-and-Towers-v.1.10-_FORGE-1.19.2_.jar
[28Dec2025 23:05:20.447] [main/DEBUG] [net.minecraftforge.fml.loading.moddiscovery.ModFileInfo/LOADING]: Found valid mod file Towns-and-Towers-v.1.10-_FORGE-1.19.2_.jar with {t_and_t} mods - versions {1.10}
[28Dec2025 23:05:20.447] [main/DEBUG] [net.minecraftforge.fml.loading.moddiscovery.ModFile/LOADING]: Loading mod file /home/bryan/Minecraft-Medieval-RPG/mods/Towns-and-Towers-v.1.10-_FORGE-1.19.2_.jar with languages [LanguageSpec[languageName=javafml, acceptedVersions=[43,)]]
[28Dec2025 23:05:20.447] [main/DEBUG] [net.minecraftforge.fml.loading.moddiscovery.ModFileParser/LOADING]: Considering mod file candidate /home/bryan/Minecraft-Medieval-RPG/mods/toomanyglyphs-1.19.2-2.2.376.1564.jar
[28Dec2025 23:05:20.447] [main/DEBUG] [net.minecraftforge.fml.loading.moddiscovery.ModFileInfo/LOADING]: Found valid mod file toomanyglyphs-1.19.2-2.2.376.1564.jar with {toomanyglyphs} mods - versions {2.2.376.1564}
[28Dec2025 23:05:20.447] [main/DEBUG] [net.minecraftforge.fml.loading.moddiscovery.ModFile/LOADING]: Loading mod file /home/bryan/Minecraft-Medieval-RPG/mods/toomanyglyphs-1.19.2-2.2.376.1564.jar with languages [LanguageSpec[languageName=javafml, acceptedVersions=[39,)]]
[28Dec2025 23:05:20.447] [main/DEBUG] [net.minecraftforge.fml.loading.moddiscovery.ModFileParser/LOADING]: Considering mod file candidate /home/bryan/Minecraft-Medieval-RPG/mods/yeetusexperimentus-1.0.1-build.2+mc1.19.1.jar
[28Dec2025 23:05:20.447] [main/DEBUG] [net.minecraftforge.fml.loading.moddiscovery.ModFileInfo/LOADING]: Found valid mod file yeetusexperimentus-1.0.1-build.2+mc1.19.1.jar with {yeetusexperimentus} mods - versions {1.0.1-build.2+mc1.19.1}
[28Dec2025 23:05:20.447] [main/DEBUG] [net.minecraftforge.fml.loading.moddiscovery.ModFile/LOADING]: Loading mod file /home/bryan/Minecraft-Medieval-RPG/mods/yeetusexperimentus-1.0.1-build.2+mc1.19.1.jar with languages [LanguageSpec[languageName=javafml, acceptedVersions=[42,)]]
[28Dec2025 23:05:20.449] [main/DEBUG] [net.minecraftforge.fml.loading.moddiscovery.ModFileParser/LOADING]: Considering mod file candidate /home/bryan/Minecraft-Medieval-RPG/mods/dreadsteel-1.19.2-1.1.6.jar
[28Dec2025 23:05:20.449] [main/DEBUG] [net.minecraftforge.fml.loading.moddiscovery.ModFileInfo/LOADING]: Found valid mod file dreadsteel-1.19.2-1.1.6.jar with {dreadsteel} mods - versions {1.19.2-1.1.6}
[28Dec2025 23:05:20.449] [main/DEBUG] [net.minecraftforge.fml.loading.moddiscovery.ModFile/LOADING]: Loading mod file /home/bryan/Minecraft-Medieval-RPG/mods/dreadsteel-1.19.2-1.1.6.jar with languages [LanguageSpec[languageName=javafml, acceptedVersions=[43,)]]
[28Dec2025 23:05:20.449] [main/DEBUG] [net.minecraftforge.fml.loading.moddiscovery.ModFileParser/LOADING]: Considering mod file candidate /home/bryan/Minecraft-Medieval-RPG/mods/BetterAdvancements-1.19.2-0.2.2.142.jar
[28Dec2025 23:05:20.452] [main/DEBUG] [net.minecraftforge.fml.loading.moddiscovery.ModFileInfo/LOADING]: Found valid mod file BetterAdvancements-1.19.2-0.2.2.142.jar with {betteradvancements} mods - versions {0.2.2.142}
[28Dec2025 23:05:20.452] [main/DEBUG] [net.minecraftforge.fml.loading.moddiscovery.ModFile/LOADING]: Loading mod file /home/bryan/Minecraft-Medieval-RPG/mods/BetterAdvancements-1.19.2-0.2.2.142.jar with languages [LanguageSpec[languageName=javafml, acceptedVersions=[43,)]]
[28Dec2025 23:05:20.452] [main/DEBUG] [net.minecraftforge.fml.loading.moddiscovery.ModFileParser/LOADING]: Considering mod file candidate /home/bryan/Minecraft-Medieval-RPG/mods/majruszs-accessories-forge-1.19.2-1.5.2-backport.2.jar
[28Dec2025 23:05:20.452] [main/DEBUG] [net.minecraftforge.fml.loading.moddiscovery.ModFileInfo/LOADING]: Found valid mod file majruszs-accessories-forge-1.19.2-1.5.2-backport.2.jar with {majruszsaccessories} mods - versions {1.5.2-backport.2}
[28Dec2025 23:05:20.452] [main/DEBUG] [net.minecraftforge.fml.loading.moddiscovery.ModFile/LOADING]: Loading mod file /home/bryan/Minecraft-Medieval-RPG/mods/majruszs-accessories-forge-1.19.2-1.5.2-backport.2.jar with languages [LanguageSpec[languageName=javafml, acceptedVersions=[43,)]]
[28Dec2025 23:05:20.452] [main/DEBUG] [net.minecraftforge.fml.loading.moddiscovery.ModFileParser/LOADING]: Considering mod file candidate /home/bryan/Minecraft-Medieval-RPG/mods/BHMenu-Forge-1.19.2-2.4.2.jar
[28Dec2025 23:05:20.453] [main/DEBUG] [net.minecraftforge.fml.loading.moddiscovery.ModFileInfo/LOADING]: Found valid mod file BHMenu-Forge-1.19.2-2.4.2.jar with {bhmenu} mods - versions {2.4.2}
[28Dec2025 23:05:20.453] [main/DEBUG] [net.minecraftforge.fml.loading.moddiscovery.ModFile/LOADING]: Loading mod file /home/bryan/Minecraft-Medieval-RPG/mods/BHMenu-Forge-1.19.2-2.4.2.jar with languages [LanguageSpec[languageName=javafml, acceptedVersions=[43,)]]
[28Dec2025 23:05:20.453] [main/DEBUG] [net.minecraftforge.fml.loading.moddiscovery.ModFileParser/LOADING]: Considering mod file candidate /home/bryan/Minecraft-Medieval-RPG/mods/rhino-forge-1902.2.3-build.284.jar
[28Dec2025 23:05:20.453] [main/DEBUG] [net.minecraftforge.fml.loading.moddiscovery.ModFileInfo/LOADING]: Found valid mod file rhino-forge-1902.2.3-build.284.jar with {rhino} mods - versions {1902.2.3-build.284}
[28Dec2025 23:05:20.453] [main/DEBUG] [net.minecraftforge.fml.loading.moddiscovery.ModFile/LOADING]: Loading mod file /home/bryan/Minecraft-Medieval-RPG/mods/rhino-forge-1902.2.3-build.284.jar with languages [LanguageSpec[languageName=javafml, acceptedVersions=[38,)]]
[28Dec2025 23:05:20.453] [main/DEBUG] [net.minecraftforge.fml.loading.moddiscovery.ModFileParser/LOADING]: Considering mod file candidate /home/bryan/Minecraft-Medieval-RPG/mods/trashslot-forge-1.19.2-12.1.0.jar
[28Dec2025 23:05:20.453] [main/DEBUG] [net.minecraftforge.fml.loading.moddiscovery.ModFileInfo/LOADING]: Found valid mod file trashslot-forge-1.19.2-12.1.0.jar with {trashslot} mods - versions {12.1.0}
[28Dec2025 23:05:20.453] [main/DEBUG] [net.minecraftforge.fml.loading.moddiscovery.ModFile/LOADING]: Loading mod file /home/bryan/Minecraft-Medieval-RPG/mods/trashslot-forge-1.19.2-12.1.0.jar with languages [LanguageSpec[languageName=javafml, acceptedVersions=[41,)]]
[28Dec2025 23:05:20.453] [main/DEBUG] [net.minecraftforge.fml.loading.moddiscovery.ModFileParser/LOADING]: Considering mod file candidate /home/bryan/Minecraft-Medieval-RPG/mods/awesomedungeonend-forge-1.19.2-3.1.1.jar
[28Dec2025 23:05:20.453] [main/DEBUG] [net.minecraftforge.fml.loading.moddiscovery.ModFileInfo/LOADING]: Found valid mod file awesomedungeonend-forge-1.19.2-3.1.1.jar with {awesomedungeonend} mods - versions {3.1.1}
[28Dec2025 23:05:20.453] [main/DEBUG] [net.minecraftforge.fml.loading.moddiscovery.ModFile/LOADING]: Loading mod file /home/bryan/Minecraft-Medieval-RPG/mods/awesomedungeonend-forge-1.19.2-3.1.1.jar with languages [LanguageSpec[languageName=javafml, acceptedVersions=[43,)]]
[28Dec2025 23:05:20.453] [main/DEBUG] [net.minecraftforge.fml.loading.moddiscovery.ModFileParser/LOADING]: Considering mod file candidate /home/bryan/Minecraft-Medieval-RPG/mods/octolib-1.19.2-0.3.jar
[28Dec2025 23:05:20.454] [main/DEBUG] [net.minecraftforge.fml.loading.moddiscovery.ModFileInfo/LOADING]: Found valid mod file octolib-1.19.2-0.3.jar with {octolib} mods - versions {0.3}
[28Dec2025 23:05:20.454] [main/DEBUG] [net.minecraftforge.fml.loading.moddiscovery.ModFile/LOADING]: Loading mod file /home/bryan/Minecraft-Medieval-RPG/mods/octolib-1.19.2-0.3.jar with languages [LanguageSpec[languageName=javafml, acceptedVersions=[43,)]]
[28Dec2025 23:05:20.454] [main/DEBUG] [net.minecraftforge.fml.loading.moddiscovery.ModFileParser/LOADING]: Considering mod file candidate /home/bryan/Minecraft-Medieval-RPG/mods/item-filters-forge-1902.2.9-build.51.jar
[28Dec2025 23:05:20.454] [main/DEBUG] [net.minecraftforge.fml.loading.moddiscovery.ModFileInfo/LOADING]: Found valid mod file item-filters-forge-1902.2.9-build.51.jar with {itemfilters} mods - versions {1902.2.9-build.51}
[28Dec2025 23:05:20.454] [main/DEBUG] [net.minecraftforge.fml.loading.moddiscovery.ModFile/LOADING]: Loading mod file /home/bryan/Minecraft-Medieval-RPG/mods/item-filters-forge-1902.2.9-build.51.jar with languages [LanguageSpec[languageName=javafml, acceptedVersions=[43,)]]
[28Dec2025 23:05:20.454] [main/DEBUG] [net.minecraftforge.fml.loading.moddiscovery.ModFileParser/LOADING]: Considering mod file candidate /home/bryan/Minecraft-Medieval-RPG/mods/HL-0.9.1-1.19.2.jar
[28Dec2025 23:05:20.454] [main/DEBUG] [net.minecraftforge.fml.loading.moddiscovery.ModFileInfo/LOADING]: Found valid mod file HL-0.9.1-1.19.2.jar with {hiccups_legacy} mods - versions {0.9.1}
[28Dec2025 23:05:20.454] [main/DEBUG] [net.minecraftforge.fml.loading.moddiscovery.ModFile/LOADING]: Loading mod file /home/bryan/Minecraft-Medieval-RPG/mods/HL-0.9.1-1.19.2.jar with languages [LanguageSpec[languageName=javafml, acceptedVersions=[43,)]]
[28Dec2025 23:05:20.454] [main/DEBUG] [net.minecraftforge.fml.loading.moddiscovery.ModFileParser/LOADING]: Considering mod file candidate /home/bryan/Minecraft-Medieval-RPG/mods/SimpleRPC-4.0.4.jar
[28Dec2025 23:05:20.454] [main/DEBUG] [net.minecraftforge.fml.loading.moddiscovery.ModFileInfo/LOADING]: Found valid mod file SimpleRPC-4.0.4.jar with {simplerpc} mods - versions {4.0.4}
[28Dec2025 23:05:20.454] [main/DEBUG] [net.minecraftforge.fml.loading.moddiscovery.ModFile/LOADING]: Loading mod file /home/bryan/Minecraft-Medieval-RPG/mods/SimpleRPC-4.0.4.jar with languages [LanguageSpec[languageName=javafml, acceptedVersions=[1,)]]
[28Dec2025 23:05:20.454] [main/DEBUG] [net.minecraftforge.fml.loading.moddiscovery.ModFileParser/LOADING]: Considering mod file candidate /home/bryan/Minecraft-Medieval-RPG/mods/obscure_api-15.jar
[28Dec2025 23:05:20.454] [main/DEBUG] [net.minecraftforge.fml.loading.moddiscovery.ModFileInfo/LOADING]: Found valid mod file obscure_api-15.jar with {obscure_api} mods - versions {15}
[28Dec2025 23:05:20.454] [main/DEBUG] [net.minecraftforge.fml.loading.moddiscovery.ModFile/LOADING]: Loading mod file /home/bryan/Minecraft-Medieval-RPG/mods/obscure_api-15.jar with languages [LanguageSpec[languageName=javafml, acceptedVersions=[43,)]]
[28Dec2025 23:05:20.454] [main/DEBUG] [net.minecraftforge.fml.loading.moddiscovery.ModFileParser/LOADING]: Considering mod file candidate /home/bryan/Minecraft-Medieval-RPG/mods/Structory_Towers_1.19.3_v1.0.2.jar
[28Dec2025 23:05:20.455] [main/DEBUG] [net.minecraftforge.fml.loading.moddiscovery.ModFileInfo/LOADING]: Found valid mod file Structory_Towers_1.19.3_v1.0.2.jar with {structorytowers} mods - versions {1.0.2}
[28Dec2025 23:05:20.455] [main/DEBUG] [net.minecraftforge.fml.loading.moddiscovery.ModFile/LOADING]: Loading mod file /home/bryan/Minecraft-Medieval-RPG/mods/Structory_Towers_1.19.3_v1.0.2.jar with languages [LanguageSpec[languageName=javafml, acceptedVersions=[40,)]]
[28Dec2025 23:05:20.455] [main/DEBUG] [net.minecraftforge.fml.loading.moddiscovery.ModFileParser/LOADING]: Considering mod file candidate /home/bryan/Minecraft-Medieval-RPG/mods/waystones-forge-1.19.2-11.4.2.jar
[28Dec2025 23:05:20.455] [main/DEBUG] [net.minecraftforge.fml.loading.moddiscovery.ModFileInfo/LOADING]: Found valid mod file waystones-forge-1.19.2-11.4.2.jar with {waystones} mods - versions {11.4.2}
[28Dec2025 23:05:20.455] [main/DEBUG] [net.minecraftforge.fml.loading.moddiscovery.ModFile/LOADING]: Loading mod file /home/bryan/Minecraft-Medieval-RPG/mods/waystones-forge-1.19.2-11.4.2.jar with languages [LanguageSpec[languageName=javafml, acceptedVersions=[41,)]]
[28Dec2025 23:05:20.455] [main/DEBUG] [net.minecraftforge.fml.loading.moddiscovery.ModFileParser/LOADING]: Considering mod file candidate /home/bryan/Minecraft-Medieval-RPG/mods/fantasyfurniture-1.19.2-6.7.0.jar
[28Dec2025 23:05:20.455] [main/DEBUG] [net.minecraftforge.fml.loading.moddiscovery.ModFileInfo/LOADING]: Found valid mod file fantasyfurniture-1.19.2-6.7.0.jar with {fantasyfurniture} mods - versions {6.7.0}
[28Dec2025 23:05:20.455] [main/DEBUG] [net.minecraftforge.fml.loading.moddiscovery.ModFile/LOADING]: Loading mod file /home/bryan/Minecraft-Medieval-RPG/mods/fantasyfurniture-1.19.2-6.7.0.jar with languages [LanguageSpec[languageName=javafml, acceptedVersions=[43,)]]
[28Dec2025 23:05:20.455] [main/DEBUG] [net.minecraftforge.fml.loading.moddiscovery.ModFileParser/LOADING]: Considering mod file candidate /home/bryan/Minecraft-Medieval-RPG/mods/Clumps-forge-1.19.2-9.0.0+14.jar
[28Dec2025 23:05:20.455] [main/DEBUG] [net.minecraftforge.fml.loading.moddiscovery.ModFileInfo/LOADING]: Found valid mod file Clumps-forge-1.19.2-9.0.0+14.jar with {clumps} mods - versions {9.0.0+14}
[28Dec2025 23:05:20.455] [main/DEBUG] [net.minecraftforge.fml.loading.moddiscovery.ModFile/LOADING]: Loading mod file /home/bryan/Minecraft-Medieval-RPG/mods/Clumps-forge-1.19.2-9.0.0+14.jar with languages [LanguageSpec[languageName=javafml, acceptedVersions=[41,)]]
[28Dec2025 23:05:20.456] [main/DEBUG] [net.minecraftforge.fml.loading.moddiscovery.ModFileParser/LOADING]: Considering mod file candidate /home/bryan/Minecraft-Medieval-RPG/mods/Structory_1.19.3_v1.3.1a.jar
[28Dec2025 23:05:20.456] [main/DEBUG] [net.minecraftforge.fml.loading.moddiscovery.ModFileInfo/LOADING]: Found valid mod file Structory_1.19.3_v1.3.1a.jar with {structory} mods - versions {1.3.1a}
[28Dec2025 23:05:20.456] [main/DEBUG] [net.minecraftforge.fml.loading.moddiscovery.ModFile/LOADING]: Loading mod file /home/bryan/Minecraft-Medieval-RPG/mods/Structory_1.19.3_v1.3.1a.jar with languages [LanguageSpec[languageName=javafml, acceptedVersions=[40,)]]
[28Dec2025 23:05:20.456] [main/DEBUG] [net.minecraftforge.fml.loading.moddiscovery.ModFileParser/LOADING]: Considering mod file candidate /home/bryan/Minecraft-Medieval-RPG/mods/comforts-forge-6.0.7+1.19.2.jar
[28Dec2025 23:05:20.456] [main/DEBUG] [net.minecraftforge.fml.loading.moddiscovery.ModFileInfo/LOADING]: Found valid mod file comforts-forge-6.0.7+1.19.2.jar with {comforts} mods - versions {6.0.7+1.19.2}
[28Dec2025 23:05:20.456] [main/DEBUG] [net.minecraftforge.fml.loading.moddiscovery.ModFile/LOADING]: Loading mod file /home/bryan/Minecraft-Medieval-RPG/mods/comforts-forge-6.0.7+1.19.2.jar with languages [LanguageSpec[languageName=javafml, acceptedVersions=[41,)]]
[28Dec2025 23:05:20.456] [main/DEBUG] [net.minecraftforge.fml.loading.moddiscovery.ModFileParser/LOADING]: Considering mod file candidate /home/bryan/Minecraft-Medieval-RPG/mods/Decorative Blocks-forge-1.19.2-3.0.0.jar
[28Dec2025 23:05:20.456] [main/DEBUG] [net.minecraftforge.fml.loading.moddiscovery.ModFileInfo/LOADING]: Found valid mod file Decorative Blocks-forge-1.19.2-3.0.0.jar with {decorative_blocks} mods - versions {3.0.0}
[28Dec2025 23:05:20.456] [main/DEBUG] [net.minecraftforge.fml.loading.moddiscovery.ModFile/LOADING]: Loading mod file /home/bryan/Minecraft-Medieval-RPG/mods/Decorative Blocks-forge-1.19.2-3.0.0.jar with languages [LanguageSpec[languageName=javafml, acceptedVersions=[41,)]]
[28Dec2025 23:05:20.456] [main/DEBUG] [net.minecraftforge.fml.loading.moddiscovery.ModFileParser/LOADING]: Considering mod file candidate /home/bryan/Minecraft-Medieval-RPG/mods/enigmaticaddons-1.19.2-1.2.2.jar
[28Dec2025 23:05:20.456] [main/DEBUG] [net.minecraftforge.fml.loading.moddiscovery.ModFileInfo/LOADING]: Found valid mod file enigmaticaddons-1.19.2-1.2.2.jar with {enigmaticaddons} mods - versions {1.19.2-1.2.2}
[28Dec2025 23:05:20.456] [main/DEBUG] [net.minecraftforge.fml.loading.moddiscovery.ModFile/LOADING]: Loading mod file /home/bryan/Minecraft-Medieval-RPG/mods/enigmaticaddons-1.19.2-1.2.2.jar with languages [LanguageSpec[languageName=javafml, acceptedVersions=[43,)]]
[28Dec2025 23:05:20.456] [main/DEBUG] [net.minecraftforge.fml.loading.moddiscovery.ModFileParser/LOADING]: Considering mod file candidate /home/bryan/Minecraft-Medieval-RPG/mods/MyServerIsCompatible-1.19-1.0.jar
[28Dec2025 23:05:20.457] [main/DEBUG] [net.minecraftforge.fml.loading.moddiscovery.ModFileInfo/LOADING]: Found valid mod file MyServerIsCompatible-1.19-1.0.jar with {myserveriscompatible} mods - versions {1.0}
[28Dec2025 23:05:20.457] [main/DEBUG] [net.minecraftforge.fml.loading.moddiscovery.ModFile/LOADING]: Loading mod file /home/bryan/Minecraft-Medieval-RPG/mods/MyServerIsCompatible-1.19-1.0.jar with languages [LanguageSpec[languageName=javafml, acceptedVersions=[41,)]]
[28Dec2025 23:05:20.457] [main/DEBUG] [net.minecraftforge.fml.loading.moddiscovery.ModFileParser/LOADING]: Considering mod file candidate /home/bryan/Minecraft-Medieval-RPG/mods/DungeonCrawl-1.19-2.3.12.jar
[28Dec2025 23:05:20.457] [main/DEBUG] [net.minecraftforge.fml.loading.moddiscovery.ModFileInfo/LOADING]: Found valid mod file DungeonCrawl-1.19-2.3.12.jar with {dungeoncrawl} mods - versions {2.3.12}
[28Dec2025 23:05:20.457] [main/DEBUG] [net.minecraftforge.fml.loading.moddiscovery.ModFile/LOADING]: Loading mod file /home/bryan/Minecraft-Medieval-RPG/mods/DungeonCrawl-1.19-2.3.12.jar with languages [LanguageSpec[languageName=javafml, acceptedVersions=[41,)]]
[28Dec2025 23:05:20.457] [main/DEBUG] [net.minecraftforge.fml.loading.moddiscovery.ModFileParser/LOADING]: Considering mod file candidate /home/bryan/Minecraft-Medieval-RPG/mods/BadMobs-1.19.2-16.1.3.jar
[28Dec2025 23:05:20.457] [main/DEBUG] [net.minecraftforge.fml.loading.moddiscovery.ModFileInfo/LOADING]: Found valid mod file BadMobs-1.19.2-16.1.3.jar with {badmobs} mods - versions {16.1.3}
[28Dec2025 23:05:20.457] [main/DEBUG] [net.minecraftforge.fml.loading.moddiscovery.ModFile/LOADING]: Loading mod file /home/bryan/Minecraft-Medieval-RPG/mods/BadMobs-1.19.2-16.1.3.jar with languages [LanguageSpec[languageName=javafml, acceptedVersions=[43,]]]
[28Dec2025 23:05:20.457] [main/DEBUG] [net.minecraftforge.fml.loading.moddiscovery.ModFileParser/LOADING]: Considering mod file candidate /home/bryan/Minecraft-Medieval-RPG/mods/knightlib-forge-1.19.2-1.2.0.jar
[28Dec2025 23:05:20.457] [main/DEBUG] [net.minecraftforge.fml.loading.moddiscovery.ModFileInfo/LOADING]: Found valid mod file knightlib-forge-1.19.2-1.2.0.jar with {knightlib} mods - versions {1.2.0}
[28Dec2025 23:05:20.457] [main/DEBUG] [net.minecraftforge.fml.loading.moddiscovery.ModFile/LOADING]: Loading mod file /home/bryan/Minecraft-Medieval-RPG/mods/knightlib-forge-1.19.2-1.2.0.jar with languages [LanguageSpec[languageName=javafml, acceptedVersions=[43,)]]
[28Dec2025 23:05:20.457] [main/DEBUG] [net.minecraftforge.fml.loading.moddiscovery.ModFileParser/LOADING]: Considering mod file candidate /home/bryan/Minecraft-Medieval-RPG/mods/lazydfu-1.19-1.0.2.jar
[28Dec2025 23:05:20.459] [main/DEBUG] [net.minecraftforge.fml.loading.moddiscovery.ModFileInfo/LOADING]: Found valid mod file lazydfu-1.19-1.0.2.jar with {lazydfu} mods - versions {0.1.3}
[28Dec2025 23:05:20.459] [main/DEBUG] [net.minecraftforge.fml.loading.moddiscovery.ModFile/LOADING]: Loading mod file /home/bryan/Minecraft-Medieval-RPG/mods/lazydfu-1.19-1.0.2.jar with languages [LanguageSpec[languageName=javafml, acceptedVersions=[33,)]]
[28Dec2025 23:05:20.459] [main/DEBUG] [net.minecraftforge.fml.loading.moddiscovery.ModFileParser/LOADING]: Considering mod file candidate /home/bryan/Minecraft-Medieval-RPG/mods/ExplorersCompass-1.19.2-1.3.0-forge.jar
[28Dec2025 23:05:20.459] [main/DEBUG] [net.minecraftforge.fml.loading.moddiscovery.ModFileInfo/LOADING]: Found valid mod file ExplorersCompass-1.19.2-1.3.0-forge.jar with {explorerscompass} mods - versions {1.19.2-1.3.0-forge}
[28Dec2025 23:05:20.459] [main/DEBUG] [net.minecraftforge.fml.loading.moddiscovery.ModFile/LOADING]: Loading mod file /home/bryan/Minecraft-Medieval-RPG/mods/ExplorersCompass-1.19.2-1.3.0-forge.jar with languages [LanguageSpec[languageName=javafml, acceptedVersions=[43,)]]
[28Dec2025 23:05:20.459] [main/DEBUG] [net.minecraftforge.fml.loading.moddiscovery.ModFileParser/LOADING]: Considering mod file candidate /home/bryan/Minecraft-Medieval-RPG/mods/YungsBetterDesertTemples-1.19.2-Forge-2.2.2.jar
[28Dec2025 23:05:20.459] [main/DEBUG] [net.minecraftforge.fml.loading.moddiscovery.ModFileInfo/LOADING]: Found valid mod file YungsBetterDesertTemples-1.19.2-Forge-2.2.2.jar with {betterdeserttemples} mods - versions {1.19.2-Forge-2.2.2}
[28Dec2025 23:05:20.459] [main/DEBUG] [net.minecraftforge.fml.loading.moddiscovery.ModFile/LOADING]: Loading mod file /home/bryan/Minecraft-Medieval-RPG/mods/YungsBetterDesertTemples-1.19.2-Forge-2.2.2.jar with languages [LanguageSpec[languageName=javafml, acceptedVersions=[43,)]]
[28Dec2025 23:05:20.460] [main/DEBUG] [net.minecraftforge.fml.loading.moddiscovery.ModFileParser/LOADING]: Considering mod file candidate /home/bryan/Minecraft-Medieval-RPG/mods/BOMD-Forge-1.19.2-1.0.6.jar
[28Dec2025 23:05:20.460] [main/DEBUG] [net.minecraftforge.fml.loading.moddiscovery.ModFileInfo/LOADING]: Found valid mod file BOMD-Forge-1.19.2-1.0.6.jar with {bosses_of_mass_destruction} mods - versions {1.0.6}
[28Dec2025 23:05:20.460] [main/DEBUG] [net.minecraftforge.fml.loading.moddiscovery.ModFile/LOADING]: Loading mod file /home/bryan/Minecraft-Medieval-RPG/mods/BOMD-Forge-1.19.2-1.0.6.jar with languages [LanguageSpec[languageName=javafml, acceptedVersions=[43,)]]
[28Dec2025 23:05:20.460] [main/DEBUG] [net.minecraftforge.fml.loading.moddiscovery.ModFileParser/LOADING]: Considering mod file candidate /home/bryan/Minecraft-Medieval-RPG/mods/blueprint-1.19.2-6.2.0.jar
[28Dec2025 23:05:20.460] [main/DEBUG] [net.minecraftforge.fml.loading.moddiscovery.ModFileInfo/LOADING]: Found valid mod file blueprint-1.19.2-6.2.0.jar with {blueprint} mods - versions {6.2.0}
[28Dec2025 23:05:20.460] [main/DEBUG] [net.minecraftforge.fml.loading.moddiscovery.ModFile/LOADING]: Loading mod file /home/bryan/Minecraft-Medieval-RPG/mods/blueprint-1.19.2-6.2.0.jar with languages [LanguageSpec[languageName=javafml, acceptedVersions=[32,)]]
[28Dec2025 23:05:20.460] [main/DEBUG] [net.minecraftforge.fml.loading.moddiscovery.ModFileParser/LOADING]: Considering mod file candidate /home/bryan/Minecraft-Medieval-RPG/mods/azurelib-forge-1.19.2-3.0.8.jar
[28Dec2025 23:05:20.460] [main/DEBUG] [net.minecraftforge.fml.loading.moddiscovery.ModFileInfo/LOADING]: Found valid mod file azurelib-forge-1.19.2-3.0.8.jar with {azurelib} mods - versions {3.0.8}
[28Dec2025 23:05:20.460] [main/DEBUG] [net.minecraftforge.fml.loading.moddiscovery.ModFile/LOADING]: Loading mod file /home/bryan/Minecraft-Medieval-RPG/mods/azurelib-forge-1.19.2-3.0.8.jar with languages [LanguageSpec[languageName=javafml, acceptedVersions=[43,)]]
[28Dec2025 23:05:20.460] [main/DEBUG] [net.minecraftforge.fml.loading.moddiscovery.ModFileParser/LOADING]: Considering mod file candidate /home/bryan/Minecraft-Medieval-RPG/mods/dungeons-and-taverns-2.0.2 forge.jar
[28Dec2025 23:05:20.460] [main/DEBUG] [net.minecraftforge.fml.loading.moddiscovery.ModFileInfo/LOADING]: Found valid mod file dungeons-and-taverns-2.0.2 forge.jar with {dungeons_andtaverns_mr} mods - versions {2.0.2}
[28Dec2025 23:05:20.461] [main/DEBUG] [net.minecraftforge.fml.loading.moddiscovery.ModFile/LOADING]: Loading mod file /home/bryan/Minecraft-Medieval-RPG/mods/dungeons-and-taverns-2.0.2 forge.jar with languages [LanguageSpec[languageName=lowcodefml, acceptedVersions=[40,)]]
[28Dec2025 23:05:20.461] [main/DEBUG] [net.minecraftforge.fml.loading.moddiscovery.ModFileParser/LOADING]: Considering mod file candidate /home/bryan/Minecraft-Medieval-RPG/mods/ftb-chunks-forge-1902.4.7-build.420.jar
[28Dec2025 23:05:20.461] [main/DEBUG] [net.minecraftforge.fml.loading.moddiscovery.ModFileInfo/LOADING]: Found valid mod file ftb-chunks-forge-1902.4.7-build.420.jar with {ftbchunks} mods - versions {1902.4.7-build.420}
[28Dec2025 23:05:20.461] [main/DEBUG] [net.minecraftforge.fml.loading.moddiscovery.ModFile/LOADING]: Loading mod file /home/bryan/Minecraft-Medieval-RPG/mods/ftb-chunks-forge-1902.4.7-build.420.jar with languages [LanguageSpec[languageName=javafml, acceptedVersions=[43,)]]
[28Dec2025 23:05:20.461] [main/DEBUG] [net.minecraftforge.fml.loading.moddiscovery.ModFileParser/LOADING]: Considering mod file candidate /home/bryan/Minecraft-Medieval-RPG/mods/TravelersTitles-1.19.2-Forge-3.1.2.jar
[28Dec2025 23:05:20.461] [main/DEBUG] [net.minecraftforge.fml.loading.moddiscovery.ModFileInfo/LOADING]: Found valid mod file TravelersTitles-1.19.2-Forge-3.1.2.jar with {travelerstitles} mods - versions {1.19.2-Forge-3.1.2}
[28Dec2025 23:05:20.461] [main/DEBUG] [net.minecraftforge.fml.loading.moddiscovery.ModFile/LOADING]: Loading mod file /home/bryan/Minecraft-Medieval-RPG/mods/TravelersTitles-1.19.2-Forge-3.1.2.jar with languages [LanguageSpec[languageName=javafml, acceptedVersions=[43,)]]
[28Dec2025 23:05:20.461] [main/DEBUG] [net.minecraftforge.fml.loading.moddiscovery.ModFileParser/LOADING]: Considering mod file candidate /home/bryan/Minecraft-Medieval-RPG/mods/toofast-1.19-0.2.2.4.jar
[28Dec2025 23:05:20.461] [main/DEBUG] [net.minecraftforge.fml.loading.moddiscovery.ModFileInfo/LOADING]: Found valid mod file toofast-1.19-0.2.2.4.jar with {toofast} mods - versions {0.2.2.4}
[28Dec2025 23:05:20.462] [main/DEBUG] [net.minecraftforge.fml.loading.moddiscovery.ModFile/LOADING]: Loading mod file /home/bryan/Minecraft-Medieval-RPG/mods/toofast-1.19-0.2.2.4.jar with languages [LanguageSpec[languageName=javafml, acceptedVersions=[38,)]]
[28Dec2025 23:05:20.462] [main/DEBUG] [net.minecraftforge.fml.loading.moddiscovery.ModFileParser/LOADING]: Considering mod file candidate /home/bryan/Minecraft-Medieval-RPG/mods/Raided-1.19.2-0.1.4.jar
[28Dec2025 23:05:20.462] [main/DEBUG] [net.minecraftforge.fml.loading.moddiscovery.ModFileInfo/LOADING]: Found valid mod file Raided-1.19.2-0.1.4.jar with {raided} mods - versions {0.1.4}
[28Dec2025 23:05:20.462] [main/DEBUG] [net.minecraftforge.fml.loading.moddiscovery.ModFile/LOADING]: Loading mod file /home/bryan/Minecraft-Medieval-RPG/mods/Raided-1.19.2-0.1.4.jar with languages [LanguageSpec[languageName=javafml, acceptedVersions=[41,)]]
[28Dec2025 23:05:20.462] [main/DEBUG] [net.minecraftforge.fml.loading.moddiscovery.ModFileParser/LOADING]: Considering mod file candidate /home/bryan/Minecraft-Medieval-RPG/mods/meetyourfight-1.19.2-1.3.4.jar
[28Dec2025 23:05:20.462] [main/DEBUG] [net.minecraftforge.fml.loading.moddiscovery.ModFileInfo/LOADING]: Found valid mod file meetyourfight-1.19.2-1.3.4.jar with {meetyourfight} mods - versions {1.19.2-1.3.4}
[28Dec2025 23:05:20.462] [main/DEBUG] [net.minecraftforge.fml.loading.moddiscovery.ModFile/LOADING]: Loading mod file /home/bryan/Minecraft-Medieval-RPG/mods/meetyourfight-1.19.2-1.3.4.jar with languages [LanguageSpec[languageName=javafml, acceptedVersions=[42,)]]
[28Dec2025 23:05:20.462] [main/DEBUG] [net.minecraftforge.fml.loading.moddiscovery.ModFileParser/LOADING]: Considering mod file candidate /home/bryan/Minecraft-Medieval-RPG/mods/EnchantmentDescriptions-Forge-1.19.2-13.0.14.jar
[28Dec2025 23:05:20.463] [main/DEBUG] [net.minecraftforge.fml.loading.moddiscovery.ModFileInfo/LOADING]: Found valid mod file EnchantmentDescriptions-Forge-1.19.2-13.0.14.jar with {enchdesc} mods - versions {13.0.14}
[28Dec2025 23:05:20.463] [main/DEBUG] [net.minecraftforge.fml.loading.moddiscovery.ModFile/LOADING]: Loading mod file /home/bryan/Minecraft-Medieval-RPG/mods/EnchantmentDescriptions-Forge-1.19.2-13.0.14.jar with languages [LanguageSpec[languageName=javafml, acceptedVersions=[43,)]]
[28Dec2025 23:05:20.463] [main/DEBUG] [net.minecraftforge.fml.loading.moddiscovery.ModFileParser/LOADING]: Considering mod file candidate /home/bryan/Minecraft-Medieval-RPG/mods/simplyswords-forge-1.47.0-1.19.2.jar
[28Dec2025 23:05:20.463] [main/DEBUG] [net.minecraftforge.fml.loading.moddiscovery.ModFileInfo/LOADING]: Found valid mod file simplyswords-forge-1.47.0-1.19.2.jar with {simplyswords} mods - versions {1.47.0-1.19.2}
[28Dec2025 23:05:20.463] [main/DEBUG] [net.minecraftforge.fml.loading.moddiscovery.ModFile/LOADING]: Loading mod file /home/bryan/Minecraft-Medieval-RPG/mods/simplyswords-forge-1.47.0-1.19.2.jar with languages [LanguageSpec[languageName=javafml, acceptedVersions=[41,)]]
[28Dec2025 23:05:20.463] [main/DEBUG] [net.minecraftforge.fml.loading.moddiscovery.ModFileParser/LOADING]: Considering mod file candidate /home/bryan/Minecraft-Medieval-RPG/mods/moonlight-1.19.2-2.3.7-forge.jar
[28Dec2025 23:05:20.463] [main/DEBUG] [net.minecraftforge.fml.loading.moddiscovery.ModFileInfo/LOADING]: Found valid mod file moonlight-1.19.2-2.3.7-forge.jar with {moonlight} mods - versions {1.19.2-2.3.7}
[28Dec2025 23:05:20.463] [main/DEBUG] [net.minecraftforge.fml.loading.moddiscovery.ModFile/LOADING]: Loading mod file /home/bryan/Minecraft-Medieval-RPG/mods/moonlight-1.19.2-2.3.7-forge.jar with languages [LanguageSpec[languageName=javafml, acceptedVersions=[40,)]]
[28Dec2025 23:05:20.463] [main/DEBUG] [net.minecraftforge.fml.loading.moddiscovery.ModFileParser/LOADING]: Considering mod file candidate /home/bryan/Minecraft-Medieval-RPG/mods/eccentrictome-1.19.2-1.10.2.jar
[28Dec2025 23:05:20.463] [main/DEBUG] [net.minecraftforge.fml.loading.moddiscovery.ModFileInfo/LOADING]: Found valid mod file eccentrictome-1.19.2-1.10.2.jar with {eccentrictome} mods - versions {1.19.2-1.10.2}
[28Dec2025 23:05:20.463] [main/DEBUG] [net.minecraftforge.fml.loading.moddiscovery.ModFile/LOADING]: Loading mod file /home/bryan/Minecraft-Medieval-RPG/mods/eccentrictome-1.19.2-1.10.2.jar with languages [LanguageSpec[languageName=javafml, acceptedVersions=[43,)]]
[28Dec2025 23:05:20.464] [main/DEBUG] [net.minecraftforge.fml.loading.moddiscovery.ModFileParser/LOADING]: Considering mod file candidate /home/bryan/Minecraft-Medieval-RPG/mods/ItemStages-Forge-1.19.2-5.1.4.jar
[28Dec2025 23:05:20.464] [main/DEBUG] [net.minecraftforge.fml.loading.moddiscovery.ModFileInfo/LOADING]: Found valid mod file ItemStages-Forge-1.19.2-5.1.4.jar with {itemstages} mods - versions {5.1.4}
[28Dec2025 23:05:20.464] [main/DEBUG] [net.minecraftforge.fml.loading.moddiscovery.ModFile/LOADING]: Loading mod file /home/bryan/Minecraft-Medieval-RPG/mods/ItemStages-Forge-1.19.2-5.1.4.jar with languages [LanguageSpec[languageName=javafml, acceptedVersions=[43,]]]
[28Dec2025 23:05:20.464] [main/DEBUG] [net.minecraftforge.fml.loading.moddiscovery.ModFileParser/LOADING]: Considering mod file candidate /home/bryan/Minecraft-Medieval-RPG/mods/Jade-1.19.1-forge-8.9.2.jar
[28Dec2025 23:05:20.464] [main/DEBUG] [net.minecraftforge.fml.loading.moddiscovery.ModFileInfo/LOADING]: Found valid mod file Jade-1.19.1-forge-8.9.2.jar with {jade} mods - versions {8.9.2}
[28Dec2025 23:05:20.464] [main/DEBUG] [net.minecraftforge.fml.loading.moddiscovery.ModFile/LOADING]: Loading mod file /home/bryan/Minecraft-Medieval-RPG/mods/Jade-1.19.1-forge-8.9.2.jar with languages [LanguageSpec[languageName=javafml, acceptedVersions=[42,)]]
[28Dec2025 23:05:20.464] [main/DEBUG] [net.minecraftforge.fml.loading.moddiscovery.ModFileParser/LOADING]: Considering mod file candidate /home/bryan/Minecraft-Medieval-RPG/mods/cisco_mod_9.2.jar
[28Dec2025 23:05:20.464] [main/DEBUG] [net.minecraftforge.fml.loading.moddiscovery.ModFileInfo/LOADING]: Found valid mod file cisco_mod_9.2.jar with {cisco_mod} mods - versions {5.4}
[28Dec2025 23:05:20.464] [main/DEBUG] [net.minecraftforge.fml.loading.moddiscovery.ModFile/LOADING]: Loading mod file /home/bryan/Minecraft-Medieval-RPG/mods/cisco_mod_9.2.jar with languages [LanguageSpec[languageName=javafml, acceptedVersions=[43,)]]
[28Dec2025 23:05:20.464] [main/DEBUG] [net.minecraftforge.fml.loading.moddiscovery.ModFileParser/LOADING]: Considering mod file candidate /home/bryan/Minecraft-Medieval-RPG/mods/CullLessLeaves-Reforged-1.0.5.jar
[28Dec2025 23:05:20.465] [main/DEBUG] [net.minecraftforge.fml.loading.moddiscovery.ModFileInfo/LOADING]: Found valid mod file CullLessLeaves-Reforged-1.0.5.jar with {culllessleaves} mods - versions {1.0.5}
[28Dec2025 23:05:20.465] [main/DEBUG] [net.minecraftforge.fml.loading.moddiscovery.ModFile/LOADING]: Loading mod file /home/bryan/Minecraft-Medieval-RPG/mods/CullLessLeaves-Reforged-1.0.5.jar with languages [LanguageSpec[languageName=javafml, acceptedVersions=[43,)]]
[28Dec2025 23:05:20.465] [main/DEBUG] [net.minecraftforge.fml.loading.moddiscovery.ModFileParser/LOADING]: Considering mod file candidate /home/bryan/Minecraft-Medieval-RPG/mods/HopoBetterRuinedPortals-[1.19-1.19.3]-1.3.3b.jar
[28Dec2025 23:05:20.465] [main/DEBUG] [net.minecraftforge.fml.loading.moddiscovery.ModFileInfo/LOADING]: Found valid mod file HopoBetterRuinedPortals-[1.19-1.19.3]-1.3.3b.jar with {hoporp} mods - versions {1.3.3}
[28Dec2025 23:05:20.465] [main/DEBUG] [net.minecraftforge.fml.loading.moddiscovery.ModFile/LOADING]: Loading mod file /home/bryan/Minecraft-Medieval-RPG/mods/HopoBetterRuinedPortals-[1.19-1.19.3]-1.3.3b.jar with languages [LanguageSpec[languageName=javafml, acceptedVersions=[38,)]]
[28Dec2025 23:05:20.465] [main/DEBUG] [net.minecraftforge.fml.loading.moddiscovery.ModFileParser/LOADING]: Considering mod file candidate /home/bryan/Minecraft-Medieval-RPG/mods/forbidden_arcanus-1.19.2-2.1.5.jar
[28Dec2025 23:05:20.465] [main/DEBUG] [net.minecraftforge.fml.loading.moddiscovery.ModFileInfo/LOADING]: Found valid mod file forbidden_arcanus-1.19.2-2.1.5.jar with {forbidden_arcanus} mods - versions {1.19.2-2.1.5}
[28Dec2025 23:05:20.465] [main/DEBUG] [net.minecraftforge.fml.loading.moddiscovery.ModFile/LOADING]: Loading mod file /home/bryan/Minecraft-Medieval-RPG/mods/forbidden_arcanus-1.19.2-2.1.5.jar with languages [LanguageSpec[languageName=javafml, acceptedVersions=[43,)]]
[28Dec2025 23:05:20.466] [main/DEBUG] [net.minecraftforge.fml.loading.moddiscovery.ModFileParser/LOADING]: Considering mod file candidate /home/bryan/Minecraft-Medieval-RPG/mods/NethersDelight-1.19-3.1.jar
[28Dec2025 23:05:20.466] [main/DEBUG] [net.minecraftforge.fml.loading.moddiscovery.ModFileInfo/LOADING]: Found valid mod file NethersDelight-1.19-3.1.jar with {nethersdelight} mods - versions {1.19-3.1}
[28Dec2025 23:05:20.466] [main/DEBUG] [net.minecraftforge.fml.loading.moddiscovery.ModFile/LOADING]: Loading mod file /home/bryan/Minecraft-Medieval-RPG/mods/NethersDelight-1.19-3.1.jar with languages [LanguageSpec[languageName=javafml, acceptedVersions=[41,)]]
[28Dec2025 23:05:20.466] [main/DEBUG] [net.minecraftforge.fml.loading.moddiscovery.ModFileParser/LOADING]: Considering mod file candidate /home/bryan/Minecraft-Medieval-RPG/mods/smoothboot(reloaded)-mc1.19.2-0.0.4.jar
[28Dec2025 23:05:20.466] [main/DEBUG] [net.minecraftforge.fml.loading.moddiscovery.ModFileInfo/LOADING]: Found valid mod file smoothboot(reloaded)-mc1.19.2-0.0.4.jar with {smoothboot} mods - versions {0.0.4}
[28Dec2025 23:05:20.466] [main/DEBUG] [net.minecraftforge.fml.loading.moddiscovery.ModFile/LOADING]: Loading mod file /home/bryan/Minecraft-Medieval-RPG/mods/smoothboot(reloaded)-mc1.19.2-0.0.4.jar with languages [LanguageSpec[languageName=javafml, acceptedVersions=[43,)]]
[28Dec2025 23:05:20.466] [main/DEBUG] [net.minecraftforge.fml.loading.moddiscovery.ModFileParser/LOADING]: Considering mod file candidate /home/bryan/Minecraft-Medieval-RPG/mods/PassiveSkillTree-1.19.2-BETA-0.6.14b-all.jar
[28Dec2025 23:05:20.467] [main/DEBUG] [net.minecraftforge.fml.loading.moddiscovery.ModFileInfo/LOADING]: Found valid mod file PassiveSkillTree-1.19.2-BETA-0.6.14b-all.jar with {skilltree} mods - versions {0.6.14b}
[28Dec2025 23:05:20.467] [main/DEBUG] [net.minecraftforge.fml.loading.moddiscovery.ModFile/LOADING]: Loading mod file /home/bryan/Minecraft-Medieval-RPG/mods/PassiveSkillTree-1.19.2-BETA-0.6.14b-all.jar with languages [LanguageSpec[languageName=javafml, acceptedVersions=[43,)]]
[28Dec2025 23:05:20.468] [main/DEBUG] [net.minecraftforge.fml.loading.moddiscovery.ModFileParser/LOADING]: Considering mod file candidate /home/bryan/Minecraft-Medieval-RPG/mods/atmospheric-1.19.2-5.1.2.jar
[28Dec2025 23:05:20.468] [main/DEBUG] [net.minecraftforge.fml.loading.moddiscovery.ModFileInfo/LOADING]: Found valid mod file atmospheric-1.19.2-5.1.2.jar with {atmospheric} mods - versions {5.1.2}
[28Dec2025 23:05:20.468] [main/DEBUG] [net.minecraftforge.fml.loading.moddiscovery.ModFile/LOADING]: Loading mod file /home/bryan/Minecraft-Medieval-RPG/mods/atmospheric-1.19.2-5.1.2.jar with languages [LanguageSpec[languageName=javafml, acceptedVersions=[32,)]]
[28Dec2025 23:05:20.468] [main/DEBUG] [net.minecraftforge.fml.loading.moddiscovery.ModFileParser/LOADING]: Considering mod file candidate /home/bryan/Minecraft-Medieval-RPG/mods/easy-villagers-forge-1.19.2-1.1.23.jar
[28Dec2025 23:05:20.468] [main/DEBUG] [net.minecraftforge.fml.loading.moddiscovery.ModFileInfo/LOADING]: Found valid mod file easy-villagers-forge-1.19.2-1.1.23.jar with {easy_villagers} mods - versions {1.19.2-1.1.23}
[28Dec2025 23:05:20.468] [main/DEBUG] [net.minecraftforge.fml.loading.moddiscovery.ModFile/LOADING]: Loading mod file /home/bryan/Minecraft-Medieval-RPG/mods/easy-villagers-forge-1.19.2-1.1.23.jar with languages [LanguageSpec[languageName=javafml, acceptedVersions=*]]
[28Dec2025 23:05:20.468] [main/DEBUG] [net.minecraftforge.fml.loading.moddiscovery.ModFileParser/LOADING]: Considering mod file candidate /home/bryan/Minecraft-Medieval-RPG/mods/Iceberg-1.19.2-forge-1.1.4.jar
[28Dec2025 23:05:20.468] [main/DEBUG] [net.minecraftforge.fml.loading.moddiscovery.ModFileInfo/LOADING]: Found valid mod file Iceberg-1.19.2-forge-1.1.4.jar with {iceberg} mods - versions {1.1.4}
[28Dec2025 23:05:20.468] [main/DEBUG] [net.minecraftforge.fml.loading.moddiscovery.ModFile/LOADING]: Loading mod file /home/bryan/Minecraft-Medieval-RPG/mods/Iceberg-1.19.2-forge-1.1.4.jar with languages [LanguageSpec[languageName=javafml, acceptedVersions=[41,)]]
[28Dec2025 23:05:20.468] [main/DEBUG] [net.minecraftforge.fml.loading.moddiscovery.ModFileParser/LOADING]: Considering mod file candidate /home/bryan/Minecraft-Medieval-RPG/mods/brutalbosses-1.19.2-6.8.jar
[28Dec2025 23:05:20.468] [main/DEBUG] [net.minecraftforge.fml.loading.moddiscovery.ModFileInfo/LOADING]: Found valid mod file brutalbosses-1.19.2-6.8.jar with {brutalbosses} mods - versions {1.19.2-6.8}
[28Dec2025 23:05:20.468] [main/DEBUG] [net.minecraftforge.fml.loading.moddiscovery.ModFile/LOADING]: Loading mod file /home/bryan/Minecraft-Medieval-RPG/mods/brutalbosses-1.19.2-6.8.jar with languages [LanguageSpec[languageName=javafml, acceptedVersions=[36,)]]
[28Dec2025 23:05:20.468] [main/DEBUG] [net.minecraftforge.fml.loading.moddiscovery.ModFileParser/LOADING]: Considering mod file candidate /home/bryan/Minecraft-Medieval-RPG/mods/Quark-3.4-418.jar
[28Dec2025 23:05:20.469] [main/DEBUG] [net.minecraftforge.fml.loading.moddiscovery.ModFileInfo/LOADING]: Found valid mod file Quark-3.4-418.jar with {quark} mods - versions {3.4-418}
[28Dec2025 23:05:20.469] [main/DEBUG] [net.minecraftforge.fml.loading.moddiscovery.ModFile/LOADING]: Loading mod file /home/bryan/Minecraft-Medieval-RPG/mods/Quark-3.4-418.jar with languages [LanguageSpec[languageName=javafml, acceptedVersions=[41,)]]
[28Dec2025 23:05:20.469] [main/DEBUG] [net.minecraftforge.fml.loading.moddiscovery.ModFileParser/LOADING]: Considering mod file candidate /home/bryan/Minecraft-Medieval-RPG/mods/ars_elemental-1.19.2-0.5.9.4.1.jar
[28Dec2025 23:05:20.469] [main/DEBUG] [net.minecraftforge.fml.loading.moddiscovery.ModFileInfo/LOADING]: Found valid mod file ars_elemental-1.19.2-0.5.9.4.1.jar with {ars_elemental} mods - versions {1.19.2-0.5.9.4.1}
[28Dec2025 23:05:20.469] [main/DEBUG] [net.minecraftforge.fml.loading.moddiscovery.ModFile/LOADING]: Loading mod file /home/bryan/Minecraft-Medieval-RPG/mods/ars_elemental-1.19.2-0.5.9.4.1.jar with languages [LanguageSpec[languageName=javafml, acceptedVersions=[41,)]]
[28Dec2025 23:05:20.469] [main/DEBUG] [net.minecraftforge.fml.loading.moddiscovery.ModFileParser/LOADING]: Considering mod file candidate /home/bryan/Minecraft-Medieval-RPG/mods/StorageDrawers-1.19.2-11.4.1.jar
[28Dec2025 23:05:20.469] [main/DEBUG] [net.minecraftforge.fml.loading.moddiscovery.ModFileInfo/LOADING]: Found valid mod file StorageDrawers-1.19.2-11.4.1.jar with {storagedrawers} mods - versions {11.4.1}
[28Dec2025 23:05:20.469] [main/DEBUG] [net.minecraftforge.fml.loading.moddiscovery.ModFile/LOADING]: Loading mod file /home/bryan/Minecraft-Medieval-RPG/mods/StorageDrawers-1.19.2-11.4.1.jar with languages [LanguageSpec[languageName=javafml, acceptedVersions=[43,)]]
[28Dec2025 23:05:20.469] [main/DEBUG] [net.minecraftforge.fml.loading.moddiscovery.ModFileParser/LOADING]: Considering mod file candidate /home/bryan/Minecraft-Medieval-RPG/mods/immersive_paintings-0.6.7+1.19.2-forge.jar
[28Dec2025 23:05:20.469] [main/DEBUG] [net.minecraftforge.fml.loading.moddiscovery.ModFileInfo/LOADING]: Found valid mod file immersive_paintings-0.6.7+1.19.2-forge.jar with {immersive_paintings} mods - versions {0.6.7+1.19.2}
[28Dec2025 23:05:20.469] [main/DEBUG] [net.minecraftforge.fml.loading.moddiscovery.ModFile/LOADING]: Loading mod file /home/bryan/Minecraft-Medieval-RPG/mods/immersive_paintings-0.6.7+1.19.2-forge.jar with languages [LanguageSpec[languageName=javafml, acceptedVersions=[43,)]]
[28Dec2025 23:05:20.469] [main/DEBUG] [net.minecraftforge.fml.loading.moddiscovery.ModFileParser/LOADING]: Considering mod file candidate /home/bryan/Minecraft-Medieval-RPG/mods/irons_spellbooks-1.19.2-3.4.0.jar
[28Dec2025 23:05:20.470] [main/DEBUG] [net.minecraftforge.fml.loading.moddiscovery.ModFileInfo/LOADING]: Found valid mod file irons_spellbooks-1.19.2-3.4.0.jar with {irons_spellbooks} mods - versions {1.19.2-3.4.0}
[28Dec2025 23:05:20.470] [main/DEBUG] [net.minecraftforge.fml.loading.moddiscovery.ModFile/LOADING]: Loading mod file /home/bryan/Minecraft-Medieval-RPG/mods/irons_spellbooks-1.19.2-3.4.0.jar with languages [LanguageSpec[languageName=javafml, acceptedVersions=[43,)]]
[28Dec2025 23:05:20.470] [main/DEBUG] [net.minecraftforge.fml.loading.moddiscovery.ModFileParser/LOADING]: Considering mod file candidate /home/bryan/Minecraft-Medieval-RPG/mods/doespotatotick-1.19.2-4.0.2.jar
[28Dec2025 23:05:20.470] [main/DEBUG] [net.minecraftforge.fml.loading.moddiscovery.ModFileInfo/LOADING]: Found valid mod file doespotatotick-1.19.2-4.0.2.jar with {doespotatotick} mods - versions {1.19.2-4.0.2}
[28Dec2025 23:05:20.470] [main/DEBUG] [net.minecraftforge.fml.loading.moddiscovery.ModFile/LOADING]: Loading mod file /home/bryan/Minecraft-Medieval-RPG/mods/doespotatotick-1.19.2-4.0.2.jar with languages [LanguageSpec[languageName=javafml, acceptedVersions=[36,)]]
[28Dec2025 23:05:20.470] [main/DEBUG] [net.minecraftforge.fml.loading.moddiscovery.ModFileParser/LOADING]: Considering mod file candidate /home/bryan/Minecraft-Medieval-RPG/mods/EndlessBiomes 1.4s - 1.19.2 (Server-friendly).jar
[28Dec2025 23:05:20.470] [main/DEBUG] [net.minecraftforge.fml.loading.moddiscovery.ModFileInfo/LOADING]: Found valid mod file EndlessBiomes 1.4s - 1.19.2 (Server-friendly).jar with {endlessbiomes} mods - versions {1.0.0}
[28Dec2025 23:05:20.470] [main/DEBUG] [net.minecraftforge.fml.loading.moddiscovery.ModFile/LOADING]: Loading mod file /home/bryan/Minecraft-Medieval-RPG/mods/EndlessBiomes 1.4s - 1.19.2 (Server-friendly).jar with languages [LanguageSpec[languageName=javafml, acceptedVersions=[43,)]]
[28Dec2025 23:05:20.470] [main/DEBUG] [net.minecraftforge.fml.loading.moddiscovery.ModFileParser/LOADING]: Considering mod file candidate /home/bryan/Minecraft-Medieval-RPG/mods/upgradedcore-1.19.2-4.1.0.1-release.jar
[28Dec2025 23:05:20.470] [main/DEBUG] [net.minecraftforge.fml.loading.moddiscovery.ModFileInfo/LOADING]: Found valid mod file upgradedcore-1.19.2-4.1.0.1-release.jar with {upgradedcore} mods - versions {1.19.2-4.1.0.1-release}
[28Dec2025 23:05:20.470] [main/DEBUG] [net.minecraftforge.fml.loading.moddiscovery.ModFile/LOADING]: Loading mod file /home/bryan/Minecraft-Medieval-RPG/mods/upgradedcore-1.19.2-4.1.0.1-release.jar with languages [LanguageSpec[languageName=javafml, acceptedVersions=[43,)]]
[28Dec2025 23:05:20.470] [main/DEBUG] [net.minecraftforge.fml.loading.moddiscovery.ModFileParser/LOADING]: Considering mod file candidate /home/bryan/Minecraft-Medieval-RPG/mods/minecolonies-1.19.2-1.1.516-BETA.jar
[28Dec2025 23:05:20.470] [main/DEBUG] [net.minecraftforge.fml.loading.moddiscovery.ModFileInfo/LOADING]: Found valid mod file minecolonies-1.19.2-1.1.516-BETA.jar with {minecolonies} mods - versions {1.19.2-1.1.516-BETA}
[28Dec2025 23:05:20.470] [main/DEBUG] [net.minecraftforge.fml.loading.moddiscovery.ModFile/LOADING]: Loading mod file /home/bryan/Minecraft-Medieval-RPG/mods/minecolonies-1.19.2-1.1.516-BETA.jar with languages [LanguageSpec[languageName=javafml, acceptedVersions=[38,)]]
[28Dec2025 23:05:20.470] [main/DEBUG] [net.minecraftforge.fml.loading.moddiscovery.ModFileParser/LOADING]: Considering mod file candidate /home/bryan/Minecraft-Medieval-RPG/mods/Wabi-Sabi-Structures-1.2.0-1.19-Forge.jar
[28Dec2025 23:05:20.471] [main/DEBUG] [net.minecraftforge.fml.loading.moddiscovery.ModFileInfo/LOADING]: Found valid mod file Wabi-Sabi-Structures-1.2.0-1.19-Forge.jar with {wabi_sabi_structures} mods - versions {1.2.0-1.19}
[28Dec2025 23:05:20.471] [main/DEBUG] [net.minecraftforge.fml.loading.moddiscovery.ModFile/LOADING]: Loading mod file /home/bryan/Minecraft-Medieval-RPG/mods/Wabi-Sabi-Structures-1.2.0-1.19-Forge.jar with languages [LanguageSpec[languageName=javafml, acceptedVersions=[41,)]]
[28Dec2025 23:05:20.471] [main/DEBUG] [net.minecraftforge.fml.loading.moddiscovery.ModFileParser/LOADING]: Considering mod file candidate /home/bryan/Minecraft-Medieval-RPG/mods/alexsdelight-1.4.1.jar
[28Dec2025 23:05:20.471] [main/DEBUG] [net.minecraftforge.fml.loading.moddiscovery.ModFileInfo/LOADING]: Found valid mod file alexsdelight-1.4.1.jar with {alexsdelight} mods - versions {1.4.1}
[28Dec2025 23:05:20.471] [main/DEBUG] [net.minecraftforge.fml.loading.moddiscovery.ModFile/LOADING]: Loading mod file /home/bryan/Minecraft-Medieval-RPG/mods/alexsdelight-1.4.1.jar with languages [LanguageSpec[languageName=javafml, acceptedVersions=[43,)]]
[28Dec2025 23:05:20.471] [main/DEBUG] [net.minecraftforge.fml.loading.moddiscovery.ModFileParser/LOADING]: Considering mod file candidate /home/bryan/Minecraft-Medieval-RPG/mods/ferritecore-5.0.3-forge.jar
[28Dec2025 23:05:20.471] [main/DEBUG] [net.minecraftforge.fml.loading.moddiscovery.ModFileInfo/LOADING]: Found valid mod file ferritecore-5.0.3-forge.jar with {ferritecore} mods - versions {5.0.3}
[28Dec2025 23:05:20.471] [main/DEBUG] [net.minecraftforge.fml.loading.moddiscovery.ModFile/LOADING]: Loading mod file /home/bryan/Minecraft-Medieval-RPG/mods/ferritecore-5.0.3-forge.jar with languages [LanguageSpec[languageName=javafml, acceptedVersions=[28,)]]
[28Dec2025 23:05:20.471] [main/DEBUG] [net.minecraftforge.fml.loading.moddiscovery.ModFileParser/LOADING]: Considering mod file candidate 
[28Dec2025 23:05:20.471] [main/DEBUG] [net.minecraftforge.fml.loading.moddiscovery.ModFileInfo/LOADING]: Found valid mod file apexcore-1.19.2-7.3.1.jar with {apexcore} mods - versions {7.3.1}
[28Dec2025 23:05:20.471] [main/DEBUG] [net.minecraftforge.fml.loading.moddiscovery.ModFile/LOADING]: Loading mod file  with languages [LanguageSpec[languageName=javafml, acceptedVersions=[43,)]]
[28Dec2025 23:05:20.471] [main/DEBUG] [net.minecraftforge.fml.loading.moddiscovery.ModFileParser/LOADING]: Considering mod file candidate /home/bryan/Minecraft-Medieval-RPG/mods/majruszs-enchantments-forge-1.19.2-1.10.7-backport.1.jar
[28Dec2025 23:05:20.472] [main/DEBUG] [net.minecraftforge.fml.loading.moddiscovery.ModFileInfo/LOADING]: Found valid mod file majruszs-enchantments-forge-1.19.2-1.10.7-backport.1.jar with {majruszsenchantments} mods - versions {1.10.7-backport.1}
[28Dec2025 23:05:20.472] [main/DEBUG] [net.minecraftforge.fml.loading.moddiscovery.ModFile/LOADING]: Loading mod file /home/bryan/Minecraft-Medieval-RPG/mods/majruszs-enchantments-forge-1.19.2-1.10.7-backport.1.jar with languages [LanguageSpec[languageName=javafml, acceptedVersions=[43,)]]
[28Dec2025 23:05:20.472] [main/DEBUG] [net.minecraftforge.fml.loading.moddiscovery.ModFileParser/LOADING]: Considering mod file candidate /home/bryan/Minecraft-Medieval-RPG/mods/BadOptimizations-2.1.4-1.19.1-19.2.jar
[28Dec2025 23:05:20.473] [main/DEBUG] [net.minecraftforge.fml.loading.moddiscovery.ModFileInfo/LOADING]: Found valid mod file BadOptimizations-2.1.4-1.19.1-19.2.jar with {badoptimizations} mods - versions {2.1.4}
[28Dec2025 23:05:20.473] [main/DEBUG] [net.minecraftforge.fml.loading.moddiscovery.ModFile/LOADING]: Loading mod file /home/bryan/Minecraft-Medieval-RPG/mods/BadOptimizations-2.1.4-1.19.1-19.2.jar with languages [LanguageSpec[languageName=lowcodefml, acceptedVersions=[38,)]]
[28Dec2025 23:05:20.473] [main/DEBUG] [net.minecraftforge.fml.loading.moddiscovery.ModFileParser/LOADING]: Considering mod file candidate /home/bryan/Minecraft-Medieval-RPG/mods/packetfixer-3.1.4-1.18-1.20.4-merged.jar
[28Dec2025 23:05:20.473] [main/DEBUG] [net.minecraftforge.fml.loading.moddiscovery.ModFileInfo/LOADING]: Found valid mod file packetfixer-3.1.4-1.18-1.20.4-merged.jar with {packetfixer} mods - versions {3.1.4}
[28Dec2025 23:05:20.473] [main/DEBUG] [net.minecraftforge.fml.loading.moddiscovery.ModFile/LOADING]: Loading mod file /home/bryan/Minecraft-Medieval-RPG/mods/packetfixer-3.1.4-1.18-1.20.4-merged.jar with languages [LanguageSpec[languageName=javafml, acceptedVersions=[0,)]]
[28Dec2025 23:05:20.473] [main/DEBUG] [net.minecraftforge.fml.loading.moddiscovery.ModFileParser/LOADING]: Considering mod file candidate /home/bryan/Minecraft-Medieval-RPG/mods/valhelsia_core-forge-1.19.2-0.5.0.jar
[28Dec2025 23:05:20.474] [main/DEBUG] [net.minecraftforge.fml.loading.moddiscovery.ModFileInfo/LOADING]: Found valid mod file valhelsia_core-forge-1.19.2-0.5.0.jar with {valhelsia_core} mods - versions {1.19.2-0.5.0}
[28Dec2025 23:05:20.474] [main/DEBUG] [net.minecraftforge.fml.loading.moddiscovery.ModFile/LOADING]: Loading mod file /home/bryan/Minecraft-Medieval-RPG/mods/valhelsia_core-forge-1.19.2-0.5.0.jar with languages [LanguageSpec[languageName=javafml, acceptedVersions=[43,)]]
[28Dec2025 23:05:20.474] [main/DEBUG] [net.minecraftforge.fml.loading.moddiscovery.ModFileParser/LOADING]: Considering mod file candidate /home/bryan/Minecraft-Medieval-RPG/mods/OverflowingBars-v4.0.1-1.19.2-Forge.jar
[28Dec2025 23:05:20.474] [main/DEBUG] [net.minecraftforge.fml.loading.moddiscovery.ModFileInfo/LOADING]: Found valid mod file OverflowingBars-v4.0.1-1.19.2-Forge.jar with {overflowingbars} mods - versions {4.0.1}
[28Dec2025 23:05:20.474] [main/DEBUG] [net.minecraftforge.fml.loading.moddiscovery.ModFile/LOADING]: Loading mod file /home/bryan/Minecraft-Medieval-RPG/mods/OverflowingBars-v4.0.1-1.19.2-Forge.jar with languages [LanguageSpec[languageName=javafml, acceptedVersions=[43,)]]
[28Dec2025 23:05:20.474] [main/DEBUG] [net.minecraftforge.fml.loading.moddiscovery.ModFileParser/LOADING]: Considering mod file candidate /home/bryan/Minecraft-Medieval-RPG/mods/UndeadUnleashed-1.1.1-1.19.2.jar
[28Dec2025 23:05:20.474] [main/DEBUG] [net.minecraftforge.fml.loading.moddiscovery.ModFileInfo/LOADING]: Found valid mod file UndeadUnleashed-1.1.1-1.19.2.jar with {undead_unleashed} mods - versions {1.1.0}
[28Dec2025 23:05:20.474] [main/DEBUG] [net.minecraftforge.fml.loading.moddiscovery.ModFile/LOADING]: Loading mod file /home/bryan/Minecraft-Medieval-RPG/mods/UndeadUnleashed-1.1.1-1.19.2.jar with languages [LanguageSpec[languageName=javafml, acceptedVersions=[43,)]]
[28Dec2025 23:05:20.474] [main/DEBUG] [net.minecraftforge.fml.loading.moddiscovery.ModFile/LOADING]: Loading mod file  with languages []
[28Dec2025 23:05:20.474] [main/DEBUG] [net.minecraftforge.fml.loading.moddiscovery.ModFile/LOADING]: Loading mod file  with languages []
[28Dec2025 23:05:20.474] [main/DEBUG] [net.minecraftforge.fml.loading.moddiscovery.ModFile/LOADING]: Loading mod file  with languages []
[28Dec2025 23:05:20.474] [main/DEBUG] [net.minecraftforge.fml.loading.moddiscovery.ModFileParser/LOADING]: Considering mod file candidate 
[28Dec2025 23:05:20.474] [main/DEBUG] [net.minecraftforge.fml.loading.moddiscovery.ModFileInfo/LOADING]: Found valid mod file mixinextras-forge-0.3.6.jar with {mixinextras} mods - versions {0.3.6}
[28Dec2025 23:05:20.474] [main/DEBUG] [net.minecraftforge.fml.loading.moddiscovery.ModFile/LOADING]: Loading mod file  with languages [LanguageSpec[languageName=javafml, acceptedVersions=*]]
[28Dec2025 23:05:20.474] [main/DEBUG] [net.minecraftforge.fml.loading.moddiscovery.ModFile/LOADING]: Loading mod file  with languages []
[28Dec2025 23:05:20.474] [main/DEBUG] [net.minecraftforge.fml.loading.moddiscovery.ModFile/LOADING]: Loading mod file  with languages []
[28Dec2025 23:05:20.474] [main/DEBUG] [net.minecraftforge.fml.loading.moddiscovery.ModFile/LOADING]: Loading mod file  with languages []
[28Dec2025 23:05:20.474] [main/DEBUG] [net.minecraftforge.fml.loading.moddiscovery.ModFileParser/LOADING]: Considering mod file candidate 
[28Dec2025 23:05:20.474] [main/DEBUG] [net.minecraftforge.fml.loading.moddiscovery.ModFileInfo/LOADING]: Found valid mod file mixinsquared-forge-0.1.2-beta.6.jar with {mixinsquared} mods - versions {0.1.2-beta.6}
[28Dec2025 23:05:20.474] [main/DEBUG] [net.minecraftforge.fml.loading.moddiscovery.ModFile/LOADING]: Loading mod file  with languages [LanguageSpec[languageName=javafml, acceptedVersions=*]]
[28Dec2025 23:05:20.474] [main/DEBUG] [net.minecraftforge.fml.loading.moddiscovery.ModFile/LOADING]: Loading mod file  with languages []
[28Dec2025 23:05:20.475] [main/DEBUG] [cpw.mods.modlauncher.TransformationServiceDecorator/MODLAUNCHER]: End scan trigger - transformation service fml
[28Dec2025 23:05:20.487] [main/DEBUG] [net.minecraftforge.fml.loading.LanguageLoadingProvider/CORE]: Found 3 language providers
[28Dec2025 23:05:20.487] [main/DEBUG] [net.minecraftforge.fml.loading.LanguageLoadingProvider/CORE]: Found language provider minecraft, version 1.0
[28Dec2025 23:05:20.487] [main/DEBUG] [net.minecraftforge.fml.loading.LanguageLoadingProvider/CORE]: Found language provider lowcodefml, version 43
[28Dec2025 23:05:20.488] [main/DEBUG] [net.minecraftforge.fml.loading.LanguageLoadingProvider/CORE]: Found language provider javafml, version 43
[28Dec2025 23:05:20.502] [main/DEBUG] [net.minecraftforge.fml.loading.ModSorter/]: Configured system mods: [minecraft, forge]
[28Dec2025 23:05:20.502] [main/DEBUG] [net.minecraftforge.fml.loading.ModSorter/]: Found system mod: minecraft
[28Dec2025 23:05:20.502] [main/DEBUG] [net.minecraftforge.fml.loading.ModSorter/]: Found system mod: forge
[28Dec2025 23:05:20.568] [main/DEBUG] [net.minecraftforge.fml.loading.ModSorter/LOADING]: Found 717 mod requirements (628 mandatory, 89 optional)
[28Dec2025 23:05:20.577] [main/DEBUG] [net.minecraftforge.fml.loading.ModSorter/LOADING]: Found 0 mod requirements missing (0 mandatory, 0 optional)
[28Dec2025 23:05:21.068] [main/DEBUG] [cpw.mods.modlauncher.TransformationServicesHandler/MODLAUNCHER]: Transformation services loading transformers
[28Dec2025 23:05:21.068] [main/DEBUG] [cpw.mods.modlauncher.TransformationServiceDecorator/MODLAUNCHER]: Initializing transformers for transformation service mixin
[28Dec2025 23:05:21.068] [main/DEBUG] [cpw.mods.modlauncher.TransformationServiceDecorator/MODLAUNCHER]: Initialized transformers for transformation service mixin
[28Dec2025 23:05:21.068] [main/DEBUG] [cpw.mods.modlauncher.TransformationServiceDecorator/MODLAUNCHER]: Initializing transformers for transformation service redirector
[28Dec2025 23:05:21.068] [main/DEBUG] [cpw.mods.modlauncher.TransformationServiceDecorator/MODLAUNCHER]: Initialized transformers for transformation service redirector
[28Dec2025 23:05:21.069] [main/DEBUG] [cpw.mods.modlauncher.TransformationServiceDecorator/MODLAUNCHER]: Initializing transformers for transformation service fml
[28Dec2025 23:05:21.069] [main/DEBUG] [net.minecraftforge.fml.loading.FMLServiceProvider/CORE]: Loading coremod transformers
[28Dec2025 23:05:21.069] [main/DEBUG] [net.minecraftforge.coremod.CoreModEngine/COREMOD]: Loading CoreMod from META-INF/openpartiesandclaims_core.js
[28Dec2025 23:05:21.281] [main/DEBUG] [net.minecraftforge.coremod.CoreModEngine/COREMOD]: CoreMod loaded successfully
[28Dec2025 23:05:21.281] [main/DEBUG] [net.minecraftforge.coremod.CoreModEngine/COREMOD]: Loading CoreMod from coremods/aea_water_speed.js
[28Dec2025 23:05:21.297] [main/DEBUG] [net.minecraftforge.coremod.CoreModEngine/COREMOD]: CoreMod loaded successfully
[28Dec2025 23:05:21.297] [main/DEBUG] [net.minecraftforge.coremod.CoreModEngine/COREMOD]: Loading CoreMod from coremods/apoli.js
[28Dec2025 23:05:21.313] [main/DEBUG] [net.minecraftforge.coremod.CoreModEngine/COREMOD]: CoreMod loaded successfully
[28Dec2025 23:05:21.313] [main/DEBUG] [net.minecraftforge.coremod.CoreModEngine/COREMOD]: Loading CoreMod from coremods/attr/potion_gui_tooltips.js
[28Dec2025 23:05:21.317] [main/DEBUG] [net.minecraftforge.coremod.CoreModEngine/COREMOD]: CoreMod loaded successfully
[28Dec2025 23:05:21.317] [main/DEBUG] [net.minecraftforge.coremod.CoreModEngine/COREMOD]: Loading CoreMod from coremods/ench/ench_info_loot_redirector.js
[28Dec2025 23:05:21.327] [main/DEBUG] [net.minecraftforge.coremod.CoreModEngine/COREMOD]: CoreMod loaded successfully
[28Dec2025 23:05:21.327] [main/DEBUG] [net.minecraftforge.coremod.CoreModEngine/COREMOD]: Loading CoreMod from coremods/ench/ench_info_redirector.js
[28Dec2025 23:05:21.335] [main/DEBUG] [net.minecraftforge.coremod.CoreModEngine/COREMOD]: CoreMod loaded successfully
[28Dec2025 23:05:21.336] [main/DEBUG] [net.minecraftforge.coremod.CoreModEngine/COREMOD]: Loading CoreMod from coremods/ench/fishing_hook.js
[28Dec2025 23:05:21.339] [main/DEBUG] [net.minecraftforge.coremod.CoreModEngine/COREMOD]: CoreMod loaded successfully
[28Dec2025 23:05:21.339] [main/DEBUG] [net.minecraftforge.coremod.CoreModEngine/COREMOD]: Loading CoreMod from coremods/field_to_method.js
[28Dec2025 23:05:21.344] [main/DEBUG] [net.minecraftforge.coremod.CoreModEngine/COREMOD]: CoreMod loaded successfully
[28Dec2025 23:05:21.344] [main/DEBUG] [net.minecraftforge.coremod.CoreModEngine/COREMOD]: Loading CoreMod from coremods/field_to_instanceof.js
[28Dec2025 23:05:21.364] [main/DEBUG] [net.minecraftforge.coremod.CoreModEngine/COREMOD]: CoreMod loaded successfully
[28Dec2025 23:05:21.364] [main/DEBUG] [net.minecraftforge.coremod.CoreModEngine/COREMOD]: Loading CoreMod from coremods/add_bouncer_method.js
[28Dec2025 23:05:21.375] [main/DEBUG] [net.minecraftforge.coremod.CoreModEngine/COREMOD]: CoreMod loaded successfully
[28Dec2025 23:05:21.375] [main/DEBUG] [net.minecraftforge.coremod.CoreModEngine/COREMOD]: Loading CoreMod from coremods/accessors.js
[28Dec2025 23:05:21.380] [main/DEBUG] [net.minecraftforge.coremod.CoreModEngine/COREMOD]: CoreMod loaded successfully
[28Dec2025 23:05:21.380] [main/DEBUG] [net.minecraftforge.coremod.CoreModEngine/COREMOD]: Loading CoreMod from coremods/tooltip.js
[28Dec2025 23:05:21.387] [main/DEBUG] [net.minecraftforge.coremod.CoreModEngine/COREMOD]: CoreMod loaded successfully
[28Dec2025 23:05:21.387] [main/DEBUG] [net.minecraftforge.coremod.CoreModEngine/COREMOD]: Loading CoreMod from META-INF/xaerohud_core.js
[28Dec2025 23:05:21.407] [main/DEBUG] [net.minecraftforge.coremod.CoreModEngine/COREMOD]: CoreMod loaded successfully
[28Dec2025 23:05:21.407] [main/DEBUG] [net.minecraftforge.coremod.CoreModEngine/COREMOD]: Loading CoreMod from META-INF/xaeroworldmap_core.js
[28Dec2025 23:05:21.424] [main/DEBUG] [net.minecraftforge.coremod.CoreModEngine/COREMOD]: CoreMod loaded successfully
[28Dec2025 23:05:21.424] [main/DEBUG] [net.minecraftforge.coremod.CoreModEngine/COREMOD]: Loading CoreMod from coremods/get_ench_level_event.js
[28Dec2025 23:05:21.428] [main/DEBUG] [net.minecraftforge.coremod.CoreModEngine/COREMOD]: CoreMod loaded successfully
[28Dec2025 23:05:21.428] [main/DEBUG] [net.minecraftforge.coremod.CoreModEngine/COREMOD]: Loading CoreMod from coremods/get_ench_level_event_specific.js
[28Dec2025 23:05:21.431] [main/DEBUG] [net.minecraftforge.coremod.CoreModEngine/COREMOD]: CoreMod loaded successfully
[28Dec2025 23:05:21.431] [main/DEBUG] [net.minecraftforge.coremod.CoreModEngine/COREMOD]: Loading CoreMod from META-INF/asm/seed.js
[28Dec2025 23:05:21.438] [main/DEBUG] [net.minecraftforge.coremod.CoreModEngine/COREMOD]: CoreMod loaded successfully
[28Dec2025 23:05:21.438] [main/DEBUG] [net.minecraftforge.coremod.CoreModEngine/COREMOD]: Loading CoreMod from META-INF/asm/maprendercontext.js
[28Dec2025 23:05:21.445] [main/DEBUG] [net.minecraftforge.coremod.CoreModEngine/COREMOD]: CoreMod loaded successfully
[28Dec2025 23:05:21.445] [main/DEBUG] [net.minecraftforge.coremod.CoreModEngine/COREMOD]: Loading CoreMod from META-INF/asm/music.js
[28Dec2025 23:05:21.449] [main/DEBUG] [net.minecraftforge.coremod.CoreModEngine/COREMOD]: CoreMod loaded successfully
[28Dec2025 23:05:21.449] [main/DEBUG] [net.minecraftforge.coremod.CoreModEngine/COREMOD]: Loading CoreMod from META-INF/asm/multipart.js
[28Dec2025 23:05:21.455] [main/DEBUG] [net.minecraftforge.coremod.CoreModEngine/COREMOD]: CoreMod loaded successfully
[28Dec2025 23:05:21.455] [main/DEBUG] [net.minecraftforge.coremod.CoreModEngine/COREMOD]: Loading CoreMod from META-INF/asm/foliage.js
[28Dec2025 23:05:21.458] [main/DEBUG] [net.minecraftforge.coremod.CoreModEngine/COREMOD]: CoreMod loaded successfully
[28Dec2025 23:05:21.458] [main/DEBUG] [net.minecraftforge.coremod.CoreModEngine/COREMOD]: Loading CoreMod from META-INF/asm/mount.js
[28Dec2025 23:05:21.463] [main/DEBUG] [net.minecraftforge.coremod.CoreModEngine/COREMOD]: CoreMod loaded successfully
[28Dec2025 23:05:21.463] [main/DEBUG] [net.minecraftforge.coremod.CoreModEngine/COREMOD]: Loading CoreMod from META-INF/asm/book.js
[28Dec2025 23:05:21.467] [main/DEBUG] [net.minecraftforge.coremod.CoreModEngine/COREMOD]: CoreMod loaded successfully
[28Dec2025 23:05:21.474] [main/DEBUG] [cpw.mods.modlauncher.TransformStore/MODLAUNCHER]: Adding transformer net.minecraftforge.coremod.transformer.CoreModMethodTransformer@999cd18 to Target : METHOD {Lnet/minecraft/client/server/IntegratedServer;} {m_174968_} {()V}
[28Dec2025 23:05:21.475] [main/DEBUG] [cpw.mods.modlauncher.TransformStore/MODLAUNCHER]: Adding transformer net.minecraftforge.coremod.transformer.CoreModMethodTransformer@4e671ef to Target : METHOD {Lnet/minecraft/client/multiplayer/ClientPacketListener;} {m_142237_} {(Lnet/minecraft/network/protocol/game/ClientboundInitializeBorderPacket;)V}
[28Dec2025 23:05:21.475] [main/DEBUG] [cpw.mods.modlauncher.TransformStore/MODLAUNCHER]: Adding transformer net.minecraftforge.coremod.transformer.CoreModMethodTransformer@42403dc6 to Target : METHOD {Lnet/minecraft/server/players/PlayerList;} {m_11229_} {(Lnet/minecraft/server/level/ServerPlayer;Lnet/minecraft/server/level/ServerLevel;)V}
[28Dec2025 23:05:21.475] [main/DEBUG] [cpw.mods.modlauncher.TransformStore/MODLAUNCHER]: Adding transformer net.minecraftforge.coremod.transformer.CoreModMethodTransformer@74a1d60e to Target : METHOD {Lnet/minecraft/world/entity/LivingEntity;} {m_147207_} {(Lnet/minecraft/world/effect/MobEffectInstance;Lnet/minecraft/world/entity/Entity;)Z}
[28Dec2025 23:05:21.475] [main/DEBUG] [cpw.mods.modlauncher.TransformStore/MODLAUNCHER]: Adding transformer net.minecraftforge.coremod.transformer.CoreModMethodTransformer@16c0be3b to Target : METHOD {Lnet/minecraft/world/level/block/FireBlock;} {tryCatchFire} {(Lnet/minecraft/world/level/Level;Lnet/minecraft/core/BlockPos;ILnet/minecraft/util/RandomSource;ILnet/minecraft/core/Direction;)V}
[28Dec2025 23:05:21.475] [main/DEBUG] [cpw.mods.modlauncher.TransformStore/MODLAUNCHER]: Adding transformer net.minecraftforge.coremod.transformer.CoreModMethodTransformer@219edc05 to Target : METHOD {Lnet/minecraft/world/level/block/FireBlock;} {m_221156_} {(Lnet/minecraft/world/level/LevelReader;Lnet/minecraft/core/BlockPos;)I}
[28Dec2025 23:05:21.475] [main/DEBUG] [cpw.mods.modlauncher.TransformStore/MODLAUNCHER]: Adding transformer net.minecraftforge.coremod.transformer.CoreModMethodTransformer@62f37bfd to Target : METHOD {Lnet/minecraft/world/entity/player/Player;} {m_36204_} {(Lnet/minecraft/core/BlockPos;Lnet/minecraft/core/Direction;Lnet/minecraft/world/item/ItemStack;)Z}
[28Dec2025 23:05:21.475] [main/DEBUG] [cpw.mods.modlauncher.TransformStore/MODLAUNCHER]: Adding transformer net.minecraftforge.coremod.transformer.CoreModMethodTransformer@1818d00b to Target : METHOD {Lnet/minecraft/world/level/material/FlowingFluid;} {m_75963_} {(Lnet/minecraft/world/level/BlockGetter;Lnet/minecraft/world/level/material/Fluid;Lnet/minecraft/core/BlockPos;Lnet/minecraft/world/level/block/state/BlockState;Lnet/minecraft/core/Direction;Lnet/minecraft/core/BlockPos;Lnet/minecraft/world/level/block/state/BlockState;Lnet/minecraft/world/level/material/FluidState;)Z}
[28Dec2025 23:05:21.475] [main/DEBUG] [cpw.mods.modlauncher.TransformStore/MODLAUNCHER]: Adding transformer net.minecraftforge.coremod.transformer.CoreModMethodTransformer@b3a8455 to Target : METHOD {Lnet/minecraft/world/level/block/DispenserBlock;} {m_5824_} {(Lnet/minecraft/server/level/ServerLevel;Lnet/minecraft/core/BlockPos;)V}
[28Dec2025 23:05:21.475] [main/DEBUG] [cpw.mods.modlauncher.TransformStore/MODLAUNCHER]: Adding transformer net.minecraftforge.coremod.transformer.CoreModMethodTransformer@5c930fc3 to Target : METHOD {Lnet/minecraft/world/level/block/piston/PistonBaseBlock;} {m_60181_} {(Lnet/minecraft/world/level/Level;Lnet/minecraft/core/BlockPos;Lnet/minecraft/core/Direction;Z)Z}
[28Dec2025 23:05:21.475] [main/DEBUG] [cpw.mods.modlauncher.TransformStore/MODLAUNCHER]: Adding transformer net.minecraftforge.coremod.transformer.CoreModMethodTransformer@25c6ab3f to Target : METHOD {Lcom/simibubi/create/content/contraptions/Contraption;} {movementAllowed} {(Lnet/minecraft/world/level/block/state/BlockState;Lnet/minecraft/world/level/Level;Lnet/minecraft/core/BlockPos;)Z}
[28Dec2025 23:05:21.475] [main/DEBUG] [cpw.mods.modlauncher.TransformStore/MODLAUNCHER]: Adding transformer net.minecraftforge.coremod.transformer.CoreModMethodTransformer@7b80af04 to Target : METHOD {Lcom/simibubi/create/content/contraptions/Contraption;} {addBlocksToWorld} {(Lnet/minecraft/world/level/Level;Lcom/simibubi/create/content/contraptions/StructureTransform;)V}
[28Dec2025 23:05:21.475] [main/DEBUG] [cpw.mods.modlauncher.TransformStore/MODLAUNCHER]: Adding transformer net.minecraftforge.coremod.transformer.CoreModMethodTransformer@2447940d to Target : METHOD {Lcom/simibubi/create/content/kinetics/base/BlockBreakingKineticBlockEntity;} {tick} {()V}
[28Dec2025 23:05:21.475] [main/DEBUG] [cpw.mods.modlauncher.TransformStore/MODLAUNCHER]: Adding transformer net.minecraftforge.coremod.transformer.CoreModMethodTransformer@60ee7a51 to Target : METHOD {Lcom/simibubi/create/content/kinetics/base/BlockBreakingMovementBehaviour;} {tickBreaker} {(Lcom/simibubi/create/content/contraptions/behaviour/MovementContext;)V}
[28Dec2025 23:05:21.475] [main/DEBUG] [cpw.mods.modlauncher.TransformStore/MODLAUNCHER]: Adding transformer net.minecraftforge.coremod.transformer.CoreModMethodTransformer@70e1aa20 to Target : METHOD {Lcom/simibubi/create/content/contraptions/actors/harvester/HarvesterMovementBehaviour;} {visitNewPosition} {(Lcom/simibubi/create/content/contraptions/behaviour/MovementContext;Lnet/minecraft/core/BlockPos;)V}
[28Dec2025 23:05:21.475] [main/DEBUG] [cpw.mods.modlauncher.TransformStore/MODLAUNCHER]: Adding transformer net.minecraftforge.coremod.transformer.CoreModMethodTransformer@e67d3b7 to Target : METHOD {Lcom/simibubi/create/content/equipment/symmetryWand/SymmetryWandItem;} {apply} {(Lnet/minecraft/world/level/Level;Lnet/minecraft/world/item/ItemStack;Lnet/minecraft/world/entity/player/Player;Lnet/minecraft/core/BlockPos;Lnet/minecraft/world/level/block/state/BlockState;)V}
[28Dec2025 23:05:21.475] [main/DEBUG] [cpw.mods.modlauncher.TransformStore/MODLAUNCHER]: Adding transformer net.minecraftforge.coremod.transformer.CoreModMethodTransformer@1618c98a to Target : METHOD {Lcom/simibubi/create/content/equipment/symmetryWand/SymmetryWandItem;} {remove} {(Lnet/minecraft/world/level/Level;Lnet/minecraft/world/item/ItemStack;Lnet/minecraft/world/entity/player/Player;Lnet/minecraft/core/BlockPos;)V}
[28Dec2025 23:05:21.475] [main/DEBUG] [cpw.mods.modlauncher.TransformStore/MODLAUNCHER]: Adding transformer net.minecraftforge.coremod.transformer.CoreModMethodTransformer@5b715ea to Target : METHOD {Lcom/simibubi/create/content/schematics/cannon/SchematicannonBlockEntity;} {tickPrinter} {()V}
[28Dec2025 23:05:21.475] [main/DEBUG] [cpw.mods.modlauncher.TransformStore/MODLAUNCHER]: Adding transformer net.minecraftforge.coremod.transformer.CoreModMethodTransformer@787a0fd6 to Target : METHOD {Lcom/simibubi/create/content/contraptions/ContraptionCollider;} {collideEntities} {(Lcom/simibubi/create/content/contraptions/AbstractContraptionEntity;)V}
[28Dec2025 23:05:21.475] [main/DEBUG] [cpw.mods.modlauncher.TransformStore/MODLAUNCHER]: Adding transformer net.minecraftforge.coremod.transformer.CoreModMethodTransformer@48b09105 to Target : METHOD {Lcom/simibubi/create/content/contraptions/ContraptionCollider;} {collideBlocks} {(Lcom/simibubi/create/content/contraptions/AbstractContraptionEntity;)Z}
[28Dec2025 23:05:21.476] [main/DEBUG] [cpw.mods.modlauncher.TransformStore/MODLAUNCHER]: Adding transformer net.minecraftforge.coremod.transformer.CoreModMethodTransformer@18b45500 to Target : METHOD {Lcom/simibubi/create/content/kinetics/mechanicalArm/ArmBlockEntity;} {searchForItem} {()V}
[28Dec2025 23:05:21.476] [main/DEBUG] [cpw.mods.modlauncher.TransformStore/MODLAUNCHER]: Adding transformer net.minecraftforge.coremod.transformer.CoreModMethodTransformer@25110bb9 to Target : METHOD {Lcom/simibubi/create/content/kinetics/mechanicalArm/ArmBlockEntity;} {searchForDestination} {()V}
[28Dec2025 23:05:21.476] [main/DEBUG] [cpw.mods.modlauncher.TransformStore/MODLAUNCHER]: Adding transformer net.minecraftforge.coremod.transformer.CoreModMethodTransformer@dbda472 to Target : METHOD {Lcom/simibubi/create/foundation/networking/BlockEntityConfigurationPacket;} {lambda$handle$0} {(Lnet/minecraftforge/network/NetworkEvent$Context;)V}
[28Dec2025 23:05:21.476] [main/DEBUG] [cpw.mods.modlauncher.TransformStore/MODLAUNCHER]: Adding transformer net.minecraftforge.coremod.transformer.CoreModMethodTransformer@41492479 to Target : METHOD {Lcom/simibubi/create/content/contraptions/sync/ContraptionInteractionPacket;} {lambda$handle$0} {(Lnet/minecraftforge/network/NetworkEvent$Context;)V}
[28Dec2025 23:05:21.476] [main/DEBUG] [cpw.mods.modlauncher.TransformStore/MODLAUNCHER]: Adding transformer net.minecraftforge.coremod.transformer.CoreModMethodTransformer@7bef7505 to Target : METHOD {Lcom/simibubi/create/content/trains/entity/TrainRelocationPacket;} {lambda$handle$3} {(Lnet/minecraftforge/network/NetworkEvent$Context;)V}
[28Dec2025 23:05:21.476] [main/DEBUG] [cpw.mods.modlauncher.TransformStore/MODLAUNCHER]: Adding transformer net.minecraftforge.coremod.transformer.CoreModMethodTransformer@568ef502 to Target : METHOD {Lcom/simibubi/create/content/contraptions/actors/trainControls/ControlsInputPacket;} {lambda$handle$0} {(Lnet/minecraftforge/network/NetworkEvent$Context;)V}
[28Dec2025 23:05:21.476] [main/DEBUG] [cpw.mods.modlauncher.TransformStore/MODLAUNCHER]: Adding transformer net.minecraftforge.coremod.transformer.CoreModMethodTransformer@36f05595 to Target : METHOD {Lcom/simibubi/create/content/equipment/toolbox/ToolboxEquipPacket;} {lambda$handle$1} {(Lnet/minecraftforge/network/NetworkEvent$Context;)V}
[28Dec2025 23:05:21.476] [main/DEBUG] [cpw.mods.modlauncher.TransformStore/MODLAUNCHER]: Adding transformer net.minecraftforge.coremod.transformer.CoreModMethodTransformer@3e12c5de to Target : METHOD {Lcom/simibubi/create/content/equipment/toolbox/ToolboxDisposeAllPacket;} {lambda$handle$1} {(Lnet/minecraftforge/network/NetworkEvent$Context;)V}
[28Dec2025 23:05:21.476] [main/DEBUG] [cpw.mods.modlauncher.TransformStore/MODLAUNCHER]: Adding transformer net.minecraftforge.coremod.transformer.CoreModMethodTransformer@3e55d844 to Target : METHOD {Lcom/simibubi/create/content/kinetics/deployer/DeployerMovementBehaviour;} {activate} {(Lcom/simibubi/create/content/contraptions/behaviour/MovementContext;Lnet/minecraft/core/BlockPos;Lcom/simibubi/create/content/kinetics/deployer/DeployerFakePlayer;Lcom/simibubi/create/content/kinetics/deployer/DeployerBlockEntity$Mode;)V}
[28Dec2025 23:05:21.476] [main/DEBUG] [cpw.mods.modlauncher.TransformStore/MODLAUNCHER]: Adding transformer net.minecraftforge.coremod.transformer.CoreModMethodTransformer@1f521c69 to Target : METHOD {Lcom/simibubi/create/content/kinetics/deployer/DeployerBlockEntity;} {activate} {()V}
[28Dec2025 23:05:21.476] [main/DEBUG] [cpw.mods.modlauncher.TransformStore/MODLAUNCHER]: Adding transformer net.minecraftforge.coremod.transformer.CoreModMethodTransformer@2b3abeeb to Target : METHOD {Lcom/simibubi/create/content/contraptions/glue/SuperGlueSelectionPacket;} {lambda$handle$0} {(Lnet/minecraftforge/network/NetworkEvent$Context;)V}
[28Dec2025 23:05:21.476] [main/DEBUG] [cpw.mods.modlauncher.TransformStore/MODLAUNCHER]: Adding transformer net.minecraftforge.coremod.transformer.CoreModMethodTransformer@3aeb267 to Target : METHOD {Lcom/simibubi/create/content/contraptions/glue/SuperGlueRemovalPacket;} {lambda$handle$0} {(Lnet/minecraftforge/network/NetworkEvent$Context;)V}
[28Dec2025 23:05:21.476] [main/DEBUG] [cpw.mods.modlauncher.TransformStore/MODLAUNCHER]: Adding transformer net.minecraftforge.coremod.transformer.CoreModMethodTransformer@13a9cdae to Target : METHOD {Lcom/simibubi/create/content/fluids/OpenEndedPipe;} {provideFluidToSpace} {(Lnet/minecraftforge/fluids/FluidStack;Z)Z}
[28Dec2025 23:05:21.476] [main/DEBUG] [cpw.mods.modlauncher.TransformStore/MODLAUNCHER]: Adding transformer net.minecraftforge.coremod.transformer.CoreModMethodTransformer@1c972ae6 to Target : METHOD {Lcom/simibubi/create/content/fluids/OpenEndedPipe;} {removeFluidFromSpace} {(Z)Lnet/minecraftforge/fluids/FluidStack;}
[28Dec2025 23:05:21.476] [main/DEBUG] [cpw.mods.modlauncher.TransformStore/MODLAUNCHER]: Adding transformer net.minecraftforge.coremod.transformer.CoreModMethodTransformer@62a41279 to Target : METHOD {Lcom/simibubi/create/content/contraptions/actors/plough/PloughMovementBehaviour;} {visitNewPosition} {(Lcom/simibubi/create/content/contraptions/behaviour/MovementContext;Lnet/minecraft/core/BlockPos;)V}
[28Dec2025 23:05:21.476] [main/DEBUG] [cpw.mods.modlauncher.TransformStore/MODLAUNCHER]: Adding transformer net.minecraftforge.coremod.transformer.CoreModMethodTransformer@146fa9c0 to Target : METHOD {Lcom/simibubi/create/content/contraptions/mounted/MinecartContraptionItem;} {m_6225_} {(Lnet/minecraft/world/item/context/UseOnContext;)Lnet/minecraft/world/InteractionResult;}
[28Dec2025 23:05:21.476] [main/DEBUG] [cpw.mods.modlauncher.TransformStore/MODLAUNCHER]: Adding transformer net.minecraftforge.coremod.transformer.CoreModMethodTransformer@49f6c25e to Target : METHOD {Lcom/simibubi/create/content/contraptions/minecart/CouplingHandler;} {tryToCoupleCarts} {(Lnet/minecraft/world/entity/player/Player;Lnet/minecraft/world/level/Level;II)Z}
[28Dec2025 23:05:21.476] [main/DEBUG] [cpw.mods.modlauncher.TransformStore/MODLAUNCHER]: Adding transformer net.minecraftforge.coremod.transformer.CoreModMethodTransformer@6c13019c to Target : METHOD {Lnet/minecraft/world/entity/Entity;} {m_6673_} {(Lnet/minecraft/world/damagesource/DamageSource;)Z}
[28Dec2025 23:05:21.476] [main/DEBUG] [cpw.mods.modlauncher.TransformStore/MODLAUNCHER]: Adding transformer net.minecraftforge.coremod.transformer.CoreModMethodTransformer@2e66f1bd to Target : METHOD {Lnet/minecraft/world/level/Level;} {m_7740_} {(Lnet/minecraft/core/BlockPos;ZLnet/minecraft/world/entity/Entity;I)Z}
[28Dec2025 23:05:21.476] [main/DEBUG] [cpw.mods.modlauncher.TransformStore/MODLAUNCHER]: Adding transformer net.minecraftforge.coremod.transformer.CoreModMethodTransformer@47ae6c18 to Target : METHOD {Lnet/minecraft/world/level/block/ButtonBlock;} {m_51120_} {(Lnet/minecraft/world/level/block/state/BlockState;Lnet/minecraft/world/level/Level;Lnet/minecraft/core/BlockPos;)V}
[28Dec2025 23:05:21.476] [main/DEBUG] [cpw.mods.modlauncher.TransformStore/MODLAUNCHER]: Adding transformer net.minecraftforge.coremod.transformer.CoreModMethodTransformer@3835b281 to Target : METHOD {Lnet/minecraft/world/level/block/PressurePlateBlock;} {m_6693_} {(Lnet/minecraft/world/level/Level;Lnet/minecraft/core/BlockPos;)I}
[28Dec2025 23:05:21.476] [main/DEBUG] [cpw.mods.modlauncher.TransformStore/MODLAUNCHER]: Adding transformer net.minecraftforge.coremod.transformer.CoreModMethodTransformer@4c5e4bfa to Target : METHOD {Lnet/minecraft/world/level/block/WeightedPressurePlateBlock;} {m_6693_} {(Lnet/minecraft/world/level/Level;Lnet/minecraft/core/BlockPos;)I}
[28Dec2025 23:05:21.476] [main/DEBUG] [cpw.mods.modlauncher.TransformStore/MODLAUNCHER]: Adding transformer net.minecraftforge.coremod.transformer.CoreModMethodTransformer@552cb0d5 to Target : METHOD {Lnet/minecraft/world/level/block/TripWireBlock;} {m_57607_} {(Lnet/minecraft/world/level/Level;Lnet/minecraft/core/BlockPos;)V}
[28Dec2025 23:05:21.476] [main/DEBUG] [cpw.mods.modlauncher.TransformStore/MODLAUNCHER]: Adding transformer net.minecraftforge.coremod.transformer.CoreModMethodTransformer@61d6c8c4 to Target : METHOD {Lnet/minecraft/world/level/block/TargetBlock;} {m_5581_} {(Lnet/minecraft/world/level/Level;Lnet/minecraft/world/level/block/state/BlockState;Lnet/minecraft/world/phys/BlockHitResult;Lnet/minecraft/world/entity/projectile/Projectile;)V}
[28Dec2025 23:05:21.476] [main/DEBUG] [cpw.mods.modlauncher.TransformStore/MODLAUNCHER]: Adding transformer net.minecraftforge.coremod.transformer.CoreModMethodTransformer@74e2cfc5 to Target : METHOD {Lnet/minecraft/world/item/enchantment/FrostWalkerEnchantment;} {m_45018_} {(Lnet/minecraft/world/entity/LivingEntity;Lnet/minecraft/world/level/Level;Lnet/minecraft/core/BlockPos;I)V}
[28Dec2025 23:05:21.476] [main/DEBUG] [cpw.mods.modlauncher.TransformStore/MODLAUNCHER]: Adding transformer net.minecraftforge.coremod.transformer.CoreModMethodTransformer@4a5d5b38 to Target : METHOD {Lnet/minecraft/world/entity/Entity;} {m_20157_} {()V}
[28Dec2025 23:05:21.476] [main/DEBUG] [cpw.mods.modlauncher.TransformStore/MODLAUNCHER]: Adding transformer net.minecraftforge.coremod.transformer.CoreModMethodTransformer@7a47f0be to Target : METHOD {Lnet/minecraft/server/level/ServerLevel;} {m_143340_} {(Lnet/minecraft/core/BlockPos;)Z}
[28Dec2025 23:05:21.476] [main/DEBUG] [cpw.mods.modlauncher.TransformStore/MODLAUNCHER]: Adding transformer net.minecraftforge.coremod.transformer.CoreModMethodTransformer@2d8087da to Target : METHOD {Lnet/minecraft/world/entity/raid/Raid;} {m_37707_} {(II)Lnet/minecraft/core/BlockPos;}
[28Dec2025 23:05:21.476] [main/DEBUG] [cpw.mods.modlauncher.TransformStore/MODLAUNCHER]: Adding transformer net.minecraftforge.coremod.transformer.CoreModMethodTransformer@4f7ef948 to Target : METHOD {Lnet/minecraft/world/entity/LivingEntity;} {m_6667_} {(Lnet/minecraft/world/damagesource/DamageSource;)V}
[28Dec2025 23:05:21.477] [main/DEBUG] [cpw.mods.modlauncher.TransformStore/MODLAUNCHER]: Adding transformer net.minecraftforge.coremod.transformer.CoreModMethodTransformer@6fdaef04 to Target : METHOD {Lnet/minecraft/world/entity/LivingEntity;} {m_6668_} {(Lnet/minecraft/world/damagesource/DamageSource;)V}
[28Dec2025 23:05:21.477] [main/DEBUG] [cpw.mods.modlauncher.TransformStore/MODLAUNCHER]: Adding transformer net.minecraftforge.coremod.transformer.CoreModMethodTransformer@2a5d2041 to Target : METHOD {Lnet/minecraft/world/entity/Mob;} {m_8107_} {()V}
[28Dec2025 23:05:21.477] [main/DEBUG] [cpw.mods.modlauncher.TransformStore/MODLAUNCHER]: Adding transformer net.minecraftforge.coremod.transformer.CoreModMethodTransformer@3cacc87 to Target : METHOD {Lnet/minecraft/world/entity/monster/piglin/Piglin;} {m_7243_} {(Lnet/minecraft/world/item/ItemStack;)Z}
[28Dec2025 23:05:21.477] [main/DEBUG] [cpw.mods.modlauncher.TransformStore/MODLAUNCHER]: Adding transformer net.minecraftforge.coremod.transformer.CoreModMethodTransformer@3bc6c10f to Target : METHOD {Lnet/minecraft/world/entity/ai/behavior/BehaviorUtils;} {m_22613_} {(Lnet/minecraft/world/entity/LivingEntity;Lnet/minecraft/world/item/ItemStack;Lnet/minecraft/world/phys/Vec3;Lnet/minecraft/world/phys/Vec3;F)V}
[28Dec2025 23:05:21.477] [main/DEBUG] [cpw.mods.modlauncher.TransformStore/MODLAUNCHER]: Adding transformer net.minecraftforge.coremod.transformer.CoreModMethodTransformer@3dcbbbc to Target : METHOD {Lnet/minecraft/world/entity/item/ItemEntity;} {m_32017_} {(Lnet/minecraft/world/entity/item/ItemEntity;Lnet/minecraft/world/item/ItemStack;Lnet/minecraft/world/entity/item/ItemEntity;Lnet/minecraft/world/item/ItemStack;)V}
[28Dec2025 23:05:21.477] [main/DEBUG] [cpw.mods.modlauncher.TransformStore/MODLAUNCHER]: Adding transformer net.minecraftforge.coremod.transformer.CoreModMethodTransformer@4040ccae to Target : METHOD {Lnet/minecraft/world/entity/ExperienceOrb;} {m_147100_} {(Lnet/minecraft/world/entity/ExperienceOrb;)V}
[28Dec2025 23:05:21.477] [main/DEBUG] [cpw.mods.modlauncher.TransformStore/MODLAUNCHER]: Adding transformer net.minecraftforge.coremod.transformer.CoreModMethodTransformer@15bb8ed5 to Target : METHOD {Lnet/minecraft/world/entity/ExperienceOrb;} {m_6123_} {(Lnet/minecraft/world/entity/player/Player;)V}
[28Dec2025 23:05:21.477] [main/DEBUG] [cpw.mods.modlauncher.TransformStore/MODLAUNCHER]: Adding transformer net.minecraftforge.coremod.transformer.CoreModMethodTransformer@18f8ebd4 to Target : METHOD {Lnet/minecraft/world/entity/ExperienceOrb;} {m_147103_} {()V}
[28Dec2025 23:05:21.477] [main/DEBUG] [cpw.mods.modlauncher.TransformStore/MODLAUNCHER]: Adding transformer net.minecraftforge.coremod.transformer.CoreModMethodTransformer@7e1fb22c to Target : METHOD {Lnet/minecraft/world/entity/projectile/FishingHook;} {m_150157_} {(Lnet/minecraft/world/entity/Entity;)V}
[28Dec2025 23:05:21.477] [main/DEBUG] [cpw.mods.modlauncher.TransformStore/MODLAUNCHER]: Adding transformer net.minecraftforge.coremod.transformer.CoreModMethodTransformer@38fc34fd to Target : METHOD {Lnet/minecraft/world/entity/projectile/FishingHook;} {m_37156_} {(Lnet/minecraft/world/item/ItemStack;)I}
[28Dec2025 23:05:21.477] [main/DEBUG] [cpw.mods.modlauncher.TransformStore/MODLAUNCHER]: Adding transformer net.minecraftforge.coremod.transformer.CoreModMethodTransformer@7178d811 to Target : METHOD {Lnet/minecraft/world/level/block/Block;} {m_49881_} {(Lnet/minecraft/world/level/block/state/BlockState;Lnet/minecraft/world/level/Level;Lnet/minecraft/core/BlockPos;Lnet/minecraft/world/level/block/entity/BlockEntity;Lnet/minecraft/world/entity/Entity;Lnet/minecraft/world/item/ItemStack;)V}
[28Dec2025 23:05:21.477] [main/DEBUG] [cpw.mods.modlauncher.TransformStore/MODLAUNCHER]: Adding transformer net.minecraftforge.coremod.transformer.CoreModMethodTransformer@2e013ba1 to Target : METHOD {Lnet/minecraft/server/level/ServerPlayer;} {m_5706_} {(Lnet/minecraft/world/entity/Entity;)V}
[28Dec2025 23:05:21.477] [main/DEBUG] [cpw.mods.modlauncher.TransformStore/MODLAUNCHER]: Adding transformer net.minecraftforge.coremod.transformer.CoreModMethodTransformer@2d8c729f to Target : METHOD {Lnet/minecraft/server/level/ServerLevel;} {m_8793_} {(Ljava/util/function/BooleanSupplier;)V}
[28Dec2025 23:05:21.477] [main/DEBUG] [cpw.mods.modlauncher.TransformStore/MODLAUNCHER]: Adding transformer net.minecraftforge.coremod.transformer.CoreModMethodTransformer@740ee00f to Target : METHOD {Lnet/minecraft/world/level/EntityGetter;} {m_183134_} {(Lnet/minecraft/world/entity/Entity;Lnet/minecraft/world/phys/AABB;)Ljava/util/List;}
[28Dec2025 23:05:21.477] [main/DEBUG] [cpw.mods.modlauncher.TransformStore/MODLAUNCHER]: Adding transformer net.minecraftforge.coremod.transformer.CoreModMethodTransformer@430106cf to Target : METHOD {Lnet/minecraft/world/entity/decoration/HangingEntity;} {m_6478_} {(Lnet/minecraft/world/entity/MoverType;Lnet/minecraft/world/phys/Vec3;)V}
[28Dec2025 23:05:21.477] [main/DEBUG] [cpw.mods.modlauncher.TransformStore/MODLAUNCHER]: Adding transformer net.minecraftforge.coremod.transformer.CoreModMethodTransformer@647af13d to Target : METHOD {Lnet/minecraft/world/entity/vehicle/Boat;} {m_8119_} {()V}
[28Dec2025 23:05:21.477] [main/DEBUG] [cpw.mods.modlauncher.TransformStore/MODLAUNCHER]: Adding transformer net.minecraftforge.coremod.transformer.CoreModMethodTransformer@2aac6fa7 to Target : METHOD {Lnet/minecraft/world/entity/projectile/AbstractArrow;} {m_8119_} {()V}
[28Dec2025 23:05:21.477] [main/DEBUG] [cpw.mods.modlauncher.TransformStore/MODLAUNCHER]: Adding transformer net.minecraftforge.coremod.transformer.CoreModMethodTransformer@29a1ec65 to Target : METHOD {Lnet/minecraft/world/entity/projectile/AbstractHurtingProjectile;} {m_8119_} {()V}
[28Dec2025 23:05:21.477] [main/DEBUG] [cpw.mods.modlauncher.TransformStore/MODLAUNCHER]: Adding transformer net.minecraftforge.coremod.transformer.CoreModMethodTransformer@625db0e0 to Target : METHOD {Lnet/minecraft/world/entity/projectile/ThrowableProjectile;} {m_8119_} {()V}
[28Dec2025 23:05:21.477] [main/DEBUG] [cpw.mods.modlauncher.TransformStore/MODLAUNCHER]: Adding transformer net.minecraftforge.coremod.transformer.CoreModMethodTransformer@511d568f to Target : METHOD {Lnet/minecraftforge/common/extensions/IForgeLivingEntity;} {jumpInFluid} {(Lnet/minecraftforge/fluids/FluidType;)V}
[28Dec2025 23:05:21.477] [main/DEBUG] [cpw.mods.modlauncher.TransformStore/MODLAUNCHER]: Adding transformer net.minecraftforge.coremod.transformer.CoreModMethodTransformer@1805ca5c to Target : METHOD {Lnet/minecraftforge/common/extensions/IForgeLivingEntity;} {sinkInFluid} {(Lnet/minecraftforge/fluids/FluidType;)V}
[28Dec2025 23:05:21.477] [main/DEBUG] [cpw.mods.modlauncher.TransformStore/MODLAUNCHER]: Adding transformer net.minecraftforge.coremod.transformer.CoreModMethodTransformer@3e61cffd to Target : METHOD {Lnet/minecraftforge/common/extensions/IForgeItemStack;} {canEquip} {(Lnet/minecraft/world/entity/EquipmentSlot;Lnet/minecraft/world/entity/Entity;)Z}
[28Dec2025 23:05:21.477] [main/DEBUG] [cpw.mods.modlauncher.TransformStore/MODLAUNCHER]: Adding transformer net.minecraftforge.coremod.transformer.CoreModMethodTransformer@3134b261 to Target : METHOD {Lnet/minecraftforge/common/extensions/IForgeItemStack;} {getFoodProperties} {(Lnet/minecraft/world/entity/LivingEntity;)Lnet/minecraft/world/food/FoodProperties;}
[28Dec2025 23:05:21.477] [main/DEBUG] [cpw.mods.modlauncher.TransformStore/MODLAUNCHER]: Adding transformer net.minecraftforge.coremod.transformer.CoreModMethodTransformer@aa633e6 to Target : METHOD {Lnet/minecraftforge/common/extensions/IForgeBlockState;} {getFriction} {(Lnet/minecraft/world/level/LevelReader;Lnet/minecraft/core/BlockPos;Lnet/minecraft/world/entity/Entity;)F}
[28Dec2025 23:05:21.477] [main/DEBUG] [cpw.mods.modlauncher.TransformStore/MODLAUNCHER]: Adding transformer net.minecraftforge.coremod.transformer.CoreModMethodTransformer@3cc74fc4 to Target : METHOD {Lnet/minecraftforge/common/extensions/IForgeBlockState;} {canHarvestBlock} {(Lnet/minecraft/world/level/BlockGetter;Lnet/minecraft/core/BlockPos;Lnet/minecraft/world/entity/player/Player;)Z}
[28Dec2025 23:05:21.477] [main/DEBUG] [cpw.mods.modlauncher.TransformStore/MODLAUNCHER]: Adding transformer net.minecraftforge.coremod.transformer.CoreModMethodTransformer@c697186 to Target : METHOD {Lnet/minecraft/client/gui/screens/inventory/EffectRenderingInventoryScreen;} {m_194014_} {(Lcom/mojang/blaze3d/vertex/PoseStack;II)V}
[28Dec2025 23:05:21.478] [main/DEBUG] [cpw.mods.modlauncher.TransformStore/MODLAUNCHER]: Adding transformer net.minecraftforge.coremod.transformer.CoreModMethodTransformer@185a7dd0 to Target : METHOD {Lnet/minecraft/world/entity/projectile/FishingHook;} {m_37145_} {(Lnet/minecraft/core/BlockPos;)V}
[28Dec2025 23:05:21.478] [main/DEBUG] [cpw.mods.modlauncher.TransformStore/MODLAUNCHER]: Adding transformer net.minecraftforge.coremod.transformer.CoreModMethodTransformer@2358443e to Target : METHOD {Lnet/minecraftforge/common/extensions/IForgeItemStack;} {getHighlightTip} {(Lnet/minecraft/network/chat/Component;)Lnet/minecraft/network/chat/Component;}
[28Dec2025 23:05:21.478] [main/DEBUG] [cpw.mods.modlauncher.TransformStore/MODLAUNCHER]: Adding transformer net.minecraftforge.coremod.transformer.CoreModMethodTransformer@25e796fe to Target : METHOD {Lnet/minecraft/world/item/ItemStack;} {m_41787_} {()V}
[28Dec2025 23:05:21.478] [main/DEBUG] [cpw.mods.modlauncher.TransformStore/MODLAUNCHER]: Adding transformer net.minecraftforge.coremod.transformer.CoreModMethodTransformer@62c53685 to Target : METHOD {Lnet/minecraft/client/multiplayer/ClientPacketListener;} {m_6773_} {(Lnet/minecraft/network/protocol/game/ClientboundBlockUpdatePacket;)V}
[28Dec2025 23:05:21.478] [main/DEBUG] [cpw.mods.modlauncher.TransformStore/MODLAUNCHER]: Adding transformer net.minecraftforge.coremod.transformer.CoreModMethodTransformer@29ba63f0 to Target : METHOD {Lnet/minecraft/client/multiplayer/ClientPacketListener;} {m_5771_} {(Lnet/minecraft/network/protocol/game/ClientboundSectionBlocksUpdatePacket;)V}
[28Dec2025 23:05:21.478] [main/DEBUG] [cpw.mods.modlauncher.TransformStore/MODLAUNCHER]: Adding transformer net.minecraftforge.coremod.transformer.CoreModMethodTransformer@4822ab4d to Target : METHOD {Lnet/minecraft/client/multiplayer/ClientPacketListener;} {m_194198_} {(IILnet/minecraft/network/protocol/game/ClientboundLevelChunkPacketData;)V}
[28Dec2025 23:05:21.478] [main/DEBUG] [cpw.mods.modlauncher.TransformStore/MODLAUNCHER]: Adding transformer net.minecraftforge.coremod.transformer.CoreModMethodTransformer@516b84d1 to Target : METHOD {Lnet/minecraft/client/multiplayer/ClientPacketListener;} {m_194202_} {(IILnet/minecraft/network/protocol/game/ClientboundLightUpdatePacketData;)V}
[28Dec2025 23:05:21.478] [main/DEBUG] [cpw.mods.modlauncher.TransformStore/MODLAUNCHER]: Adding transformer net.minecraftforge.coremod.transformer.CoreModMethodTransformer@1ad1f167 to Target : METHOD {Lnet/minecraft/client/multiplayer/ClientPacketListener;} {m_6571_} {(Lnet/minecraft/network/protocol/game/ClientboundSetDefaultSpawnPositionPacket;)V}
[28Dec2025 23:05:21.478] [main/DEBUG] [cpw.mods.modlauncher.TransformStore/MODLAUNCHER]: Adding transformer net.minecraftforge.coremod.transformer.CoreModMethodTransformer@608eb42e to Target : METHOD {Lnet/minecraft/client/player/AbstractClientPlayer;} {m_108561_} {()Lnet/minecraft/resources/ResourceLocation;}
[28Dec2025 23:05:21.478] [main/DEBUG] [cpw.mods.modlauncher.TransformStore/MODLAUNCHER]: Adding transformer net.minecraftforge.coremod.transformer.CoreModMethodTransformer@3d2b13b1 to Target : METHOD {Lnet/minecraft/world/entity/player/Player;} {m_36170_} {(Lnet/minecraft/world/entity/player/PlayerModelPart;)Z}
[28Dec2025 23:05:21.478] [main/DEBUG] [cpw.mods.modlauncher.TransformStore/MODLAUNCHER]: Adding transformer net.minecraftforge.coremod.transformer.CoreModMethodTransformer@30eb55c9 to Target : METHOD {Lnet/minecraft/client/multiplayer/ClientPacketListener;} {m_5998_} {(Lnet/minecraft/network/protocol/game/ClientboundLoginPacket;)V}
[28Dec2025 23:05:21.478] [main/DEBUG] [cpw.mods.modlauncher.TransformStore/MODLAUNCHER]: Adding transformer net.minecraftforge.coremod.transformer.CoreModMethodTransformer@2524d07a to Target : METHOD {Lnet/minecraft/client/multiplayer/ClientPacketListener;} {m_105140_} {()V}
[28Dec2025 23:05:21.478] [main/DEBUG] [cpw.mods.modlauncher.TransformStore/MODLAUNCHER]: Adding transformer net.minecraftforge.coremod.transformer.CoreModMethodTransformer@309e3f34 to Target : METHOD {Lnet/minecraft/client/player/LocalPlayer;} {m_7583_} {()V}
[28Dec2025 23:05:21.478] [main/DEBUG] [cpw.mods.modlauncher.TransformStore/MODLAUNCHER]: Adding transformer net.minecraftforge.coremod.transformer.CoreModMethodTransformer@554d040d to Target : METHOD {Lnet/minecraft/server/players/PlayerList;} {m_11229_} {(Lnet/minecraft/server/level/ServerPlayer;Lnet/minecraft/server/level/ServerLevel;)V}
[28Dec2025 23:05:21.478] [main/DEBUG] [cpw.mods.modlauncher.TransformStore/MODLAUNCHER]: Adding transformer net.minecraftforge.coremod.transformer.CoreModMethodTransformer@3fe24670 to Target : METHOD {Lnet/minecraft/client/gui/components/BossHealthOverlay;} {m_93704_} {(Lcom/mojang/blaze3d/vertex/PoseStack;)V}
[28Dec2025 23:05:21.478] [main/DEBUG] [cpw.mods.modlauncher.TransformStore/MODLAUNCHER]: Adding transformer net.minecraftforge.coremod.transformer.CoreModMethodTransformer@3c46e6f6 to Target : METHOD {Lnet/minecraft/client/model/ListModel;} {m_7695_} {(Lcom/mojang/blaze3d/vertex/PoseStack;Lcom/mojang/blaze3d/vertex/VertexConsumer;IIFFFF)V}
[28Dec2025 23:05:21.478] [main/DEBUG] [cpw.mods.modlauncher.TransformStore/MODLAUNCHER]: Adding transformer net.minecraftforge.coremod.transformer.CoreModMethodTransformer@7d6019d5 to Target : METHOD {Lnet/minecraft/client/model/AgeableListModel;} {m_7695_} {(Lcom/mojang/blaze3d/vertex/PoseStack;Lcom/mojang/blaze3d/vertex/VertexConsumer;IIFFFF)V}
[28Dec2025 23:05:21.478] [main/DEBUG] [cpw.mods.modlauncher.TransformStore/MODLAUNCHER]: Adding transformer net.minecraftforge.coremod.transformer.CoreModMethodTransformer@40b01718 to Target : METHOD {Lnet/minecraft/client/model/LlamaModel;} {m_7695_} {(Lcom/mojang/blaze3d/vertex/PoseStack;Lcom/mojang/blaze3d/vertex/VertexConsumer;IIFFFF)V}
[28Dec2025 23:05:21.478] [main/DEBUG] [cpw.mods.modlauncher.TransformStore/MODLAUNCHER]: Adding transformer net.minecraftforge.coremod.transformer.CoreModMethodTransformer@6d4c18b8 to Target : METHOD {Lnet/minecraft/client/model/RabbitModel;} {m_7695_} {(Lcom/mojang/blaze3d/vertex/PoseStack;Lcom/mojang/blaze3d/vertex/VertexConsumer;IIFFFF)V}
[28Dec2025 23:05:21.478] [main/DEBUG] [cpw.mods.modlauncher.TransformStore/MODLAUNCHER]: Adding transformer net.minecraftforge.coremod.transformer.CoreModMethodTransformer@663622b1 to Target : METHOD {Lnet/minecraft/client/renderer/entity/EnderDragonRenderer$DragonModel;} {m_7695_} {(Lcom/mojang/blaze3d/vertex/PoseStack;Lcom/mojang/blaze3d/vertex/VertexConsumer;IIFFFF)V}
[28Dec2025 23:05:21.478] [main/DEBUG] [cpw.mods.modlauncher.TransformStore/MODLAUNCHER]: Adding transformer net.minecraftforge.coremod.transformer.CoreModMethodTransformer@1be52113 to Target : METHOD {Lnet/minecraft/client/model/HierarchicalModel;} {m_7695_} {(Lcom/mojang/blaze3d/vertex/PoseStack;Lcom/mojang/blaze3d/vertex/VertexConsumer;IIFFFF)V}
[28Dec2025 23:05:21.478] [main/DEBUG] [cpw.mods.modlauncher.TransformStore/MODLAUNCHER]: Adding transformer net.minecraftforge.coremod.transformer.CoreModMethodTransformer@5badeda0 to Target : METHOD {Lnet/minecraft/client/model/geom/ModelPart;} {m_104290_} {(Lcom/mojang/blaze3d/vertex/PoseStack$Pose;Lcom/mojang/blaze3d/vertex/VertexConsumer;IIFFFF)V}
[28Dec2025 23:05:21.478] [main/DEBUG] [cpw.mods.modlauncher.TransformStore/MODLAUNCHER]: Adding transformer net.minecraftforge.coremod.transformer.CoreModMethodTransformer@56a9a7b5 to Target : METHOD {Lnet/minecraft/world/level/storage/LevelStorageSource$LevelStorageAccess;} {m_78311_} {()V}
[28Dec2025 23:05:21.478] [main/DEBUG] [cpw.mods.modlauncher.TransformStore/MODLAUNCHER]: Adding transformer net.minecraftforge.coremod.transformer.CoreModMethodTransformer@1dd247b to Target : METHOD {Lnet/minecraft/client/player/LocalPlayer;} {m_241110_} {(Ljava/lang/String;Lnet/minecraft/network/chat/Component;)V}
[28Dec2025 23:05:21.478] [main/DEBUG] [cpw.mods.modlauncher.TransformStore/MODLAUNCHER]: Adding transformer net.minecraftforge.coremod.transformer.CoreModMethodTransformer@338270ea to Target : METHOD {Lnet/minecraft/client/player/LocalPlayer;} {m_242614_} {(Ljava/lang/String;)Z}
[28Dec2025 23:05:21.478] [main/DEBUG] [cpw.mods.modlauncher.TransformStore/MODLAUNCHER]: Adding transformer net.minecraftforge.coremod.transformer.CoreModMethodTransformer@7f64bd7 to Target : METHOD {Lnet/minecraft/client/multiplayer/chat/ChatListener;} {m_240494_} {(Lnet/minecraft/network/chat/Component;Z)V}
[28Dec2025 23:05:21.478] [main/DEBUG] [cpw.mods.modlauncher.TransformStore/MODLAUNCHER]: Adding transformer net.minecraftforge.coremod.transformer.CoreModMethodTransformer@1c79d093 to Target : METHOD {Lnet/minecraft/client/multiplayer/chat/ChatListener;} {m_241171_} {(Lnet/minecraft/network/chat/ChatType$Bound;Lnet/minecraft/network/chat/PlayerChatMessage;Lnet/minecraft/network/chat/Component;)Z}
[28Dec2025 23:05:21.478] [main/DEBUG] [cpw.mods.modlauncher.TransformStore/MODLAUNCHER]: Adding transformer net.minecraftforge.coremod.transformer.CoreModMethodTransformer@746fd19b to Target : METHOD {Lnet/minecraft/client/ToggleKeyMapping;} {m_90857_} {()Z}
[28Dec2025 23:05:21.478] [main/DEBUG] [cpw.mods.modlauncher.TransformStore/MODLAUNCHER]: Adding transformer net.minecraftforge.coremod.transformer.CoreModMethodTransformer@54caeadc to Target : METHOD {Lnet/minecraft/client/multiplayer/ClientPacketListener;} {m_6773_} {(Lnet/minecraft/network/protocol/game/ClientboundBlockUpdatePacket;)V}
[28Dec2025 23:05:21.478] [main/DEBUG] [cpw.mods.modlauncher.TransformStore/MODLAUNCHER]: Adding transformer net.minecraftforge.coremod.transformer.CoreModMethodTransformer@61d7bb61 to Target : METHOD {Lnet/minecraft/client/multiplayer/ClientPacketListener;} {m_5771_} {(Lnet/minecraft/network/protocol/game/ClientboundSectionBlocksUpdatePacket;)V}
[28Dec2025 23:05:21.479] [main/DEBUG] [cpw.mods.modlauncher.TransformStore/MODLAUNCHER]: Adding transformer net.minecraftforge.coremod.transformer.CoreModMethodTransformer@33f81280 to Target : METHOD {Lnet/minecraft/client/multiplayer/ClientPacketListener;} {m_194198_} {(IILnet/minecraft/network/protocol/game/ClientboundLevelChunkPacketData;)V}
[28Dec2025 23:05:21.479] [main/DEBUG] [cpw.mods.modlauncher.TransformStore/MODLAUNCHER]: Adding transformer net.minecraftforge.coremod.transformer.CoreModMethodTransformer@3991fe6d to Target : METHOD {Lnet/minecraft/client/multiplayer/ClientPacketListener;} {m_194202_} {(IILnet/minecraft/network/protocol/game/ClientboundLightUpdatePacketData;)V}
[28Dec2025 23:05:21.479] [main/DEBUG] [cpw.mods.modlauncher.TransformStore/MODLAUNCHER]: Adding transformer net.minecraftforge.coremod.transformer.CoreModMethodTransformer@3a0e7f89 to Target : METHOD {Lnet/minecraft/client/player/AbstractClientPlayer;} {m_108561_} {()Lnet/minecraft/resources/ResourceLocation;}
[28Dec2025 23:05:21.479] [main/DEBUG] [cpw.mods.modlauncher.TransformStore/MODLAUNCHER]: Adding transformer net.minecraftforge.coremod.transformer.CoreModMethodTransformer@665ed71a to Target : METHOD {Lnet/minecraft/world/entity/player/Player;} {m_36170_} {(Lnet/minecraft/world/entity/player/PlayerModelPart;)Z}
[28Dec2025 23:05:21.479] [main/DEBUG] [cpw.mods.modlauncher.TransformStore/MODLAUNCHER]: Adding transformer net.minecraftforge.coremod.transformer.CoreModMethodTransformer@15c1b543 to Target : METHOD {Lnet/minecraft/client/multiplayer/ClientPacketListener;} {m_5998_} {(Lnet/minecraft/network/protocol/game/ClientboundLoginPacket;)V}
[28Dec2025 23:05:21.479] [main/DEBUG] [cpw.mods.modlauncher.TransformStore/MODLAUNCHER]: Adding transformer net.minecraftforge.coremod.transformer.CoreModMethodTransformer@23954300 to Target : METHOD {Lnet/minecraft/client/multiplayer/ClientPacketListener;} {m_105140_} {()V}
[28Dec2025 23:05:21.479] [main/DEBUG] [cpw.mods.modlauncher.TransformStore/MODLAUNCHER]: Adding transformer net.minecraftforge.coremod.transformer.CoreModMethodTransformer@6aae82cc to Target : METHOD {Lnet/minecraft/server/players/PlayerList;} {m_11229_} {(Lnet/minecraft/server/level/ServerPlayer;Lnet/minecraft/server/level/ServerLevel;)V}
[28Dec2025 23:05:21.479] [main/DEBUG] [cpw.mods.modlauncher.TransformStore/MODLAUNCHER]: Adding transformer net.minecraftforge.coremod.transformer.CoreModMethodTransformer@7a587e84 to Target : METHOD {Lnet/minecraft/world/level/storage/LevelStorageSource$LevelStorageAccess;} {m_78311_} {()V}
[28Dec2025 23:05:21.479] [main/DEBUG] [cpw.mods.modlauncher.TransformStore/MODLAUNCHER]: Adding transformer net.minecraftforge.coremod.transformer.CoreModMethodTransformer@622ba721 to Target : METHOD {Lnet/minecraft/client/Minecraft;} {m_91383_} {(Z)V}
[28Dec2025 23:05:21.479] [main/DEBUG] [cpw.mods.modlauncher.TransformStore/MODLAUNCHER]: Adding transformer net.minecraftforge.coremod.transformer.CoreModMethodTransformer@6b2f7527 to Target : METHOD {Lnet/minecraft/client/Minecraft;} {m_91383_} {(Z)V}
[28Dec2025 23:05:21.479] [main/DEBUG] [cpw.mods.modlauncher.TransformStore/MODLAUNCHER]: Adding transformer net.minecraftforge.coremod.transformer.CoreModMethodTransformer@7509226c to Target : METHOD {Lnet/minecraft/client/multiplayer/chat/ChatListener;} {m_240494_} {(Lnet/minecraft/network/chat/Component;Z)V}
[28Dec2025 23:05:21.479] [main/DEBUG] [cpw.mods.modlauncher.TransformStore/MODLAUNCHER]: Adding transformer net.minecraftforge.coremod.transformer.CoreModMethodTransformer@4c9cce17 to Target : METHOD {Lnet/minecraft/client/multiplayer/chat/ChatListener;} {m_241171_} {(Lnet/minecraft/network/chat/ChatType$Bound;Lnet/minecraft/network/chat/PlayerChatMessage;Lnet/minecraft/network/chat/Component;)Z}
[28Dec2025 23:05:21.479] [main/DEBUG] [cpw.mods.modlauncher.TransformStore/MODLAUNCHER]: Adding transformer net.minecraftforge.coremod.transformer.CoreModMethodTransformer@73316a0a to Target : METHOD {Lnet/minecraft/client/multiplayer/ClientPacketListener;} {m_6571_} {(Lnet/minecraft/network/protocol/game/ClientboundSetDefaultSpawnPositionPacket;)V}
[28Dec2025 23:05:21.479] [main/DEBUG] [cpw.mods.modlauncher.TransformStore/MODLAUNCHER]: Adding transformer net.minecraftforge.coremod.transformer.CoreModMethodTransformer@63a7af06 to Target : METHOD {Lnet/minecraftforge/common/extensions/IForgeItemStack;} {getAllEnchantments} {()Ljava/util/Map;}
[28Dec2025 23:05:21.479] [main/DEBUG] [cpw.mods.modlauncher.TransformStore/MODLAUNCHER]: Adding transformer net.minecraftforge.coremod.transformer.CoreModMethodTransformer@5f01fb5c to Target : METHOD {Lnet/minecraftforge/common/extensions/IForgeItemStack;} {getEnchantmentLevel} {(Lnet/minecraft/world/item/enchantment/Enchantment;)I}
[28Dec2025 23:05:21.479] [main/DEBUG] [cpw.mods.modlauncher.TransformStore/MODLAUNCHER]: Adding transformer net.minecraftforge.coremod.transformer.CoreModMethodTransformer@75c77add to Target : METHOD {Lnet/minecraft/world/level/levelgen/WorldGenSettings;} {<init>} {(JZZLnet/minecraft/core/Registry;Ljava/util/Optional;)V}
[28Dec2025 23:05:21.479] [main/DEBUG] [cpw.mods.modlauncher.TransformStore/MODLAUNCHER]: Adding transformer net.minecraftforge.coremod.transformer.CoreModMethodTransformer@d5e3f55 to Target : METHOD {Lnet/minecraft/world/level/storage/LevelStorageSource;} {m_78204_} {(Lcom/mojang/serialization/Dynamic;Lcom/mojang/datafixers/DataFixer;I)Lcom/mojang/datafixers/util/Pair;}
[28Dec2025 23:05:21.479] [main/DEBUG] [cpw.mods.modlauncher.TransformStore/MODLAUNCHER]: Adding transformer net.minecraftforge.coremod.transformer.CoreModMethodTransformer@53df7e67 to Target : METHOD {Lnet/minecraft/client/gui/MapRenderer$MapInstance;} {m_93291_} {(Lcom/mojang/blaze3d/vertex/PoseStack;Lnet/minecraft/client/renderer/MultiBufferSource;ZI)V}
[28Dec2025 23:05:21.479] [main/DEBUG] [cpw.mods.modlauncher.TransformStore/MODLAUNCHER]: Adding transformer net.minecraftforge.coremod.transformer.CoreModMethodTransformer@3d4b45b to Target : METHOD {Lnet/minecraft/client/renderer/ItemInHandRenderer;} {m_109371_} {(Lnet/minecraft/client/player/AbstractClientPlayer;FFLnet/minecraft/world/InteractionHand;FLnet/minecraft/world/item/ItemStack;FLcom/mojang/blaze3d/vertex/PoseStack;Lnet/minecraft/client/renderer/MultiBufferSource;I)V}
[28Dec2025 23:05:21.479] [main/DEBUG] [cpw.mods.modlauncher.TransformStore/MODLAUNCHER]: Adding transformer net.minecraftforge.coremod.transformer.CoreModMethodTransformer@4d0b276e to Target : METHOD {Lnet/minecraft/world/entity/decoration/ItemFrame;} {m_218868_} {()Ljava/util/OptionalInt;}
[28Dec2025 23:05:21.479] [main/DEBUG] [cpw.mods.modlauncher.TransformStore/MODLAUNCHER]: Adding transformer net.minecraftforge.coremod.transformer.CoreModMethodTransformer@31531d0d to Target : METHOD {Lnet/minecraft/client/renderer/ItemInHandRenderer;} {m_109366_} {(Lcom/mojang/blaze3d/vertex/PoseStack;Lnet/minecraft/client/renderer/MultiBufferSource;ILnet/minecraft/world/item/ItemStack;)V}
[28Dec2025 23:05:21.479] [main/DEBUG] [cpw.mods.modlauncher.TransformStore/MODLAUNCHER]: Adding transformer net.minecraftforge.coremod.transformer.CoreModMethodTransformer@19d76106 to Target : METHOD {Lnet/minecraft/world/item/MapItem;} {m_7373_} {(Lnet/minecraft/world/item/ItemStack;Lnet/minecraft/world/level/Level;Ljava/util/List;Lnet/minecraft/world/item/TooltipFlag;)V}
[28Dec2025 23:05:21.479] [main/DEBUG] [cpw.mods.modlauncher.TransformStore/MODLAUNCHER]: Adding transformer net.minecraftforge.coremod.transformer.CoreModMethodTransformer@3f87780b to Target : METHOD {Lnet/minecraft/client/sounds/MusicManager;} {m_120183_} {()V}
[28Dec2025 23:05:21.480] [main/DEBUG] [cpw.mods.modlauncher.TransformStore/MODLAUNCHER]: Adding transformer net.minecraftforge.coremod.transformer.CoreModMethodTransformer@2ba318c2 to Target : METHOD {Lnet/minecraft/server/level/ServerEntity;} {m_8543_} {()V}
[28Dec2025 23:05:21.480] [main/DEBUG] [cpw.mods.modlauncher.TransformStore/MODLAUNCHER]: Adding transformer net.minecraftforge.coremod.transformer.CoreModMethodTransformer@231d3ce to Target : METHOD {Lnet/minecraft/client/renderer/entity/EntityRenderDispatcher;} {m_6213_} {(Lnet/minecraft/server/packs/resources/ResourceManager;)V}
[28Dec2025 23:05:21.480] [main/DEBUG] [cpw.mods.modlauncher.TransformStore/MODLAUNCHER]: Adding transformer net.minecraftforge.coremod.transformer.CoreModMethodTransformer@204c5ddf to Target : METHOD {Lnet/minecraft/client/renderer/entity/EntityRenderDispatcher;} {m_114382_} {(Lnet/minecraft/world/entity/Entity;)Lnet/minecraft/client/renderer/entity/EntityRenderer;}
[28Dec2025 23:05:21.480] [main/DEBUG] [cpw.mods.modlauncher.TransformStore/MODLAUNCHER]: Adding transformer net.minecraftforge.coremod.transformer.CoreModMethodTransformer@240f2efd to Target : METHOD {Lnet/minecraft/client/renderer/LevelRenderer;} {m_109599_} {(Lcom/mojang/blaze3d/vertex/PoseStack;FJZLnet/minecraft/client/Camera;Lnet/minecraft/client/renderer/GameRenderer;Lnet/minecraft/client/renderer/LightTexture;Lcom/mojang/math/Matrix4f;)V}
[28Dec2025 23:05:21.480] [main/DEBUG] [cpw.mods.modlauncher.TransformStore/MODLAUNCHER]: Adding transformer net.minecraftforge.coremod.transformer.CoreModMethodTransformer@175957b6 to Target : METHOD {Lnet/minecraft/client/renderer/BiomeColors;} {m_108807_} {(Lnet/minecraft/world/level/biome/Biome;DD)I}
[28Dec2025 23:05:21.480] [main/DEBUG] [cpw.mods.modlauncher.TransformStore/MODLAUNCHER]: Adding transformer net.minecraftforge.coremod.transformer.CoreModMethodTransformer@1b7a4930 to Target : METHOD {Lnet/minecraft/client/player/LocalPlayer;} {m_6083_} {()V}
[28Dec2025 23:05:21.480] [main/DEBUG] [cpw.mods.modlauncher.TransformStore/MODLAUNCHER]: Adding transformer net.minecraftforge.coremod.transformer.CoreModMethodTransformer@591a4d25 to Target : METHOD {Lnet/minecraft/world/item/WrittenBookItem;} {m_7626_} {(Lnet/minecraft/world/item/ItemStack;)Lnet/minecraft/network/chat/Component;}
[28Dec2025 23:05:21.480] [main/DEBUG] [cpw.mods.modlauncher.TransformStore/MODLAUNCHER]: Adding transformer net.minecraftforge.coremod.transformer.CoreModClassTransformer@5906ebfb to Target : CLASS {Lnet/minecraft/server/MinecraftServer;} {} {V}
[28Dec2025 23:05:21.480] [main/DEBUG] [cpw.mods.modlauncher.TransformStore/MODLAUNCHER]: Adding transformer net.minecraftforge.coremod.transformer.CoreModClassTransformer@10fc1a22 to Target : CLASS {Lnet/minecraft/world/entity/Entity;} {} {V}
[28Dec2025 23:05:21.480] [main/DEBUG] [cpw.mods.modlauncher.TransformStore/MODLAUNCHER]: Adding transformer net.minecraftforge.coremod.transformer.CoreModClassTransformer@1b841e7d to Target : CLASS {Lnet/minecraft/server/level/ServerPlayer;} {} {V}
[28Dec2025 23:05:21.480] [main/DEBUG] [cpw.mods.modlauncher.TransformStore/MODLAUNCHER]: Adding transformer net.minecraftforge.coremod.transformer.CoreModClassTransformer@6081f330 to Target : CLASS {Lcom/simibubi/create/content/kinetics/mechanicalArm/ArmInteractionPoint;} {} {V}
[28Dec2025 23:05:21.480] [main/DEBUG] [cpw.mods.modlauncher.TransformStore/MODLAUNCHER]: Adding transformer net.minecraftforge.coremod.transformer.CoreModClassTransformer@eb695e8 to Target : CLASS {Lcom/simibubi/create/content/contraptions/AbstractContraptionEntity;} {} {V}
[28Dec2025 23:05:21.480] [main/DEBUG] [cpw.mods.modlauncher.TransformStore/MODLAUNCHER]: Adding transformer net.minecraftforge.coremod.transformer.CoreModClassTransformer@7eebb316 to Target : CLASS {Lcom/simibubi/create/content/contraptions/Contraption;} {} {V}
[28Dec2025 23:05:21.480] [main/DEBUG] [cpw.mods.modlauncher.TransformStore/MODLAUNCHER]: Adding transformer net.minecraftforge.coremod.transformer.CoreModClassTransformer@45273d40 to Target : CLASS {Lnet/minecraft/world/entity/item/ItemEntity;} {} {V}
[28Dec2025 23:05:21.480] [main/DEBUG] [cpw.mods.modlauncher.TransformStore/MODLAUNCHER]: Adding transformer net.minecraftforge.coremod.transformer.CoreModClassTransformer@2a504ea7 to Target : CLASS {Lnet/minecraft/client/multiplayer/ClientLevel;} {} {V}
[28Dec2025 23:05:21.480] [main/DEBUG] [cpw.mods.modlauncher.TransformStore/MODLAUNCHER]: Adding transformer net.minecraftforge.coremod.transformer.CoreModClassTransformer@10f397d0 to Target : CLASS {Lnet/minecraft/world/entity/Entity;} {} {V}
[28Dec2025 23:05:21.480] [main/DEBUG] [cpw.mods.modlauncher.TransformStore/MODLAUNCHER]: Adding transformer net.minecraftforge.coremod.transformer.CoreModClassTransformer@33a3e5db to Target : CLASS {Lnet/minecraft/world/level/storage/loot/functions/EnchantRandomlyFunction;} {} {V}
[28Dec2025 23:05:21.480] [main/DEBUG] [cpw.mods.modlauncher.TransformStore/MODLAUNCHER]: Adding transformer net.minecraftforge.coremod.transformer.CoreModClassTransformer@33a3e5db to Target : CLASS {Lnet/minecraft/world/entity/npc/VillagerTrades$EnchantBookForEmeralds;} {} {V}
[28Dec2025 23:05:21.480] [main/DEBUG] [cpw.mods.modlauncher.TransformStore/MODLAUNCHER]: Adding transformer net.minecraftforge.coremod.transformer.CoreModClassTransformer@4f9213d2 to Target : CLASS {Lnet/minecraft/server/commands/EnchantCommand;} {} {V}
[28Dec2025 23:05:21.481] [main/DEBUG] [cpw.mods.modlauncher.TransformStore/MODLAUNCHER]: Adding transformer net.minecraftforge.coremod.transformer.CoreModClassTransformer@4f9213d2 to Target : CLASS {Lnet/minecraft/world/inventory/AnvilMenu;} {} {V}
[28Dec2025 23:05:21.481] [main/DEBUG] [cpw.mods.modlauncher.TransformStore/MODLAUNCHER]: Adding transformer net.minecraftforge.coremod.transformer.CoreModClassTransformer@4f9213d2 to Target : CLASS {Lcom/mrcrayfish/goblintraders/Hooks;} {} {V}
[28Dec2025 23:05:21.481] [main/DEBUG] [cpw.mods.modlauncher.TransformStore/MODLAUNCHER]: Adding transformer net.minecraftforge.coremod.transformer.CoreModClassTransformer@4f9213d2 to Target : CLASS {Lvazkii/quark/content/tools/item/AncientTomeItem;} {} {V}
[28Dec2025 23:05:21.481] [main/DEBUG] [cpw.mods.modlauncher.TransformStore/MODLAUNCHER]: Adding transformer net.minecraftforge.coremod.transformer.CoreModClassTransformer@4f9213d2 to Target : CLASS {Lvazkii/quark/content/tools/module/AncientTomesModule;} {} {V}
[28Dec2025 23:05:21.481] [main/DEBUG] [cpw.mods.modlauncher.TransformStore/MODLAUNCHER]: Adding transformer net.minecraftforge.coremod.transformer.CoreModClassTransformer@4f9213d2 to Target : CLASS {Lnet/minecraft/world/item/EnchantedBookItem;} {} {V}
[28Dec2025 23:05:21.481] [main/DEBUG] [cpw.mods.modlauncher.TransformStore/MODLAUNCHER]: Adding transformer net.minecraftforge.coremod.transformer.CoreModClassTransformer@679f59f1 to Target : CLASS {Lnet/minecraft/world/level/biome/Biome;} {} {V}
[28Dec2025 23:05:21.481] [main/DEBUG] [cpw.mods.modlauncher.TransformStore/MODLAUNCHER]: Adding transformer net.minecraftforge.coremod.transformer.CoreModClassTransformer@6b5e1fc5 to Target : CLASS {Lnet/minecraft/world/level/levelgen/structure/Structure;} {} {V}
[28Dec2025 23:05:21.481] [main/DEBUG] [cpw.mods.modlauncher.TransformStore/MODLAUNCHER]: Adding transformer net.minecraftforge.coremod.transformer.CoreModClassTransformer@47ffa248 to Target : CLASS {Lnet/minecraft/world/effect/MobEffectInstance;} {} {V}
[28Dec2025 23:05:21.481] [main/DEBUG] [cpw.mods.modlauncher.TransformStore/MODLAUNCHER]: Adding transformer net.minecraftforge.coremod.transformer.CoreModClassTransformer@18ac25e6 to Target : CLASS {Lnet/minecraft/world/level/block/LiquidBlock;} {} {V}
[28Dec2025 23:05:21.481] [main/DEBUG] [cpw.mods.modlauncher.TransformStore/MODLAUNCHER]: Adding transformer net.minecraftforge.coremod.transformer.CoreModClassTransformer@5e1a7d3 to Target : CLASS {Lnet/minecraft/world/item/BucketItem;} {} {V}
[28Dec2025 23:05:21.481] [main/DEBUG] [cpw.mods.modlauncher.TransformStore/MODLAUNCHER]: Adding transformer net.minecraftforge.coremod.transformer.CoreModClassTransformer@1eda309d to Target : CLASS {Lnet/minecraft/world/level/block/StairBlock;} {} {V}
[28Dec2025 23:05:21.481] [main/DEBUG] [cpw.mods.modlauncher.TransformStore/MODLAUNCHER]: Adding transformer net.minecraftforge.coremod.transformer.CoreModClassTransformer@248d2cec to Target : CLASS {Lnet/minecraft/world/level/block/FlowerPotBlock;} {} {V}
[28Dec2025 23:05:21.481] [main/DEBUG] [cpw.mods.modlauncher.TransformStore/MODLAUNCHER]: Adding transformer net.minecraftforge.coremod.transformer.CoreModClassTransformer@5d77be8e to Target : CLASS {Lnet/minecraft/world/item/ItemStack;} {} {V}
[28Dec2025 23:05:21.481] [main/DEBUG] [cpw.mods.modlauncher.TransformStore/MODLAUNCHER]: Adding transformer net.minecraftforge.coremod.transformer.CoreModClassTransformer@55a055cc to Target : CLASS {Lnet/minecraft/network/play/client/CClientSettingsPacket;} {} {V}
[28Dec2025 23:05:21.481] [main/DEBUG] [cpw.mods.modlauncher.TransformStore/MODLAUNCHER]: Adding transformer net.minecraftforge.coremod.transformer.CoreModClassTransformer@1ab1d93d to Target : CLASS {Lnet/minecraft/world/damagesource/DamageSource;} {} {V}
[28Dec2025 23:05:21.481] [main/DEBUG] [cpw.mods.modlauncher.TransformStore/MODLAUNCHER]: Adding transformer net.minecraftforge.coremod.transformer.CoreModClassTransformer@57167ccb to Target : CLASS {Lnet/minecraft/client/gui/screens/inventory/AbstractContainerScreen;} {} {V}
[28Dec2025 23:05:21.481] [main/DEBUG] [cpw.mods.modlauncher.TransformStore/MODLAUNCHER]: Adding transformer net.minecraftforge.coremod.transformer.CoreModClassTransformer@37753b69 to Target : CLASS {Lnet/minecraft/world/level/chunk/LevelChunk;} {} {V}
[28Dec2025 23:05:21.481] [main/DEBUG] [cpw.mods.modlauncher.TransformStore/MODLAUNCHER]: Adding transformer net.minecraftforge.coremod.transformer.CoreModClassTransformer@602c167e to Target : CLASS {Lnet/minecraft/client/multiplayer/ClientPacketListener;} {} {V}
[28Dec2025 23:05:21.481] [main/DEBUG] [cpw.mods.modlauncher.TransformStore/MODLAUNCHER]: Adding transformer net.minecraftforge.coremod.transformer.CoreModClassTransformer@74c04377 to Target : CLASS {Lnet/minecraft/client/multiplayer/ClientLevel;} {} {V}
[28Dec2025 23:05:21.481] [main/DEBUG] [cpw.mods.modlauncher.TransformStore/MODLAUNCHER]: Adding transformer net.minecraftforge.coremod.transformer.CoreModClassTransformer@10d49900 to Target : CLASS {Lnet/minecraft/network/protocol/game/ClientboundSectionBlocksUpdatePacket;} {} {V}
[28Dec2025 23:05:21.481] [main/DEBUG] [cpw.mods.modlauncher.TransformStore/MODLAUNCHER]: Adding transformer net.minecraftforge.coremod.transformer.CoreModClassTransformer@e645600 to Target : CLASS {Lnet/minecraft/client/gui/components/CycleButton;} {} {V}
[28Dec2025 23:05:21.481] [main/DEBUG] [cpw.mods.modlauncher.TransformStore/MODLAUNCHER]: Adding transformer net.minecraftforge.coremod.transformer.CoreModClassTransformer@e7b3e54 to Target : CLASS {Lnet/minecraft/server/MinecraftServer;} {} {V}
[28Dec2025 23:05:21.482] [main/DEBUG] [cpw.mods.modlauncher.TransformStore/MODLAUNCHER]: Adding transformer net.minecraftforge.coremod.transformer.CoreModClassTransformer@78d61f17 to Target : CLASS {Lnet/minecraft/server/level/ServerPlayer;} {} {V}
[28Dec2025 23:05:21.482] [main/DEBUG] [cpw.mods.modlauncher.TransformStore/MODLAUNCHER]: Adding transformer net.minecraftforge.coremod.transformer.CoreModClassTransformer@4cfe9594 to Target : CLASS {Lnet/minecraft/client/Minecraft;} {} {V}
[28Dec2025 23:05:21.482] [main/DEBUG] [cpw.mods.modlauncher.TransformStore/MODLAUNCHER]: Adding transformer net.minecraftforge.coremod.transformer.CoreModClassTransformer@60861e5d to Target : CLASS {Lnet/minecraft/client/gui/components/AbstractSelectionList;} {} {V}
[28Dec2025 23:05:21.482] [main/DEBUG] [cpw.mods.modlauncher.TransformStore/MODLAUNCHER]: Adding transformer net.minecraftforge.coremod.transformer.CoreModClassTransformer@37d81587 to Target : CLASS {Lnet/minecraft/world/level/chunk/LevelChunk;} {} {V}
[28Dec2025 23:05:21.482] [main/DEBUG] [cpw.mods.modlauncher.TransformStore/MODLAUNCHER]: Adding transformer net.minecraftforge.coremod.transformer.CoreModClassTransformer@7f3e9acc to Target : CLASS {Lnet/minecraft/client/multiplayer/ClientPacketListener;} {} {V}
[28Dec2025 23:05:21.482] [main/DEBUG] [cpw.mods.modlauncher.TransformStore/MODLAUNCHER]: Adding transformer net.minecraftforge.coremod.transformer.CoreModClassTransformer@47d4e28a to Target : CLASS {Lnet/minecraft/client/multiplayer/ClientLevel;} {} {V}
[28Dec2025 23:05:21.482] [main/DEBUG] [cpw.mods.modlauncher.TransformStore/MODLAUNCHER]: Adding transformer net.minecraftforge.coremod.transformer.CoreModClassTransformer@177068db to Target : CLASS {Lnet/minecraft/network/protocol/game/ClientboundSectionBlocksUpdatePacket;} {} {V}
[28Dec2025 23:05:21.482] [main/DEBUG] [cpw.mods.modlauncher.TransformStore/MODLAUNCHER]: Adding transformer net.minecraftforge.coremod.transformer.CoreModClassTransformer@60f3239f to Target : CLASS {Lnet/minecraft/client/gui/components/CycleButton;} {} {V}
[28Dec2025 23:05:21.482] [main/DEBUG] [cpw.mods.modlauncher.TransformStore/MODLAUNCHER]: Adding transformer net.minecraftforge.coremod.transformer.CoreModClassTransformer@6b103db7 to Target : CLASS {Lnet/minecraft/server/MinecraftServer;} {} {V}
[28Dec2025 23:05:21.482] [main/DEBUG] [cpw.mods.modlauncher.TransformStore/MODLAUNCHER]: Adding transformer net.minecraftforge.coremod.transformer.CoreModClassTransformer@b3042ed to Target : CLASS {Lnet/minecraft/server/level/ServerPlayer;} {} {V}
[28Dec2025 23:05:21.482] [main/DEBUG] [cpw.mods.modlauncher.TransformStore/MODLAUNCHER]: Adding transformer net.minecraftforge.coremod.transformer.CoreModClassTransformer@1f12d5e0 to Target : CLASS {Lnet/minecraft/client/Minecraft;} {} {V}
[28Dec2025 23:05:21.482] [main/DEBUG] [cpw.mods.modlauncher.TransformStore/MODLAUNCHER]: Adding transformer net.minecraftforge.coremod.transformer.CoreModClassTransformer@6604f246 to Target : CLASS {Lnet/minecraft/server/level/ServerLevel;} {} {V}
[28Dec2025 23:05:21.482] [main/DEBUG] [cpw.mods.modlauncher.TransformationServiceDecorator/MODLAUNCHER]: Initialized transformers for transformation service fml
[28Dec2025 23:05:22.711] [main/DEBUG] [mixin/]: Processing prepare() for PlatformAgent[MixinPlatformAgentDefault:ModLauncher Root Container(ModLauncher:4f56a0a2)]
[28Dec2025 23:05:22.711] [main/DEBUG] [mixin/]: Processing launch tasks for PlatformAgent[MixinPlatformAgentDefault:ModLauncher Root Container(ModLauncher:4f56a0a2)]
[28Dec2025 23:05:22.711] [main/DEBUG] [mixin/]: Adding mixin platform agents for container SecureJarResource(saturn)
[28Dec2025 23:05:22.711] [main/DEBUG] [mixin/]: Instancing new MixinPlatformAgentMinecraftForge for SecureJarResource(saturn)
[28Dec2025 23:05:22.711] [main/DEBUG] [mixin/]: MixinPlatformAgentMinecraftForge rejected container SecureJarResource(saturn)
[28Dec2025 23:05:22.711] [main/DEBUG] [mixin/]: Instancing new MixinPlatformAgentDefault for SecureJarResource(saturn)
[28Dec2025 23:05:22.711] [main/DEBUG] [mixin/]: MixinPlatformAgentDefault accepted container SecureJarResource(saturn)
[28Dec2025 23:05:22.711] [main/DEBUG] [mixin/]: Processing prepare() for PlatformAgent[MixinPlatformAgentDefault:SecureJarResource(saturn)]
[28Dec2025 23:05:22.711] [main/DEBUG] [mixin/]: Registering mixin config: saturn.mixins.json
[28Dec2025 23:05:22.723] [main/DEBUG] [mixin/]: Compatibility level JAVA_17 specified by saturn.mixins.json is higher than the maximum level supported by this version of mixin (JAVA_13).
[28Dec2025 23:05:22.726] [main/INFO] [mixin/]: Compatibility level set to JAVA_17
[28Dec2025 23:05:22.726] [main/DEBUG] [mixin/]: Adding mixin platform agents for container SecureJarResource(kubejs)
[28Dec2025 23:05:22.726] [main/DEBUG] [mixin/]: Instancing new MixinPlatformAgentMinecraftForge for SecureJarResource(kubejs)
[28Dec2025 23:05:22.727] [main/DEBUG] [mixin/]: MixinPlatformAgentMinecraftForge rejected container SecureJarResource(kubejs)
[28Dec2025 23:05:22.727] [main/DEBUG] [mixin/]: Instancing new MixinPlatformAgentDefault for SecureJarResource(kubejs)
[28Dec2025 23:05:22.727] [main/DEBUG] [mixin/]: MixinPlatformAgentDefault accepted container SecureJarResource(kubejs)
[28Dec2025 23:05:22.727] [main/DEBUG] [mixin/]: Processing prepare() for PlatformAgent[MixinPlatformAgentDefault:SecureJarResource(kubejs)]
[28Dec2025 23:05:22.727] [main/DEBUG] [mixin/]: Registering mixin config: kubejs-forge.mixins.json
[28Dec2025 23:05:22.728] [main/DEBUG] [mixin/]: Registering mixin config: kubejs-common.mixins.json
[28Dec2025 23:05:22.729] [main/DEBUG] [mixin/]: Adding mixin platform agents for container SecureJarResource(betterdungeons)
[28Dec2025 23:05:22.729] [main/DEBUG] [mixin/]: Instancing new MixinPlatformAgentMinecraftForge for SecureJarResource(betterdungeons)
[28Dec2025 23:05:22.729] [main/DEBUG] [mixin/]: MixinPlatformAgentMinecraftForge rejected container SecureJarResource(betterdungeons)
[28Dec2025 23:05:22.729] [main/DEBUG] [mixin/]: Instancing new MixinPlatformAgentDefault for SecureJarResource(betterdungeons)
[28Dec2025 23:05:22.729] [main/DEBUG] [mixin/]: MixinPlatformAgentDefault accepted container SecureJarResource(betterdungeons)
[28Dec2025 23:05:22.729] [main/DEBUG] [mixin/]: Processing prepare() for PlatformAgent[MixinPlatformAgentDefault:SecureJarResource(betterdungeons)]
[28Dec2025 23:05:22.730] [main/DEBUG] [mixin/]: Registering mixin config: betterdungeons.mixins.json
[28Dec2025 23:05:22.731] [main/DEBUG] [mixin/]: Registering mixin config: betterdungeons_forge.mixins.json
[28Dec2025 23:05:22.732] [main/DEBUG] [mixin/]: Adding mixin platform agents for container SecureJarResource(alexsmobs)
[28Dec2025 23:05:22.732] [main/DEBUG] [mixin/]: Instancing new MixinPlatformAgentMinecraftForge for SecureJarResource(alexsmobs)
[28Dec2025 23:05:22.732] [main/DEBUG] [mixin/]: MixinPlatformAgentMinecraftForge rejected container SecureJarResource(alexsmobs)
[28Dec2025 23:05:22.732] [main/DEBUG] [mixin/]: Instancing new MixinPlatformAgentDefault for SecureJarResource(alexsmobs)
[28Dec2025 23:05:22.732] [main/DEBUG] [mixin/]: MixinPlatformAgentDefault accepted container SecureJarResource(alexsmobs)
[28Dec2025 23:05:22.732] [main/DEBUG] [mixin/]: Processing prepare() for PlatformAgent[MixinPlatformAgentDefault:SecureJarResource(alexsmobs)]
[28Dec2025 23:05:22.732] [main/DEBUG] [mixin/]: Adding mixin platform agents for container SecureJarResource(openpartiesandclaims)
[28Dec2025 23:05:22.732] [main/DEBUG] [mixin/]: Instancing new MixinPlatformAgentMinecraftForge for SecureJarResource(openpartiesandclaims)
[28Dec2025 23:05:22.732] [main/DEBUG] [mixin/]: MixinPlatformAgentMinecraftForge rejected container SecureJarResource(openpartiesandclaims)
[28Dec2025 23:05:22.732] [main/DEBUG] [mixin/]: Instancing new MixinPlatformAgentDefault for SecureJarResource(openpartiesandclaims)
[28Dec2025 23:05:22.732] [main/DEBUG] [mixin/]: MixinPlatformAgentDefault accepted container SecureJarResource(openpartiesandclaims)
[28Dec2025 23:05:22.732] [main/DEBUG] [mixin/]: Processing prepare() for PlatformAgent[MixinPlatformAgentDefault:SecureJarResource(openpartiesandclaims)]
[28Dec2025 23:05:22.732] [main/DEBUG] [mixin/]: Adding mixin platform agents for container SecureJarResource(additionalentityattributes)
[28Dec2025 23:05:22.732] [main/DEBUG] [mixin/]: Instancing new MixinPlatformAgentMinecraftForge for SecureJarResource(additionalentityattributes)
[28Dec2025 23:05:22.732] [main/DEBUG] [mixin/]: MixinPlatformAgentMinecraftForge rejected container SecureJarResource(additionalentityattributes)
[28Dec2025 23:05:22.732] [main/DEBUG] [mixin/]: Instancing new MixinPlatformAgentDefault for SecureJarResource(additionalentityattributes)
[28Dec2025 23:05:22.732] [main/DEBUG] [mixin/]: MixinPlatformAgentDefault accepted container SecureJarResource(additionalentityattributes)
[28Dec2025 23:05:22.732] [main/DEBUG] [mixin/]: Processing prepare() for PlatformAgent[MixinPlatformAgentDefault:SecureJarResource(additionalentityattributes)]
[28Dec2025 23:05:22.732] [main/DEBUG] [mixin/]: Registering mixin config: additionalentityattributes.mixins.json
[28Dec2025 23:05:22.733] [main/DEBUG] [mixin/]: Adding mixin platform agents for container SecureJarResource(oriacs)
[28Dec2025 23:05:22.733] [main/DEBUG] [mixin/]: Instancing new MixinPlatformAgentMinecraftForge for SecureJarResource(oriacs)
[28Dec2025 23:05:22.733] [main/DEBUG] [mixin/]: MixinPlatformAgentMinecraftForge rejected container SecureJarResource(oriacs)
[28Dec2025 23:05:22.733] [main/DEBUG] [mixin/]: Instancing new MixinPlatformAgentDefault for SecureJarResource(oriacs)
[28Dec2025 23:05:22.733] [main/DEBUG] [mixin/]: MixinPlatformAgentDefault accepted container SecureJarResource(oriacs)
[28Dec2025 23:05:22.733] [main/DEBUG] [mixin/]: Processing prepare() for PlatformAgent[MixinPlatformAgentDefault:SecureJarResource(oriacs)]
[28Dec2025 23:05:22.733] [main/DEBUG] [mixin/]: Registering mixin config: oriacs.mixins.json
[28Dec2025 23:05:22.735] [main/DEBUG] [mixin/]: Adding mixin platform agents for container SecureJarResource(playeranimator)
[28Dec2025 23:05:22.735] [main/DEBUG] [mixin/]: Instancing new MixinPlatformAgentMinecraftForge for SecureJarResource(playeranimator)
[28Dec2025 23:05:22.735] [main/DEBUG] [mixin/]: MixinPlatformAgentMinecraftForge rejected container SecureJarResource(playeranimator)
[28Dec2025 23:05:22.735] [main/DEBUG] [mixin/]: Instancing new MixinPlatformAgentDefault for SecureJarResource(playeranimator)
[28Dec2025 23:05:22.735] [main/DEBUG] [mixin/]: MixinPlatformAgentDefault accepted container SecureJarResource(playeranimator)
[28Dec2025 23:05:22.735] [main/DEBUG] [mixin/]: Processing prepare() for PlatformAgent[MixinPlatformAgentDefault:SecureJarResource(playeranimator)]
[28Dec2025 23:05:22.735] [main/DEBUG] [mixin/]: Registering mixin config: playerAnimator-common.mixins.json
[28Dec2025 23:05:22.736] [main/DEBUG] [mixin/]: Compatibility level JAVA_16 specified by playerAnimator-common.mixins.json is higher than the maximum level supported by this version of mixin (JAVA_13).
[28Dec2025 23:05:22.736] [main/DEBUG] [mixin/]: Adding mixin platform agents for container SecureJarResource(majruszsdifficulty)
[28Dec2025 23:05:22.736] [main/DEBUG] [mixin/]: Instancing new MixinPlatformAgentMinecraftForge for SecureJarResource(majruszsdifficulty)
[28Dec2025 23:05:22.736] [main/DEBUG] [mixin/]: MixinPlatformAgentMinecraftForge rejected container SecureJarResource(majruszsdifficulty)
[28Dec2025 23:05:22.736] [main/DEBUG] [mixin/]: Instancing new MixinPlatformAgentDefault for SecureJarResource(majruszsdifficulty)
[28Dec2025 23:05:22.736] [main/DEBUG] [mixin/]: MixinPlatformAgentDefault accepted container SecureJarResource(majruszsdifficulty)
[28Dec2025 23:05:22.736] [main/DEBUG] [mixin/]: Processing prepare() for PlatformAgent[MixinPlatformAgentDefault:SecureJarResource(majruszsdifficulty)]
[28Dec2025 23:05:22.736] [main/DEBUG] [mixin/]: Registering mixin config: majruszsdifficulty-common.mixins.json
[28Dec2025 23:05:22.737] [main/DEBUG] [mixin/]: Registering mixin config: majruszsdifficulty-forge.mixins.json
[28Dec2025 23:05:22.738] [main/DEBUG] [mixin/]: Adding mixin platform agents for container SecureJarResource(entitycollisionfpsfix)
[28Dec2025 23:05:22.738] [main/DEBUG] [mixin/]: Instancing new MixinPlatformAgentMinecraftForge for SecureJarResource(entitycollisionfpsfix)
[28Dec2025 23:05:22.738] [main/DEBUG] [mixin/]: MixinPlatformAgentMinecraftForge rejected container SecureJarResource(entitycollisionfpsfix)
[28Dec2025 23:05:22.738] [main/DEBUG] [mixin/]: Instancing new MixinPlatformAgentDefault for SecureJarResource(entitycollisionfpsfix)
[28Dec2025 23:05:22.738] [main/DEBUG] [mixin/]: MixinPlatformAgentDefault accepted container SecureJarResource(entitycollisionfpsfix)
[28Dec2025 23:05:22.738] [main/DEBUG] [mixin/]: Processing prepare() for PlatformAgent[MixinPlatformAgentDefault:SecureJarResource(entitycollisionfpsfix)]
[28Dec2025 23:05:22.738] [main/DEBUG] [mixin/]: Registering mixin config: entitycollisionfpsfix.mixins.json
[28Dec2025 23:05:22.739] [main/DEBUG] [mixin/]: Registering mixin config: entitycollisionfpsfix.forge.mixins.json
[28Dec2025 23:05:22.740] [main/DEBUG] [mixin/]: Adding mixin platform agents for container SecureJarResource(nerb)
[28Dec2025 23:05:22.740] [main/DEBUG] [mixin/]: Instancing new MixinPlatformAgentMinecraftForge for SecureJarResource(nerb)
[28Dec2025 23:05:22.740] [main/DEBUG] [mixin/]: MixinPlatformAgentMinecraftForge rejected container SecureJarResource(nerb)
[28Dec2025 23:05:22.740] [main/DEBUG] [mixin/]: Instancing new MixinPlatformAgentDefault for SecureJarResource(nerb)
[28Dec2025 23:05:22.740] [main/DEBUG] [mixin/]: MixinPlatformAgentDefault accepted container SecureJarResource(nerb)
[28Dec2025 23:05:22.740] [main/DEBUG] [mixin/]: Processing prepare() for PlatformAgent[MixinPlatformAgentDefault:SecureJarResource(nerb)]
[28Dec2025 23:05:22.740] [main/DEBUG] [mixin/]: Registering mixin config: nerb-common.mixins.json
[28Dec2025 23:05:22.741] [main/DEBUG] [mixin/]: Registering mixin config: nerb.mixins.json
[28Dec2025 23:05:22.742] [main/DEBUG] [mixin/]: Adding mixin platform agents for container SecureJarResource(apoli)
[28Dec2025 23:05:22.742] [main/DEBUG] [mixin/]: Instancing new MixinPlatformAgentMinecraftForge for SecureJarResource(apoli)
[28Dec2025 23:05:22.742] [main/DEBUG] [mixin/]: MixinPlatformAgentMinecraftForge rejected container SecureJarResource(apoli)
[28Dec2025 23:05:22.742] [main/DEBUG] [mixin/]: Instancing new MixinPlatformAgentDefault for SecureJarResource(apoli)
[28Dec2025 23:05:22.742] [main/DEBUG] [mixin/]: MixinPlatformAgentDefault accepted container SecureJarResource(apoli)
[28Dec2025 23:05:22.742] [main/DEBUG] [mixin/]: Processing prepare() for PlatformAgent[MixinPlatformAgentDefault:SecureJarResource(apoli)]
[28Dec2025 23:05:22.742] [main/DEBUG] [mixin/]: Registering mixin config: apoli.mixins.json
[28Dec2025 23:05:22.743] [main/DEBUG] [mixin/]: Adding mixin platform agents for container SecureJarResource(stalwart_dungeons)
[28Dec2025 23:05:22.743] [main/DEBUG] [mixin/]: Instancing new MixinPlatformAgentMinecraftForge for SecureJarResource(stalwart_dungeons)
[28Dec2025 23:05:22.743] [main/DEBUG] [mixin/]: MixinPlatformAgentMinecraftForge rejected container SecureJarResource(stalwart_dungeons)
[28Dec2025 23:05:22.743] [main/DEBUG] [mixin/]: Instancing new MixinPlatformAgentDefault for SecureJarResource(stalwart_dungeons)
[28Dec2025 23:05:22.743] [main/DEBUG] [mixin/]: MixinPlatformAgentDefault accepted container SecureJarResource(stalwart_dungeons)
[28Dec2025 23:05:22.743] [main/DEBUG] [mixin/]: Processing prepare() for PlatformAgent[MixinPlatformAgentDefault:SecureJarResource(stalwart_dungeons)]
[28Dec2025 23:05:22.743] [main/DEBUG] [mixin/]: Adding mixin platform agents for container SecureJarResource(rubidium)
[28Dec2025 23:05:22.743] [main/DEBUG] [mixin/]: Instancing new MixinPlatformAgentMinecraftForge for SecureJarResource(rubidium)
[28Dec2025 23:05:22.743] [main/DEBUG] [mixin/]: MixinPlatformAgentMinecraftForge rejected container SecureJarResource(rubidium)
[28Dec2025 23:05:22.743] [main/DEBUG] [mixin/]: Instancing new MixinPlatformAgentDefault for SecureJarResource(rubidium)
[28Dec2025 23:05:22.743] [main/DEBUG] [mixin/]: MixinPlatformAgentDefault accepted container SecureJarResource(rubidium)
[28Dec2025 23:05:22.743] [main/DEBUG] [mixin/]: Processing prepare() for PlatformAgent[MixinPlatformAgentDefault:SecureJarResource(rubidium)]
[28Dec2025 23:05:22.743] [main/DEBUG] [mixin/]: Registering mixin config: rubidium.mixins.json
[28Dec2025 23:05:22.745] [main/DEBUG] [mixin/]: Registering mixin config: rubidium.compat.mixins.json
[28Dec2025 23:05:22.745] [main/DEBUG] [mixin/]: Compatibility level JAVA_8 specified by rubidium.compat.mixins.json is lower than the default level supported by the current mixin service (JAVA_16).
[28Dec2025 23:05:22.746] [main/DEBUG] [mixin/]: Adding mixin platform agents for container SecureJarResource(doapi)
[28Dec2025 23:05:22.746] [main/DEBUG] [mixin/]: Instancing new MixinPlatformAgentMinecraftForge for SecureJarResource(doapi)
[28Dec2025 23:05:22.746] [main/DEBUG] [mixin/]: MixinPlatformAgentMinecraftForge rejected container SecureJarResource(doapi)
[28Dec2025 23:05:22.746] [main/DEBUG] [mixin/]: Instancing new MixinPlatformAgentDefault for SecureJarResource(doapi)
[28Dec2025 23:05:22.746] [main/DEBUG] [mixin/]: MixinPlatformAgentDefault accepted container SecureJarResource(doapi)
[28Dec2025 23:05:22.746] [main/DEBUG] [mixin/]: Processing prepare() for PlatformAgent[MixinPlatformAgentDefault:SecureJarResource(doapi)]
[28Dec2025 23:05:22.746] [main/DEBUG] [mixin/]: Registering mixin config: doapi-common.mixins.json
[28Dec2025 23:05:22.747] [main/DEBUG] [mixin/]: Registering mixin config: doapi.mixins.json
[28Dec2025 23:05:22.748] [main/DEBUG] [mixin/]: Adding mixin platform agents for container SecureJarResource(modernfix)
[28Dec2025 23:05:22.748] [main/DEBUG] [mixin/]: Instancing new MixinPlatformAgentMinecraftForge for SecureJarResource(modernfix)
[28Dec2025 23:05:22.748] [main/DEBUG] [mixin/]: MixinPlatformAgentMinecraftForge rejected container SecureJarResource(modernfix)
[28Dec2025 23:05:22.748] [main/DEBUG] [mixin/]: Instancing new MixinPlatformAgentDefault for SecureJarResource(modernfix)
[28Dec2025 23:05:22.748] [main/DEBUG] [mixin/]: MixinPlatformAgentDefault accepted container SecureJarResource(modernfix)
[28Dec2025 23:05:22.748] [main/DEBUG] [mixin/]: Processing prepare() for PlatformAgent[MixinPlatformAgentDefault:SecureJarResource(modernfix)]
[28Dec2025 23:05:22.748] [main/DEBUG] [mixin/]: Registering mixin config: modernfix-common.mixins.json
[28Dec2025 23:05:22.749] [main/DEBUG] [mixin/]: Registering mixin config: modernfix-forge.mixins.json
[28Dec2025 23:05:22.750] [main/DEBUG] [mixin/]: Adding mixin platform agents for container SecureJarResource(gateways)
[28Dec2025 23:05:22.750] [main/DEBUG] [mixin/]: Instancing new MixinPlatformAgentMinecraftForge for SecureJarResource(gateways)
[28Dec2025 23:05:22.750] [main/DEBUG] [mixin/]: MixinPlatformAgentMinecraftForge rejected container SecureJarResource(gateways)
[28Dec2025 23:05:22.750] [main/DEBUG] [mixin/]: Instancing new MixinPlatformAgentDefault for SecureJarResource(gateways)
[28Dec2025 23:05:22.750] [main/DEBUG] [mixin/]: MixinPlatformAgentDefault accepted container SecureJarResource(gateways)
[28Dec2025 23:05:22.750] [main/DEBUG] [mixin/]: Processing prepare() for PlatformAgent[MixinPlatformAgentDefault:SecureJarResource(gateways)]
[28Dec2025 23:05:22.750] [main/DEBUG] [mixin/]: Adding mixin platform agents for container SecureJarResource(yungsapi)
[28Dec2025 23:05:22.750] [main/DEBUG] [mixin/]: Instancing new MixinPlatformAgentMinecraftForge for SecureJarResource(yungsapi)
[28Dec2025 23:05:22.751] [main/DEBUG] [mixin/]: MixinPlatformAgentMinecraftForge rejected container SecureJarResource(yungsapi)
[28Dec2025 23:05:22.751] [main/DEBUG] [mixin/]: Instancing new MixinPlatformAgentDefault for SecureJarResource(yungsapi)
[28Dec2025 23:05:22.751] [main/DEBUG] [mixin/]: MixinPlatformAgentDefault accepted container SecureJarResource(yungsapi)
[28Dec2025 23:05:22.751] [main/DEBUG] [mixin/]: Processing prepare() for PlatformAgent[MixinPlatformAgentDefault:SecureJarResource(yungsapi)]
[28Dec2025 23:05:22.751] [main/DEBUG] [mixin/]: Registering mixin config: yungsapi.mixins.json
[28Dec2025 23:05:22.751] [main/DEBUG] [mixin/]: Registering mixin config: yungsapi_forge.mixins.json
[28Dec2025 23:05:22.752] [main/DEBUG] [mixin/]: Adding mixin platform agents for container SecureJarResource(maxhealthfix)
[28Dec2025 23:05:22.752] [main/DEBUG] [mixin/]: Instancing new MixinPlatformAgentMinecraftForge for SecureJarResource(maxhealthfix)
[28Dec2025 23:05:22.752] [main/DEBUG] [mixin/]: MixinPlatformAgentMinecraftForge rejected container SecureJarResource(maxhealthfix)
[28Dec2025 23:05:22.752] [main/DEBUG] [mixin/]: Instancing new MixinPlatformAgentDefault for SecureJarResource(maxhealthfix)
[28Dec2025 23:05:22.752] [main/DEBUG] [mixin/]: MixinPlatformAgentDefault accepted container SecureJarResource(maxhealthfix)
[28Dec2025 23:05:22.752] [main/DEBUG] [mixin/]: Processing prepare() for PlatformAgent[MixinPlatformAgentDefault:SecureJarResource(maxhealthfix)]
[28Dec2025 23:05:22.752] [main/DEBUG] [mixin/]: Registering mixin config: maxhealthfix.common.mixins.json
[28Dec2025 23:05:22.753] [main/DEBUG] [mixin/]: Registering mixin config: maxhealthfix.forge.mixins.json
[28Dec2025 23:05:22.754] [main/DEBUG] [mixin/]: Adding mixin platform agents for container SecureJarResource(upgradednetherite_items)
[28Dec2025 23:05:22.754] [main/DEBUG] [mixin/]: Instancing new MixinPlatformAgentMinecraftForge for SecureJarResource(upgradednetherite_items)
[28Dec2025 23:05:22.754] [main/DEBUG] [mixin/]: MixinPlatformAgentMinecraftForge rejected container SecureJarResource(upgradednetherite_items)
[28Dec2025 23:05:22.754] [main/DEBUG] [mixin/]: Instancing new MixinPlatformAgentDefault for SecureJarResource(upgradednetherite_items)
[28Dec2025 23:05:22.754] [main/DEBUG] [mixin/]: MixinPlatformAgentDefault accepted container SecureJarResource(upgradednetherite_items)
[28Dec2025 23:05:22.754] [main/DEBUG] [mixin/]: Processing prepare() for PlatformAgent[MixinPlatformAgentDefault:SecureJarResource(upgradednetherite_items)]
[28Dec2025 23:05:22.754] [main/DEBUG] [mixin/]: Adding mixin platform agents for container SecureJarResource(vinery)
[28Dec2025 23:05:22.754] [main/DEBUG] [mixin/]: Instancing new MixinPlatformAgentMinecraftForge for SecureJarResource(vinery)
[28Dec2025 23:05:22.754] [main/DEBUG] [mixin/]: MixinPlatformAgentMinecraftForge rejected container SecureJarResource(vinery)
[28Dec2025 23:05:22.754] [main/DEBUG] [mixin/]: Instancing new MixinPlatformAgentDefault for SecureJarResource(vinery)
[28Dec2025 23:05:22.754] [main/DEBUG] [mixin/]: MixinPlatformAgentDefault accepted container SecureJarResource(vinery)
[28Dec2025 23:05:22.754] [main/DEBUG] [mixin/]: Processing prepare() for PlatformAgent[MixinPlatformAgentDefault:SecureJarResource(vinery)]
[28Dec2025 23:05:22.754] [main/DEBUG] [mixin/]: Registering mixin config: vinery-common.mixins.json
[28Dec2025 23:05:22.755] [main/DEBUG] [mixin/]: Registering mixin config: vinery.mixins.json
[28Dec2025 23:05:22.756] [main/DEBUG] [mixin/]: Adding mixin platform agents for container SecureJarResource(apotheosis)
[28Dec2025 23:05:22.756] [main/DEBUG] [mixin/]: Instancing new MixinPlatformAgentMinecraftForge for SecureJarResource(apotheosis)
[28Dec2025 23:05:22.756] [main/DEBUG] [mixin/]: MixinPlatformAgentMinecraftForge rejected container SecureJarResource(apotheosis)
[28Dec2025 23:05:22.756] [main/DEBUG] [mixin/]: Instancing new MixinPlatformAgentDefault for SecureJarResource(apotheosis)
[28Dec2025 23:05:22.756] [main/DEBUG] [mixin/]: MixinPlatformAgentDefault accepted container SecureJarResource(apotheosis)
[28Dec2025 23:05:22.756] [main/DEBUG] [mixin/]: Processing prepare() for PlatformAgent[MixinPlatformAgentDefault:SecureJarResource(apotheosis)]
[28Dec2025 23:05:22.757] [main/DEBUG] [mixin/]: Registering mixin config: apotheosis.mixins.json
[28Dec2025 23:05:22.757] [main/DEBUG] [mixin/]: Adding mixin platform agents for container SecureJarResource(savage_and_ravage)
[28Dec2025 23:05:22.757] [main/DEBUG] [mixin/]: Instancing new MixinPlatformAgentMinecraftForge for SecureJarResource(savage_and_ravage)
[28Dec2025 23:05:22.757] [main/DEBUG] [mixin/]: MixinPlatformAgentMinecraftForge rejected container SecureJarResource(savage_and_ravage)
[28Dec2025 23:05:22.758] [main/DEBUG] [mixin/]: Instancing new MixinPlatformAgentDefault for SecureJarResource(savage_and_ravage)
[28Dec2025 23:05:22.758] [main/DEBUG] [mixin/]: MixinPlatformAgentDefault accepted container SecureJarResource(savage_and_ravage)
[28Dec2025 23:05:22.758] [main/DEBUG] [mixin/]: Processing prepare() for PlatformAgent[MixinPlatformAgentDefault:SecureJarResource(savage_and_ravage)]
[28Dec2025 23:05:22.758] [main/DEBUG] [mixin/]: Registering mixin config: savage_and_ravage.mixins.json
[28Dec2025 23:05:22.758] [main/DEBUG] [mixin/]: Adding mixin platform agents for container SecureJarResource(clayworks)
[28Dec2025 23:05:22.758] [main/DEBUG] [mixin/]: Instancing new MixinPlatformAgentMinecraftForge for SecureJarResource(clayworks)
[28Dec2025 23:05:22.758] [main/DEBUG] [mixin/]: MixinPlatformAgentMinecraftForge rejected container SecureJarResource(clayworks)
[28Dec2025 23:05:22.758] [main/DEBUG] [mixin/]: Instancing new MixinPlatformAgentDefault for SecureJarResource(clayworks)
[28Dec2025 23:05:22.758] [main/DEBUG] [mixin/]: MixinPlatformAgentDefault accepted container SecureJarResource(clayworks)
[28Dec2025 23:05:22.759] [main/DEBUG] [mixin/]: Processing prepare() for PlatformAgent[MixinPlatformAgentDefault:SecureJarResource(clayworks)]
[28Dec2025 23:05:22.759] [main/DEBUG] [mixin/]: Adding mixin platform agents for container SecureJarResource(balm)
[28Dec2025 23:05:22.759] [main/DEBUG] [mixin/]: Instancing new MixinPlatformAgentMinecraftForge for SecureJarResource(balm)
[28Dec2025 23:05:22.759] [main/DEBUG] [mixin/]: MixinPlatformAgentMinecraftForge rejected container SecureJarResource(balm)
[28Dec2025 23:05:22.759] [main/DEBUG] [mixin/]: Instancing new MixinPlatformAgentDefault for SecureJarResource(balm)
[28Dec2025 23:05:22.759] [main/DEBUG] [mixin/]: MixinPlatformAgentDefault accepted container SecureJarResource(balm)
[28Dec2025 23:05:22.759] [main/DEBUG] [mixin/]: Processing prepare() for PlatformAgent[MixinPlatformAgentDefault:SecureJarResource(balm)]
[28Dec2025 23:05:22.759] [main/DEBUG] [mixin/]: Registering mixin config: balm.mixins.json
[28Dec2025 23:05:22.760] [main/DEBUG] [mixin/]: Adding mixin platform agents for container SecureJarResource(immersive_armors)
[28Dec2025 23:05:22.760] [main/DEBUG] [mixin/]: Instancing new MixinPlatformAgentMinecraftForge for SecureJarResource(immersive_armors)
[28Dec2025 23:05:22.760] [main/DEBUG] [mixin/]: MixinPlatformAgentMinecraftForge rejected container SecureJarResource(immersive_armors)
[28Dec2025 23:05:22.760] [main/DEBUG] [mixin/]: Instancing new MixinPlatformAgentDefault for SecureJarResource(immersive_armors)
[28Dec2025 23:05:22.760] [main/DEBUG] [mixin/]: MixinPlatformAgentDefault accepted container SecureJarResource(immersive_armors)
[28Dec2025 23:05:22.760] [main/DEBUG] [mixin/]: Processing prepare() for PlatformAgent[MixinPlatformAgentDefault:SecureJarResource(immersive_armors)]
[28Dec2025 23:05:22.760] [main/DEBUG] [mixin/]: Registering mixin config: immersive_armors.mixins.json
[28Dec2025 23:05:22.760] [main/DEBUG] [mixin/]: Adding mixin platform agents for container SecureJarResource(jeresources)
[28Dec2025 23:05:22.760] [main/DEBUG] [mixin/]: Instancing new MixinPlatformAgentMinecraftForge for SecureJarResource(jeresources)
[28Dec2025 23:05:22.760] [main/DEBUG] [mixin/]: MixinPlatformAgentMinecraftForge rejected container SecureJarResource(jeresources)
[28Dec2025 23:05:22.760] [main/DEBUG] [mixin/]: Instancing new MixinPlatformAgentDefault for SecureJarResource(jeresources)
[28Dec2025 23:05:22.761] [main/DEBUG] [mixin/]: MixinPlatformAgentDefault accepted container SecureJarResource(jeresources)
[28Dec2025 23:05:22.761] [main/DEBUG] [mixin/]: Processing prepare() for PlatformAgent[MixinPlatformAgentDefault:SecureJarResource(jeresources)]
[28Dec2025 23:05:22.761] [main/DEBUG] [mixin/]: Adding mixin platform agents for container SecureJarResource(cloth_config)
[28Dec2025 23:05:22.761] [main/DEBUG] [mixin/]: Instancing new MixinPlatformAgentMinecraftForge for SecureJarResource(cloth_config)
[28Dec2025 23:05:22.761] [main/DEBUG] [mixin/]: MixinPlatformAgentMinecraftForge rejected container SecureJarResource(cloth_config)
[28Dec2025 23:05:22.761] [main/DEBUG] [mixin/]: Instancing new MixinPlatformAgentDefault for SecureJarResource(cloth_config)
[28Dec2025 23:05:22.761] [main/DEBUG] [mixin/]: MixinPlatformAgentDefault accepted container SecureJarResource(cloth_config)
[28Dec2025 23:05:22.761] [main/DEBUG] [mixin/]: Processing prepare() for PlatformAgent[MixinPlatformAgentDefault:SecureJarResource(cloth_config)]
[28Dec2025 23:05:22.761] [main/DEBUG] [mixin/]: Adding mixin platform agents for container SecureJarResource(betterfortresses)
[28Dec2025 23:05:22.761] [main/DEBUG] [mixin/]: Instancing new MixinPlatformAgentMinecraftForge for SecureJarResource(betterfortresses)
[28Dec2025 23:05:22.761] [main/DEBUG] [mixin/]: MixinPlatformAgentMinecraftForge rejected container SecureJarResource(betterfortresses)
[28Dec2025 23:05:22.761] [main/DEBUG] [mixin/]: Instancing new MixinPlatformAgentDefault for SecureJarResource(betterfortresses)
[28Dec2025 23:05:22.761] [main/DEBUG] [mixin/]: MixinPlatformAgentDefault accepted container SecureJarResource(betterfortresses)
[28Dec2025 23:05:22.761] [main/DEBUG] [mixin/]: Processing prepare() for PlatformAgent[MixinPlatformAgentDefault:SecureJarResource(betterfortresses)]
[28Dec2025 23:05:22.761] [main/DEBUG] [mixin/]: Registering mixin config: betterfortresses.mixins.json
[28Dec2025 23:05:22.761] [main/DEBUG] [mixin/]: Registering mixin config: betterfortresses_forge.mixins.json
[28Dec2025 23:05:22.762] [main/DEBUG] [mixin/]: Adding mixin platform agents for container SecureJarResource(ctov)
[28Dec2025 23:05:22.762] [main/DEBUG] [mixin/]: Instancing new MixinPlatformAgentMinecraftForge for SecureJarResource(ctov)
[28Dec2025 23:05:22.762] [main/DEBUG] [mixin/]: MixinPlatformAgentMinecraftForge rejected container SecureJarResource(ctov)
[28Dec2025 23:05:22.762] [main/DEBUG] [mixin/]: Instancing new MixinPlatformAgentDefault for SecureJarResource(ctov)
[28Dec2025 23:05:22.762] [main/DEBUG] [mixin/]: MixinPlatformAgentDefault accepted container SecureJarResource(ctov)
[28Dec2025 23:05:22.762] [main/DEBUG] [mixin/]: Processing prepare() for PlatformAgent[MixinPlatformAgentDefault:SecureJarResource(ctov)]
[28Dec2025 23:05:22.762] [main/DEBUG] [mixin/]: Adding mixin platform agents for container SecureJarResource(autoleveling)
[28Dec2025 23:05:22.762] [main/DEBUG] [mixin/]: Instancing new MixinPlatformAgentMinecraftForge for SecureJarResource(autoleveling)
[28Dec2025 23:05:22.762] [main/DEBUG] [mixin/]: MixinPlatformAgentMinecraftForge rejected container SecureJarResource(autoleveling)
[28Dec2025 23:05:22.762] [main/DEBUG] [mixin/]: Instancing new MixinPlatformAgentDefault for SecureJarResource(autoleveling)
[28Dec2025 23:05:22.762] [main/DEBUG] [mixin/]: MixinPlatformAgentDefault accepted container SecureJarResource(autoleveling)
[28Dec2025 23:05:22.762] [main/DEBUG] [mixin/]: Processing prepare() for PlatformAgent[MixinPlatformAgentDefault:SecureJarResource(autoleveling)]
[28Dec2025 23:05:22.762] [main/DEBUG] [mixin/]: Registering mixin config: autoleveling.mixins.json
[28Dec2025 23:05:22.764] [main/DEBUG] [mixin/]: Adding mixin platform agents for container SecureJarResource(leavesbegone)
[28Dec2025 23:05:22.764] [main/DEBUG] [mixin/]: Instancing new MixinPlatformAgentMinecraftForge for SecureJarResource(leavesbegone)
[28Dec2025 23:05:22.764] [main/DEBUG] [mixin/]: MixinPlatformAgentMinecraftForge rejected container SecureJarResource(leavesbegone)
[28Dec2025 23:05:22.764] [main/DEBUG] [mixin/]: Instancing new MixinPlatformAgentDefault for SecureJarResource(leavesbegone)
[28Dec2025 23:05:22.764] [main/DEBUG] [mixin/]: MixinPlatformAgentDefault accepted container SecureJarResource(leavesbegone)
[28Dec2025 23:05:22.764] [main/DEBUG] [mixin/]: Processing prepare() for PlatformAgent[MixinPlatformAgentDefault:SecureJarResource(leavesbegone)]
[28Dec2025 23:05:22.764] [main/DEBUG] [mixin/]: Registering mixin config: leavesbegone.common.mixins.json
[28Dec2025 23:05:22.765] [main/DEBUG] [mixin/]: Adding mixin platform agents for container SecureJarResource(iter_rpg)
[28Dec2025 23:05:22.765] [main/DEBUG] [mixin/]: Instancing new MixinPlatformAgentMinecraftForge for SecureJarResource(iter_rpg)
[28Dec2025 23:05:22.765] [main/DEBUG] [mixin/]: MixinPlatformAgentMinecraftForge rejected container SecureJarResource(iter_rpg)
[28Dec2025 23:05:22.765] [main/DEBUG] [mixin/]: Instancing new MixinPlatformAgentDefault for SecureJarResource(iter_rpg)
[28Dec2025 23:05:22.765] [main/DEBUG] [mixin/]: MixinPlatformAgentDefault accepted container SecureJarResource(iter_rpg)
[28Dec2025 23:05:22.765] [main/DEBUG] [mixin/]: Processing prepare() for PlatformAgent[MixinPlatformAgentDefault:SecureJarResource(iter_rpg)]
[28Dec2025 23:05:22.765] [main/DEBUG] [mixin/]: Adding mixin platform agents for container SecureJarResource(supplementaries)
[28Dec2025 23:05:22.765] [main/DEBUG] [mixin/]: Instancing new MixinPlatformAgentMinecraftForge for SecureJarResource(supplementaries)
[28Dec2025 23:05:22.765] [main/DEBUG] [mixin/]: MixinPlatformAgentMinecraftForge rejected container SecureJarResource(supplementaries)
[28Dec2025 23:05:22.765] [main/DEBUG] [mixin/]: Instancing new MixinPlatformAgentDefault for SecureJarResource(supplementaries)
[28Dec2025 23:05:22.765] [main/DEBUG] [mixin/]: MixinPlatformAgentDefault accepted container SecureJarResource(supplementaries)
[28Dec2025 23:05:22.765] [main/DEBUG] [mixin/]: Processing prepare() for PlatformAgent[MixinPlatformAgentDefault:SecureJarResource(supplementaries)]
[28Dec2025 23:05:22.765] [main/DEBUG] [mixin/]: Registering mixin config: supplementaries-common.mixins.json
[28Dec2025 23:05:22.766] [main/DEBUG] [mixin/]: Registering mixin config: supplementaries.mixins.json
[28Dec2025 23:05:22.767] [main/DEBUG] [mixin/]: Adding mixin platform agents for container SecureJarResource(stylecolonies)
[28Dec2025 23:05:22.768] [main/DEBUG] [mixin/]: Instancing new MixinPlatformAgentMinecraftForge for SecureJarResource(stylecolonies)
[28Dec2025 23:05:22.768] [main/DEBUG] [mixin/]: MixinPlatformAgentMinecraftForge rejected container SecureJarResource(stylecolonies)
[28Dec2025 23:05:22.768] [main/DEBUG] [mixin/]: Instancing new MixinPlatformAgentDefault for SecureJarResource(stylecolonies)
[28Dec2025 23:05:22.768] [main/DEBUG] [mixin/]: MixinPlatformAgentDefault accepted container SecureJarResource(stylecolonies)
[28Dec2025 23:05:22.768] [main/DEBUG] [mixin/]: Processing prepare() for PlatformAgent[MixinPlatformAgentDefault:SecureJarResource(stylecolonies)]
[28Dec2025 23:05:22.768] [main/DEBUG] [mixin/]: Adding mixin platform agents for container SecureJarResource(upgradednetherite)
[28Dec2025 23:05:22.768] [main/DEBUG] [mixin/]: Instancing new MixinPlatformAgentMinecraftForge for SecureJarResource(upgradednetherite)
[28Dec2025 23:05:22.768] [main/DEBUG] [mixin/]: MixinPlatformAgentMinecraftForge rejected container SecureJarResource(upgradednetherite)
[28Dec2025 23:05:22.768] [main/DEBUG] [mixin/]: Instancing new MixinPlatformAgentDefault for SecureJarResource(upgradednetherite)
[28Dec2025 23:05:22.768] [main/DEBUG] [mixin/]: MixinPlatformAgentDefault accepted container SecureJarResource(upgradednetherite)
[28Dec2025 23:05:22.768] [main/DEBUG] [mixin/]: Processing prepare() for PlatformAgent[MixinPlatformAgentDefault:SecureJarResource(upgradednetherite)]
[28Dec2025 23:05:22.768] [main/DEBUG] [mixin/]: Registering mixin config: upgradednetherite.mixins.json
[28Dec2025 23:05:22.769] [main/DEBUG] [mixin/]: Adding mixin platform agents for container SecureJarResource(advancementplaques)
[28Dec2025 23:05:22.769] [main/DEBUG] [mixin/]: Instancing new MixinPlatformAgentMinecraftForge for SecureJarResource(advancementplaques)
[28Dec2025 23:05:22.769] [main/DEBUG] [mixin/]: MixinPlatformAgentMinecraftForge rejected container SecureJarResource(advancementplaques)
[28Dec2025 23:05:22.769] [main/DEBUG] [mixin/]: Instancing new MixinPlatformAgentDefault for SecureJarResource(advancementplaques)
[28Dec2025 23:05:22.769] [main/DEBUG] [mixin/]: MixinPlatformAgentDefault accepted container SecureJarResource(advancementplaques)
[28Dec2025 23:05:22.769] [main/DEBUG] [mixin/]: Processing prepare() for PlatformAgent[MixinPlatformAgentDefault:SecureJarResource(advancementplaques)]
[28Dec2025 23:05:22.769] [main/DEBUG] [mixin/]: Adding mixin platform agents for container SecureJarResource(corpse)
[28Dec2025 23:05:22.769] [main/DEBUG] [mixin/]: Instancing new MixinPlatformAgentMinecraftForge for SecureJarResource(corpse)
[28Dec2025 23:05:22.769] [main/DEBUG] [mixin/]: MixinPlatformAgentMinecraftForge rejected container SecureJarResource(corpse)
[28Dec2025 23:05:22.769] [main/DEBUG] [mixin/]: Instancing new MixinPlatformAgentDefault for SecureJarResource(corpse)
[28Dec2025 23:05:22.769] [main/DEBUG] [mixin/]: MixinPlatformAgentDefault accepted container SecureJarResource(corpse)
[28Dec2025 23:05:22.769] [main/DEBUG] [mixin/]: Processing prepare() for PlatformAgent[MixinPlatformAgentDefault:SecureJarResource(corpse)]
[28Dec2025 23:05:22.769] [main/DEBUG] [mixin/]: Adding mixin platform agents for container SecureJarResource(solapplepie)
[28Dec2025 23:05:22.769] [main/DEBUG] [mixin/]: Instancing new MixinPlatformAgentMinecraftForge for SecureJarResource(solapplepie)
[28Dec2025 23:05:22.769] [main/DEBUG] [mixin/]: MixinPlatformAgentMinecraftForge rejected container SecureJarResource(solapplepie)
[28Dec2025 23:05:22.769] [main/DEBUG] [mixin/]: Instancing new MixinPlatformAgentDefault for SecureJarResource(solapplepie)
[28Dec2025 23:05:22.769] [main/DEBUG] [mixin/]: MixinPlatformAgentDefault accepted container SecureJarResource(solapplepie)
[28Dec2025 23:05:22.769] [main/DEBUG] [mixin/]: Processing prepare() for PlatformAgent[MixinPlatformAgentDefault:SecureJarResource(solapplepie)]
[28Dec2025 23:05:22.769] [main/DEBUG] [mixin/]: Adding mixin platform agents for container SecureJarResource(structure_gel)
[28Dec2025 23:05:22.769] [main/DEBUG] [mixin/]: Instancing new MixinPlatformAgentMinecraftForge for SecureJarResource(structure_gel)
[28Dec2025 23:05:22.769] [main/DEBUG] [mixin/]: MixinPlatformAgentMinecraftForge rejected container SecureJarResource(structure_gel)
[28Dec2025 23:05:22.769] [main/DEBUG] [mixin/]: Instancing new MixinPlatformAgentDefault for SecureJarResource(structure_gel)
[28Dec2025 23:05:22.769] [main/DEBUG] [mixin/]: MixinPlatformAgentDefault accepted container SecureJarResource(structure_gel)
[28Dec2025 23:05:22.769] [main/DEBUG] [mixin/]: Processing prepare() for PlatformAgent[MixinPlatformAgentDefault:SecureJarResource(structure_gel)]
[28Dec2025 23:05:22.769] [main/DEBUG] [mixin/]: Registering mixin config: structure_gel.mixins.json
[28Dec2025 23:05:22.770] [main/DEBUG] [mixin/]: Adding mixin platform agents for container SecureJarResource(ftbxmodcompat)
[28Dec2025 23:05:22.770] [main/DEBUG] [mixin/]: Instancing new MixinPlatformAgentMinecraftForge for SecureJarResource(ftbxmodcompat)
[28Dec2025 23:05:22.770] [main/DEBUG] [mixin/]: MixinPlatformAgentMinecraftForge rejected container SecureJarResource(ftbxmodcompat)
[28Dec2025 23:05:22.770] [main/DEBUG] [mixin/]: Instancing new MixinPlatformAgentDefault for SecureJarResource(ftbxmodcompat)
[28Dec2025 23:05:22.770] [main/DEBUG] [mixin/]: MixinPlatformAgentDefault accepted container SecureJarResource(ftbxmodcompat)
[28Dec2025 23:05:22.770] [main/DEBUG] [mixin/]: Processing prepare() for PlatformAgent[MixinPlatformAgentDefault:SecureJarResource(ftbxmodcompat)]
[28Dec2025 23:05:22.770] [main/DEBUG] [mixin/]: Adding mixin platform agents for container SecureJarResource(combatroll)
[28Dec2025 23:05:22.770] [main/DEBUG] [mixin/]: Instancing new MixinPlatformAgentMinecraftForge for SecureJarResource(combatroll)
[28Dec2025 23:05:22.770] [main/DEBUG] [mixin/]: MixinPlatformAgentMinecraftForge rejected container SecureJarResource(combatroll)
[28Dec2025 23:05:22.770] [main/DEBUG] [mixin/]: Instancing new MixinPlatformAgentDefault for SecureJarResource(combatroll)
[28Dec2025 23:05:22.770] [main/DEBUG] [mixin/]: MixinPlatformAgentDefault accepted container SecureJarResource(combatroll)
[28Dec2025 23:05:22.770] [main/DEBUG] [mixin/]: Processing prepare() for PlatformAgent[MixinPlatformAgentDefault:SecureJarResource(combatroll)]
[28Dec2025 23:05:22.770] [main/DEBUG] [mixin/]: Registering mixin config: combatroll.mixins.json
[28Dec2025 23:05:22.771] [main/DEBUG] [mixin/]: Adding mixin platform agents for container SecureJarResource(morevillagers)
[28Dec2025 23:05:22.771] [main/DEBUG] [mixin/]: Instancing new MixinPlatformAgentMinecraftForge for SecureJarResource(morevillagers)
[28Dec2025 23:05:22.771] [main/DEBUG] [mixin/]: MixinPlatformAgentMinecraftForge rejected container SecureJarResource(morevillagers)
[28Dec2025 23:05:22.771] [main/DEBUG] [mixin/]: Instancing new MixinPlatformAgentDefault for SecureJarResource(morevillagers)
[28Dec2025 23:05:22.771] [main/DEBUG] [mixin/]: MixinPlatformAgentDefault accepted container SecureJarResource(morevillagers)
[28Dec2025 23:05:22.771] [main/DEBUG] [mixin/]: Processing prepare() for PlatformAgent[MixinPlatformAgentDefault:SecureJarResource(morevillagers)]
[28Dec2025 23:05:22.771] [main/DEBUG] [mixin/]: Registering mixin config: morevillagers-common.mixins.json
[28Dec2025 23:05:22.772] [main/DEBUG] [mixin/]: Registering mixin config: morevillagers.mixins.json
[28Dec2025 23:05:22.773] [main/DEBUG] [mixin/]: Adding mixin platform agents for container SecureJarResource(repurposed_structures)
[28Dec2025 23:05:22.773] [main/DEBUG] [mixin/]: Instancing new MixinPlatformAgentMinecraftForge for SecureJarResource(repurposed_structures)
[28Dec2025 23:05:22.773] [main/DEBUG] [mixin/]: MixinPlatformAgentMinecraftForge rejected container SecureJarResource(repurposed_structures)
[28Dec2025 23:05:22.773] [main/DEBUG] [mixin/]: Instancing new MixinPlatformAgentDefault for SecureJarResource(repurposed_structures)
[28Dec2025 23:05:22.773] [main/DEBUG] [mixin/]: MixinPlatformAgentDefault accepted container SecureJarResource(repurposed_structures)
[28Dec2025 23:05:22.773] [main/DEBUG] [mixin/]: Processing prepare() for PlatformAgent[MixinPlatformAgentDefault:SecureJarResource(repurposed_structures)]
[28Dec2025 23:05:22.773] [main/DEBUG] [mixin/]: Registering mixin config: repurposed_structures.mixins.json
[28Dec2025 23:05:22.773] [main/DEBUG] [mixin/]: Adding mixin platform agents for container SecureJarResource(explorify)
[28Dec2025 23:05:22.773] [main/DEBUG] [mixin/]: Instancing new MixinPlatformAgentMinecraftForge for SecureJarResource(explorify)
[28Dec2025 23:05:22.773] [main/DEBUG] [mixin/]: MixinPlatformAgentMinecraftForge rejected container SecureJarResource(explorify)
[28Dec2025 23:05:22.773] [main/DEBUG] [mixin/]: Instancing new MixinPlatformAgentDefault for SecureJarResource(explorify)
[28Dec2025 23:05:22.774] [main/DEBUG] [mixin/]: MixinPlatformAgentDefault accepted container SecureJarResource(explorify)
[28Dec2025 23:05:22.774] [main/DEBUG] [mixin/]: Processing prepare() for PlatformAgent[MixinPlatformAgentDefault:SecureJarResource(explorify)]
[28Dec2025 23:05:22.774] [main/DEBUG] [mixin/]: Adding mixin platform agents for container SecureJarResource(ironfurnaces)
[28Dec2025 23:05:22.774] [main/DEBUG] [mixin/]: Instancing new MixinPlatformAgentMinecraftForge for SecureJarResource(ironfurnaces)
[28Dec2025 23:05:22.774] [main/DEBUG] [mixin/]: MixinPlatformAgentMinecraftForge rejected container SecureJarResource(ironfurnaces)
[28Dec2025 23:05:22.774] [main/DEBUG] [mixin/]: Instancing new MixinPlatformAgentDefault for SecureJarResource(ironfurnaces)
[28Dec2025 23:05:22.774] [main/DEBUG] [mixin/]: MixinPlatformAgentDefault accepted container SecureJarResource(ironfurnaces)
[28Dec2025 23:05:22.774] [main/DEBUG] [mixin/]: Processing prepare() for PlatformAgent[MixinPlatformAgentDefault:SecureJarResource(ironfurnaces)]
[28Dec2025 23:05:22.774] [main/DEBUG] [mixin/]: Adding mixin platform agents for container SecureJarResource(dungeons_plus)
[28Dec2025 23:05:22.774] [main/DEBUG] [mixin/]: Instancing new MixinPlatformAgentMinecraftForge for SecureJarResource(dungeons_plus)
[28Dec2025 23:05:22.774] [main/DEBUG] [mixin/]: MixinPlatformAgentMinecraftForge rejected container SecureJarResource(dungeons_plus)
[28Dec2025 23:05:22.774] [main/DEBUG] [mixin/]: Instancing new MixinPlatformAgentDefault for SecureJarResource(dungeons_plus)
[28Dec2025 23:05:22.774] [main/DEBUG] [mixin/]: MixinPlatformAgentDefault accepted container SecureJarResource(dungeons_plus)
[28Dec2025 23:05:22.774] [main/DEBUG] [mixin/]: Processing prepare() for PlatformAgent[MixinPlatformAgentDefault:SecureJarResource(dungeons_plus)]
[28Dec2025 23:05:22.774] [main/DEBUG] [mixin/]: Registering mixin config: dungeons_plus.mixins.json
[28Dec2025 23:05:22.775] [main/DEBUG] [mixin/]: Adding mixin platform agents for container SecureJarResource(unusualend)
[28Dec2025 23:05:22.775] [main/DEBUG] [mixin/]: Instancing new MixinPlatformAgentMinecraftForge for SecureJarResource(unusualend)
[28Dec2025 23:05:22.775] [main/DEBUG] [mixin/]: MixinPlatformAgentMinecraftForge rejected container SecureJarResource(unusualend)
[28Dec2025 23:05:22.775] [main/DEBUG] [mixin/]: Instancing new MixinPlatformAgentDefault for SecureJarResource(unusualend)
[28Dec2025 23:05:22.775] [main/DEBUG] [mixin/]: MixinPlatformAgentDefault accepted container SecureJarResource(unusualend)
[28Dec2025 23:05:22.775] [main/DEBUG] [mixin/]: Processing prepare() for PlatformAgent[MixinPlatformAgentDefault:SecureJarResource(unusualend)]
[28Dec2025 23:05:22.775] [main/DEBUG] [mixin/]: Adding mixin platform agents for container SecureJarResource(darkerdepths)
[28Dec2025 23:05:22.775] [main/DEBUG] [mixin/]: Instancing new MixinPlatformAgentMinecraftForge for SecureJarResource(darkerdepths)
[28Dec2025 23:05:22.775] [main/DEBUG] [mixin/]: MixinPlatformAgentMinecraftForge rejected container SecureJarResource(darkerdepths)
[28Dec2025 23:05:22.775] [main/DEBUG] [mixin/]: Instancing new MixinPlatformAgentDefault for SecureJarResource(darkerdepths)
[28Dec2025 23:05:22.775] [main/DEBUG] [mixin/]: MixinPlatformAgentDefault accepted container SecureJarResource(darkerdepths)
[28Dec2025 23:05:22.775] [main/DEBUG] [mixin/]: Processing prepare() for PlatformAgent[MixinPlatformAgentDefault:SecureJarResource(darkerdepths)]
[28Dec2025 23:05:22.775] [main/DEBUG] [mixin/]: Registering mixin config: darkerdepths.mixins.json
[28Dec2025 23:05:22.776] [main/DEBUG] [mixin/]: Compatibility level JAVA_8 specified by darkerdepths.mixins.json is lower than the default level supported by the current mixin service (JAVA_16).
[28Dec2025 23:05:22.776] [main/DEBUG] [mixin/]: Adding mixin platform agents for container SecureJarResource(servercore)
[28Dec2025 23:05:22.776] [main/DEBUG] [mixin/]: Instancing new MixinPlatformAgentMinecraftForge for SecureJarResource(servercore)
[28Dec2025 23:05:22.776] [main/DEBUG] [mixin/]: MixinPlatformAgentMinecraftForge rejected container SecureJarResource(servercore)
[28Dec2025 23:05:22.776] [main/DEBUG] [mixin/]: Instancing new MixinPlatformAgentDefault for SecureJarResource(servercore)
[28Dec2025 23:05:22.776] [main/DEBUG] [mixin/]: MixinPlatformAgentDefault accepted container SecureJarResource(servercore)
[28Dec2025 23:05:22.776] [main/DEBUG] [mixin/]: Processing prepare() for PlatformAgent[MixinPlatformAgentDefault:SecureJarResource(servercore)]
[28Dec2025 23:05:22.776] [main/DEBUG] [mixin/]: Registering mixin config: servercore.common.mixins.json
[28Dec2025 23:05:22.777] [main/DEBUG] [mixin/]: Compatibility level JAVA_16 specified by servercore.common.mixins.json is higher than the maximum level supported by this version of mixin (JAVA_13).
[28Dec2025 23:05:22.777] [main/DEBUG] [mixin/]: Adding mixin platform agents for container SecureJarResource(highlighter)
[28Dec2025 23:05:22.777] [main/DEBUG] [mixin/]: Instancing new MixinPlatformAgentMinecraftForge for SecureJarResource(highlighter)
[28Dec2025 23:05:22.777] [main/DEBUG] [mixin/]: MixinPlatformAgentMinecraftForge rejected container SecureJarResource(highlighter)
[28Dec2025 23:05:22.777] [main/DEBUG] [mixin/]: Instancing new MixinPlatformAgentDefault for SecureJarResource(highlighter)
[28Dec2025 23:05:22.777] [main/DEBUG] [mixin/]: MixinPlatformAgentDefault accepted container SecureJarResource(highlighter)
[28Dec2025 23:05:22.777] [main/DEBUG] [mixin/]: Processing prepare() for PlatformAgent[MixinPlatformAgentDefault:SecureJarResource(highlighter)]
[28Dec2025 23:05:22.777] [main/DEBUG] [mixin/]: Registering mixin config: highlighter.mixins.json
[28Dec2025 23:05:22.779] [main/DEBUG] [mixin/]: Adding mixin platform agents for container SecureJarResource(reeses_sodium_options)
[28Dec2025 23:05:22.779] [main/DEBUG] [mixin/]: Instancing new MixinPlatformAgentMinecraftForge for SecureJarResource(reeses_sodium_options)
[28Dec2025 23:05:22.779] [main/DEBUG] [mixin/]: MixinPlatformAgentMinecraftForge rejected container SecureJarResource(reeses_sodium_options)
[28Dec2025 23:05:22.779] [main/DEBUG] [mixin/]: Instancing new MixinPlatformAgentDefault for SecureJarResource(reeses_sodium_options)
[28Dec2025 23:05:22.779] [main/DEBUG] [mixin/]: MixinPlatformAgentDefault accepted container SecureJarResource(reeses_sodium_options)
[28Dec2025 23:05:22.779] [main/DEBUG] [mixin/]: Processing prepare() for PlatformAgent[MixinPlatformAgentDefault:SecureJarResource(reeses_sodium_options)]
[28Dec2025 23:05:22.779] [main/DEBUG] [mixin/]: Registering mixin config: reeses_sodium_options.mixins.json
[28Dec2025 23:05:22.780] [main/DEBUG] [mixin/]: Adding mixin platform agents for container SecureJarResource(mcsa)
[28Dec2025 23:05:22.780] [main/DEBUG] [mixin/]: Instancing new MixinPlatformAgentMinecraftForge for SecureJarResource(mcsa)
[28Dec2025 23:05:22.780] [main/DEBUG] [mixin/]: MixinPlatformAgentMinecraftForge rejected container SecureJarResource(mcsa)
[28Dec2025 23:05:22.780] [main/DEBUG] [mixin/]: Instancing new MixinPlatformAgentDefault for SecureJarResource(mcsa)
[28Dec2025 23:05:22.780] [main/DEBUG] [mixin/]: MixinPlatformAgentDefault accepted container SecureJarResource(mcsa)
[28Dec2025 23:05:22.780] [main/DEBUG] [mixin/]: Processing prepare() for PlatformAgent[MixinPlatformAgentDefault:SecureJarResource(mcsa)]
[28Dec2025 23:05:22.780] [main/DEBUG] [mixin/]: Adding mixin platform agents for container SecureJarResource(curios)
[28Dec2025 23:05:22.780] [main/DEBUG] [mixin/]: Instancing new MixinPlatformAgentMinecraftForge for SecureJarResource(curios)
[28Dec2025 23:05:22.780] [main/DEBUG] [mixin/]: MixinPlatformAgentMinecraftForge rejected container SecureJarResource(curios)
[28Dec2025 23:05:22.780] [main/DEBUG] [mixin/]: Instancing new MixinPlatformAgentDefault for SecureJarResource(curios)
[28Dec2025 23:05:22.780] [main/DEBUG] [mixin/]: MixinPlatformAgentDefault accepted container SecureJarResource(curios)
[28Dec2025 23:05:22.780] [main/DEBUG] [mixin/]: Processing prepare() for PlatformAgent[MixinPlatformAgentDefault:SecureJarResource(curios)]
[28Dec2025 23:05:22.780] [main/DEBUG] [mixin/]: Registering mixin config: curios.mixins.json
[28Dec2025 23:05:22.782] [main/DEBUG] [mixin/]: Adding mixin platform agents for container SecureJarResource(origins)
[28Dec2025 23:05:22.782] [main/DEBUG] [mixin/]: Instancing new MixinPlatformAgentMinecraftForge for SecureJarResource(origins)
[28Dec2025 23:05:22.782] [main/DEBUG] [mixin/]: MixinPlatformAgentMinecraftForge rejected container SecureJarResource(origins)
[28Dec2025 23:05:22.782] [main/DEBUG] [mixin/]: Instancing new MixinPlatformAgentDefault for SecureJarResource(origins)
[28Dec2025 23:05:22.782] [main/DEBUG] [mixin/]: MixinPlatformAgentDefault accepted container SecureJarResource(origins)
[28Dec2025 23:05:22.782] [main/DEBUG] [mixin/]: Processing prepare() for PlatformAgent[MixinPlatformAgentDefault:SecureJarResource(origins)]
[28Dec2025 23:05:22.782] [main/DEBUG] [mixin/]: Registering mixin config: origins.mixins.json
[28Dec2025 23:05:22.783] [main/DEBUG] [mixin/]: Adding mixin platform agents for container SecureJarResource(gamestages)
[28Dec2025 23:05:22.783] [main/DEBUG] [mixin/]: Instancing new MixinPlatformAgentMinecraftForge for SecureJarResource(gamestages)
[28Dec2025 23:05:22.783] [main/DEBUG] [mixin/]: MixinPlatformAgentMinecraftForge rejected container SecureJarResource(gamestages)
[28Dec2025 23:05:22.783] [main/DEBUG] [mixin/]: Instancing new MixinPlatformAgentDefault for SecureJarResource(gamestages)
[28Dec2025 23:05:22.783] [main/DEBUG] [mixin/]: MixinPlatformAgentDefault accepted container SecureJarResource(gamestages)
[28Dec2025 23:05:22.783] [main/DEBUG] [mixin/]: Processing prepare() for PlatformAgent[MixinPlatformAgentDefault:SecureJarResource(gamestages)]
[28Dec2025 23:05:22.783] [main/DEBUG] [mixin/]: Adding mixin platform agents for container SecureJarResource(rightclickharvest)
[28Dec2025 23:05:22.783] [main/DEBUG] [mixin/]: Instancing new MixinPlatformAgentMinecraftForge for SecureJarResource(rightclickharvest)
[28Dec2025 23:05:22.783] [main/DEBUG] [mixin/]: MixinPlatformAgentMinecraftForge rejected container SecureJarResource(rightclickharvest)
[28Dec2025 23:05:22.783] [main/DEBUG] [mixin/]: Instancing new MixinPlatformAgentDefault for SecureJarResource(rightclickharvest)
[28Dec2025 23:05:22.783] [main/DEBUG] [mixin/]: MixinPlatformAgentDefault accepted container SecureJarResource(rightclickharvest)
[28Dec2025 23:05:22.783] [main/DEBUG] [mixin/]: Processing prepare() for PlatformAgent[MixinPlatformAgentDefault:SecureJarResource(rightclickharvest)]
[28Dec2025 23:05:22.783] [main/DEBUG] [mixin/]: Adding mixin platform agents for container SecureJarResource(noisium)
[28Dec2025 23:05:22.783] [main/DEBUG] [mixin/]: Instancing new MixinPlatformAgentMinecraftForge for SecureJarResource(noisium)
[28Dec2025 23:05:22.783] [main/DEBUG] [mixin/]: MixinPlatformAgentMinecraftForge rejected container SecureJarResource(noisium)
[28Dec2025 23:05:22.783] [main/DEBUG] [mixin/]: Instancing new MixinPlatformAgentDefault for SecureJarResource(noisium)
[28Dec2025 23:05:22.783] [main/DEBUG] [mixin/]: MixinPlatformAgentDefault accepted container SecureJarResource(noisium)
[28Dec2025 23:05:22.783] [main/DEBUG] [mixin/]: Processing prepare() for PlatformAgent[MixinPlatformAgentDefault:SecureJarResource(noisium)]
[28Dec2025 23:05:22.783] [main/DEBUG] [mixin/]: Registering mixin config: noisium.mixins.json
[28Dec2025 23:05:22.784] [main/DEBUG] [mixin/]: Adding mixin platform agents for container SecureJarResource(dragonenchants)
[28Dec2025 23:05:22.784] [main/DEBUG] [mixin/]: Instancing new MixinPlatformAgentMinecraftForge for SecureJarResource(dragonenchants)
[28Dec2025 23:05:22.784] [main/DEBUG] [mixin/]: MixinPlatformAgentMinecraftForge rejected container SecureJarResource(dragonenchants)
[28Dec2025 23:05:22.784] [main/DEBUG] [mixin/]: Instancing new MixinPlatformAgentDefault for SecureJarResource(dragonenchants)
[28Dec2025 23:05:22.784] [main/DEBUG] [mixin/]: MixinPlatformAgentDefault accepted container SecureJarResource(dragonenchants)
[28Dec2025 23:05:22.784] [main/DEBUG] [mixin/]: Processing prepare() for PlatformAgent[MixinPlatformAgentDefault:SecureJarResource(dragonenchants)]
[28Dec2025 23:05:22.784] [main/DEBUG] [mixin/]: Adding mixin platform agents for container SecureJarResource(cumulus_menus)
[28Dec2025 23:05:22.784] [main/DEBUG] [mixin/]: Instancing new MixinPlatformAgentMinecraftForge for SecureJarResource(cumulus_menus)
[28Dec2025 23:05:22.784] [main/DEBUG] [mixin/]: MixinPlatformAgentMinecraftForge rejected container SecureJarResource(cumulus_menus)
[28Dec2025 23:05:22.784] [main/DEBUG] [mixin/]: Instancing new MixinPlatformAgentDefault for SecureJarResource(cumulus_menus)
[28Dec2025 23:05:22.784] [main/DEBUG] [mixin/]: MixinPlatformAgentDefault accepted container SecureJarResource(cumulus_menus)
[28Dec2025 23:05:22.784] [main/DEBUG] [mixin/]: Processing prepare() for PlatformAgent[MixinPlatformAgentDefault:SecureJarResource(cumulus_menus)]
[28Dec2025 23:05:22.784] [main/DEBUG] [mixin/]: Registering mixin config: cumulus_menus.mixins.json
[28Dec2025 23:05:22.785] [main/DEBUG] [mixin/]: Adding mixin platform agents for container SecureJarResource(worldedit)
[28Dec2025 23:05:22.785] [main/DEBUG] [mixin/]: Instancing new MixinPlatformAgentMinecraftForge for SecureJarResource(worldedit)
[28Dec2025 23:05:22.785] [main/DEBUG] [mixin/]: MixinPlatformAgentMinecraftForge rejected container SecureJarResource(worldedit)
[28Dec2025 23:05:22.785] [main/DEBUG] [mixin/]: Instancing new MixinPlatformAgentDefault for SecureJarResource(worldedit)
[28Dec2025 23:05:22.785] [main/DEBUG] [mixin/]: MixinPlatformAgentDefault accepted container SecureJarResource(worldedit)
[28Dec2025 23:05:22.785] [main/DEBUG] [mixin/]: Processing prepare() for PlatformAgent[MixinPlatformAgentDefault:SecureJarResource(worldedit)]
[28Dec2025 23:05:22.785] [main/DEBUG] [mixin/]: Adding mixin platform agents for container SecureJarResource(constructionwand)
[28Dec2025 23:05:22.785] [main/DEBUG] [mixin/]: Instancing new MixinPlatformAgentMinecraftForge for SecureJarResource(constructionwand)
[28Dec2025 23:05:22.785] [main/DEBUG] [mixin/]: MixinPlatformAgentMinecraftForge rejected container SecureJarResource(constructionwand)
[28Dec2025 23:05:22.785] [main/DEBUG] [mixin/]: Instancing new MixinPlatformAgentDefault for SecureJarResource(constructionwand)
[28Dec2025 23:05:22.785] [main/DEBUG] [mixin/]: MixinPlatformAgentDefault accepted container SecureJarResource(constructionwand)
[28Dec2025 23:05:22.785] [main/DEBUG] [mixin/]: Processing prepare() for PlatformAgent[MixinPlatformAgentDefault:SecureJarResource(constructionwand)]
[28Dec2025 23:05:22.785] [main/DEBUG] [mixin/]: Adding mixin platform agents for container SecureJarResource(pluto)
[28Dec2025 23:05:22.785] [main/DEBUG] [mixin/]: Instancing new MixinPlatformAgentMinecraftForge for SecureJarResource(pluto)
[28Dec2025 23:05:22.785] [main/DEBUG] [mixin/]: MixinPlatformAgentMinecraftForge rejected container SecureJarResource(pluto)
[28Dec2025 23:05:22.785] [main/DEBUG] [mixin/]: Instancing new MixinPlatformAgentDefault for SecureJarResource(pluto)
[28Dec2025 23:05:22.785] [main/DEBUG] [mixin/]: MixinPlatformAgentDefault accepted container SecureJarResource(pluto)
[28Dec2025 23:05:22.785] [main/DEBUG] [mixin/]: Processing prepare() for PlatformAgent[MixinPlatformAgentDefault:SecureJarResource(pluto)]
[28Dec2025 23:05:22.785] [main/DEBUG] [mixin/]: Registering mixin config: pluto.mixins.json
[28Dec2025 23:05:22.786] [main/DEBUG] [mixin/]: Adding mixin platform agents for container SecureJarResource(apothiccurios)
[28Dec2025 23:05:22.786] [main/DEBUG] [mixin/]: Instancing new MixinPlatformAgentMinecraftForge for SecureJarResource(apothiccurios)
[28Dec2025 23:05:22.786] [main/DEBUG] [mixin/]: MixinPlatformAgentMinecraftForge rejected container SecureJarResource(apothiccurios)
[28Dec2025 23:05:22.786] [main/DEBUG] [mixin/]: Instancing new MixinPlatformAgentDefault for SecureJarResource(apothiccurios)
[28Dec2025 23:05:22.786] [main/DEBUG] [mixin/]: MixinPlatformAgentDefault accepted container SecureJarResource(apothiccurios)
[28Dec2025 23:05:22.786] [main/DEBUG] [mixin/]: Processing prepare() for PlatformAgent[MixinPlatformAgentDefault:SecureJarResource(apothiccurios)]
[28Dec2025 23:05:22.786] [main/DEBUG] [mixin/]: Registering mixin config: apothiccurios.mixins.json
[28Dec2025 23:05:22.787] [main/DEBUG] [mixin/]: Adding mixin platform agents for container SecureJarResource(betterwithminecolonies)
[28Dec2025 23:05:22.787] [main/DEBUG] [mixin/]: Instancing new MixinPlatformAgentMinecraftForge for SecureJarResource(betterwithminecolonies)
[28Dec2025 23:05:22.787] [main/DEBUG] [mixin/]: MixinPlatformAgentMinecraftForge rejected container SecureJarResource(betterwithminecolonies)
[28Dec2025 23:05:22.787] [main/DEBUG] [mixin/]: Instancing new MixinPlatformAgentDefault for SecureJarResource(betterwithminecolonies)
[28Dec2025 23:05:22.787] [main/DEBUG] [mixin/]: MixinPlatformAgentDefault accepted container SecureJarResource(betterwithminecolonies)
[28Dec2025 23:05:22.787] [main/DEBUG] [mixin/]: Processing prepare() for PlatformAgent[MixinPlatformAgentDefault:SecureJarResource(betterwithminecolonies)]
[28Dec2025 23:05:22.787] [main/DEBUG] [mixin/]: Adding mixin platform agents for container SecureJarResource(betterendisland)
[28Dec2025 23:05:22.787] [main/DEBUG] [mixin/]: Instancing new MixinPlatformAgentMinecraftForge for SecureJarResource(betterendisland)
[28Dec2025 23:05:22.787] [main/DEBUG] [mixin/]: MixinPlatformAgentMinecraftForge rejected container SecureJarResource(betterendisland)
[28Dec2025 23:05:22.787] [main/DEBUG] [mixin/]: Instancing new MixinPlatformAgentDefault for SecureJarResource(betterendisland)
[28Dec2025 23:05:22.787] [main/DEBUG] [mixin/]: MixinPlatformAgentDefault accepted container SecureJarResource(betterendisland)
[28Dec2025 23:05:22.787] [main/DEBUG] [mixin/]: Processing prepare() for PlatformAgent[MixinPlatformAgentDefault:SecureJarResource(betterendisland)]
[28Dec2025 23:05:22.787] [main/DEBUG] [mixin/]: Registering mixin config: betterendisland.mixins.json
[28Dec2025 23:05:22.788] [main/DEBUG] [mixin/]: Registering mixin config: betterendisland_forge.mixins.json
[28Dec2025 23:05:22.788] [main/DEBUG] [mixin/]: Adding mixin platform agents for container SecureJarResource(nitrogen_internals)
[28Dec2025 23:05:22.788] [main/DEBUG] [mixin/]: Instancing new MixinPlatformAgentMinecraftForge for SecureJarResource(nitrogen_internals)
[28Dec2025 23:05:22.788] [main/DEBUG] [mixin/]: MixinPlatformAgentMinecraftForge rejected container SecureJarResource(nitrogen_internals)
[28Dec2025 23:05:22.788] [main/DEBUG] [mixin/]: Instancing new MixinPlatformAgentDefault for SecureJarResource(nitrogen_internals)
[28Dec2025 23:05:22.788] [main/DEBUG] [mixin/]: MixinPlatformAgentDefault accepted container SecureJarResource(nitrogen_internals)
[28Dec2025 23:05:22.788] [main/DEBUG] [mixin/]: Processing prepare() for PlatformAgent[MixinPlatformAgentDefault:SecureJarResource(nitrogen_internals)]
[28Dec2025 23:05:22.789] [main/DEBUG] [mixin/]: Registering mixin config: nitrogen_internals.mixins.json
[28Dec2025 23:05:22.789] [main/DEBUG] [mixin/]: Adding mixin platform agents for container SecureJarResource(celestisynth)
[28Dec2025 23:05:22.789] [main/DEBUG] [mixin/]: Instancing new MixinPlatformAgentMinecraftForge for SecureJarResource(celestisynth)
[28Dec2025 23:05:22.789] [main/DEBUG] [mixin/]: MixinPlatformAgentMinecraftForge rejected container SecureJarResource(celestisynth)
[28Dec2025 23:05:22.789] [main/DEBUG] [mixin/]: Instancing new MixinPlatformAgentDefault for SecureJarResource(celestisynth)
[28Dec2025 23:05:22.789] [main/DEBUG] [mixin/]: MixinPlatformAgentDefault accepted container SecureJarResource(celestisynth)
[28Dec2025 23:05:22.789] [main/DEBUG] [mixin/]: Processing prepare() for PlatformAgent[MixinPlatformAgentDefault:SecureJarResource(celestisynth)]
[28Dec2025 23:05:22.789] [main/DEBUG] [mixin/]: Registering mixin config: celestisynth.mixins.json
[28Dec2025 23:05:22.790] [main/ERROR] [mixin/]: Mixin config celestisynth.mixins.json does not specify "minVersion" property
[28Dec2025 23:05:22.790] [main/DEBUG] [mixin/]: Adding mixin platform agents for container SecureJarResource(deep_aether)
[28Dec2025 23:05:22.790] [main/DEBUG] [mixin/]: Instancing new MixinPlatformAgentMinecraftForge for SecureJarResource(deep_aether)
[28Dec2025 23:05:22.790] [main/DEBUG] [mixin/]: MixinPlatformAgentMinecraftForge rejected container SecureJarResource(deep_aether)
[28Dec2025 23:05:22.790] [main/DEBUG] [mixin/]: Instancing new MixinPlatformAgentDefault for SecureJarResource(deep_aether)
[28Dec2025 23:05:22.790] [main/DEBUG] [mixin/]: MixinPlatformAgentDefault accepted container SecureJarResource(deep_aether)
[28Dec2025 23:05:22.790] [main/DEBUG] [mixin/]: Processing prepare() for PlatformAgent[MixinPlatformAgentDefault:SecureJarResource(deep_aether)]
[28Dec2025 23:05:22.790] [main/DEBUG] [mixin/]: Registering mixin config: deep_aether.mixins.json
[28Dec2025 23:05:22.791] [main/DEBUG] [mixin/]: Adding mixin platform agents for container SecureJarResource(toms_storage)
[28Dec2025 23:05:22.791] [main/DEBUG] [mixin/]: Instancing new MixinPlatformAgentMinecraftForge for SecureJarResource(toms_storage)
[28Dec2025 23:05:22.791] [main/DEBUG] [mixin/]: MixinPlatformAgentMinecraftForge rejected container SecureJarResource(toms_storage)
[28Dec2025 23:05:22.791] [main/DEBUG] [mixin/]: Instancing new MixinPlatformAgentDefault for SecureJarResource(toms_storage)
[28Dec2025 23:05:22.791] [main/DEBUG] [mixin/]: MixinPlatformAgentDefault accepted container SecureJarResource(toms_storage)
[28Dec2025 23:05:22.791] [main/DEBUG] [mixin/]: Processing prepare() for PlatformAgent[MixinPlatformAgentDefault:SecureJarResource(toms_storage)]
[28Dec2025 23:05:22.791] [main/DEBUG] [mixin/]: Adding mixin platform agents for container SecureJarResource(dynamictrees)
[28Dec2025 23:05:22.791] [main/DEBUG] [mixin/]: Instancing new MixinPlatformAgentMinecraftForge for SecureJarResource(dynamictrees)
[28Dec2025 23:05:22.791] [main/DEBUG] [mixin/]: MixinPlatformAgentMinecraftForge rejected container SecureJarResource(dynamictrees)
[28Dec2025 23:05:22.791] [main/DEBUG] [mixin/]: Instancing new MixinPlatformAgentDefault for SecureJarResource(dynamictrees)
[28Dec2025 23:05:22.791] [main/DEBUG] [mixin/]: MixinPlatformAgentDefault accepted container SecureJarResource(dynamictrees)
[28Dec2025 23:05:22.791] [main/DEBUG] [mixin/]: Processing prepare() for PlatformAgent[MixinPlatformAgentDefault:SecureJarResource(dynamictrees)]
[28Dec2025 23:05:22.791] [main/DEBUG] [mixin/]: Adding mixin platform agents for container SecureJarResource(bettermineshafts)
[28Dec2025 23:05:22.791] [main/DEBUG] [mixin/]: Instancing new MixinPlatformAgentMinecraftForge for SecureJarResource(bettermineshafts)
[28Dec2025 23:05:22.791] [main/DEBUG] [mixin/]: MixinPlatformAgentMinecraftForge rejected container SecureJarResource(bettermineshafts)
[28Dec2025 23:05:22.791] [main/DEBUG] [mixin/]: Instancing new MixinPlatformAgentDefault for SecureJarResource(bettermineshafts)
[28Dec2025 23:05:22.791] [main/DEBUG] [mixin/]: MixinPlatformAgentDefault accepted container SecureJarResource(bettermineshafts)
[28Dec2025 23:05:22.791] [main/DEBUG] [mixin/]: Processing prepare() for PlatformAgent[MixinPlatformAgentDefault:SecureJarResource(bettermineshafts)]
[28Dec2025 23:05:22.791] [main/DEBUG] [mixin/]: Registering mixin config: bettermineshafts.mixins.json
[28Dec2025 23:05:22.792] [main/DEBUG] [mixin/]: Registering mixin config: bettermineshafts_forge.mixins.json
[28Dec2025 23:05:22.793] [main/DEBUG] [mixin/]: Adding mixin platform agents for container SecureJarResource(geckolib3)
[28Dec2025 23:05:22.793] [main/DEBUG] [mixin/]: Instancing new MixinPlatformAgentMinecraftForge for SecureJarResource(geckolib3)
[28Dec2025 23:05:22.793] [main/DEBUG] [mixin/]: MixinPlatformAgentMinecraftForge rejected container SecureJarResource(geckolib3)
[28Dec2025 23:05:22.793] [main/DEBUG] [mixin/]: Instancing new MixinPlatformAgentDefault for SecureJarResource(geckolib3)
[28Dec2025 23:05:22.793] [main/DEBUG] [mixin/]: MixinPlatformAgentDefault accepted container SecureJarResource(geckolib3)
[28Dec2025 23:05:22.793] [main/DEBUG] [mixin/]: Processing prepare() for PlatformAgent[MixinPlatformAgentDefault:SecureJarResource(geckolib3)]
[28Dec2025 23:05:22.793] [main/DEBUG] [mixin/]: Adding mixin platform agents for container SecureJarResource(majruszlibrary)
[28Dec2025 23:05:22.793] [main/DEBUG] [mixin/]: Instancing new MixinPlatformAgentMinecraftForge for SecureJarResource(majruszlibrary)
[28Dec2025 23:05:22.793] [main/DEBUG] [mixin/]: MixinPlatformAgentMinecraftForge rejected container SecureJarResource(majruszlibrary)
[28Dec2025 23:05:22.793] [main/DEBUG] [mixin/]: Instancing new MixinPlatformAgentDefault for SecureJarResource(majruszlibrary)
[28Dec2025 23:05:22.793] [main/DEBUG] [mixin/]: MixinPlatformAgentDefault accepted container SecureJarResource(majruszlibrary)
[28Dec2025 23:05:22.793] [main/DEBUG] [mixin/]: Processing prepare() for PlatformAgent[MixinPlatformAgentDefault:SecureJarResource(majruszlibrary)]
[28Dec2025 23:05:22.793] [main/DEBUG] [mixin/]: Registering mixin config: majruszlibrary-common.mixins.json
[28Dec2025 23:05:22.794] [main/DEBUG] [mixin/]: Registering mixin config: majruszlibrary-forge.mixins.json
[28Dec2025 23:05:22.795] [main/DEBUG] [mixin/]: Adding mixin platform agents for container SecureJarResource(betterjungletemples)
[28Dec2025 23:05:22.795] [main/DEBUG] [mixin/]: Instancing new MixinPlatformAgentMinecraftForge for SecureJarResource(betterjungletemples)
[28Dec2025 23:05:22.795] [main/DEBUG] [mixin/]: MixinPlatformAgentMinecraftForge rejected container SecureJarResource(betterjungletemples)
[28Dec2025 23:05:22.795] [main/DEBUG] [mixin/]: Instancing new MixinPlatformAgentDefault for SecureJarResource(betterjungletemples)
[28Dec2025 23:05:22.795] [main/DEBUG] [mixin/]: MixinPlatformAgentDefault accepted container SecureJarResource(betterjungletemples)
[28Dec2025 23:05:22.795] [main/DEBUG] [mixin/]: Processing prepare() for PlatformAgent[MixinPlatformAgentDefault:SecureJarResource(betterjungletemples)]
[28Dec2025 23:05:22.795] [main/DEBUG] [mixin/]: Registering mixin config: betterjungletemples.mixins.json
[28Dec2025 23:05:22.796] [main/DEBUG] [mixin/]: Registering mixin config: betterjungletemples_forge.mixins.json
[28Dec2025 23:05:22.796] [main/DEBUG] [mixin/]: Adding mixin platform agents for container SecureJarResource(elytraslot)
[28Dec2025 23:05:22.796] [main/DEBUG] [mixin/]: Instancing new MixinPlatformAgentMinecraftForge for SecureJarResource(elytraslot)
[28Dec2025 23:05:22.796] [main/DEBUG] [mixin/]: MixinPlatformAgentMinecraftForge rejected container SecureJarResource(elytraslot)
[28Dec2025 23:05:22.796] [main/DEBUG] [mixin/]: Instancing new MixinPlatformAgentDefault for SecureJarResource(elytraslot)
[28Dec2025 23:05:22.796] [main/DEBUG] [mixin/]: MixinPlatformAgentDefault accepted container SecureJarResource(elytraslot)
[28Dec2025 23:05:22.796] [main/DEBUG] [mixin/]: Processing prepare() for PlatformAgent[MixinPlatformAgentDefault:SecureJarResource(elytraslot)]
[28Dec2025 23:05:22.796] [main/DEBUG] [mixin/]: Registering mixin config: elytraslot-integrations.mixins.json
[28Dec2025 23:05:22.797] [main/DEBUG] [mixin/]: Compatibility level JAVA_16 specified by elytraslot-integrations.mixins.json is higher than the maximum level supported by this version of mixin (JAVA_13).
[28Dec2025 23:05:22.797] [main/DEBUG] [mixin/]: Adding mixin platform agents for container SecureJarResource(mowziesmobs)
[28Dec2025 23:05:22.797] [main/DEBUG] [mixin/]: Instancing new MixinPlatformAgentMinecraftForge for SecureJarResource(mowziesmobs)
[28Dec2025 23:05:22.797] [main/DEBUG] [mixin/]: MixinPlatformAgentMinecraftForge rejected container SecureJarResource(mowziesmobs)
[28Dec2025 23:05:22.797] [main/DEBUG] [mixin/]: Instancing new MixinPlatformAgentDefault for SecureJarResource(mowziesmobs)
[28Dec2025 23:05:22.797] [main/DEBUG] [mixin/]: MixinPlatformAgentDefault accepted container SecureJarResource(mowziesmobs)
[28Dec2025 23:05:22.797] [main/DEBUG] [mixin/]: Processing prepare() for PlatformAgent[MixinPlatformAgentDefault:SecureJarResource(mowziesmobs)]
[28Dec2025 23:05:22.797] [main/DEBUG] [mixin/]: Adding mixin platform agents for container SecureJarResource(humancompanions)
[28Dec2025 23:05:22.797] [main/DEBUG] [mixin/]: Instancing new MixinPlatformAgentMinecraftForge for SecureJarResource(humancompanions)
[28Dec2025 23:05:22.797] [main/DEBUG] [mixin/]: MixinPlatformAgentMinecraftForge rejected container SecureJarResource(humancompanions)
[28Dec2025 23:05:22.797] [main/DEBUG] [mixin/]: Instancing new MixinPlatformAgentDefault for SecureJarResource(humancompanions)
[28Dec2025 23:05:22.797] [main/DEBUG] [mixin/]: MixinPlatformAgentDefault accepted container SecureJarResource(humancompanions)
[28Dec2025 23:05:22.797] [main/DEBUG] [mixin/]: Processing prepare() for PlatformAgent[MixinPlatformAgentDefault:SecureJarResource(humancompanions)]
[28Dec2025 23:05:22.797] [main/DEBUG] [mixin/]: Adding mixin platform agents for container SecureJarResource(ftblibrary)
[28Dec2025 23:05:22.797] [main/DEBUG] [mixin/]: Instancing new MixinPlatformAgentMinecraftForge for SecureJarResource(ftblibrary)
[28Dec2025 23:05:22.797] [main/DEBUG] [mixin/]: MixinPlatformAgentMinecraftForge rejected container SecureJarResource(ftblibrary)
[28Dec2025 23:05:22.798] [main/DEBUG] [mixin/]: Instancing new MixinPlatformAgentDefault for SecureJarResource(ftblibrary)
[28Dec2025 23:05:22.798] [main/DEBUG] [mixin/]: MixinPlatformAgentDefault accepted container SecureJarResource(ftblibrary)
[28Dec2025 23:05:22.798] [main/DEBUG] [mixin/]: Processing prepare() for PlatformAgent[MixinPlatformAgentDefault:SecureJarResource(ftblibrary)]
[28Dec2025 23:05:22.798] [main/DEBUG] [mixin/]: Registering mixin config: ftblibrary-common.mixins.json
[28Dec2025 23:05:22.798] [main/DEBUG] [mixin/]: Compatibility level JAVA_8 specified by ftblibrary-common.mixins.json is lower than the default level supported by the current mixin service (JAVA_16).
[28Dec2025 23:05:22.798] [main/DEBUG] [mixin/]: Adding mixin platform agents for container SecureJarResource(mutantmonsters)
[28Dec2025 23:05:22.798] [main/DEBUG] [mixin/]: Instancing new MixinPlatformAgentMinecraftForge for SecureJarResource(mutantmonsters)
[28Dec2025 23:05:22.798] [main/DEBUG] [mixin/]: MixinPlatformAgentMinecraftForge rejected container SecureJarResource(mutantmonsters)
[28Dec2025 23:05:22.798] [main/DEBUG] [mixin/]: Instancing new MixinPlatformAgentDefault for SecureJarResource(mutantmonsters)
[28Dec2025 23:05:22.798] [main/DEBUG] [mixin/]: MixinPlatformAgentDefault accepted container SecureJarResource(mutantmonsters)
[28Dec2025 23:05:22.798] [main/DEBUG] [mixin/]: Processing prepare() for PlatformAgent[MixinPlatformAgentDefault:SecureJarResource(mutantmonsters)]
[28Dec2025 23:05:22.798] [main/DEBUG] [mixin/]: Registering mixin config: mutantmonsters.common.mixins.json
[28Dec2025 23:05:22.799] [main/DEBUG] [mixin/]: Adding mixin platform agents for container SecureJarResource(jei)
[28Dec2025 23:05:22.799] [main/DEBUG] [mixin/]: Instancing new MixinPlatformAgentMinecraftForge for SecureJarResource(jei)
[28Dec2025 23:05:22.799] [main/DEBUG] [mixin/]: MixinPlatformAgentMinecraftForge rejected container SecureJarResource(jei)
[28Dec2025 23:05:22.799] [main/DEBUG] [mixin/]: Instancing new MixinPlatformAgentDefault for SecureJarResource(jei)
[28Dec2025 23:05:22.799] [main/DEBUG] [mixin/]: MixinPlatformAgentDefault accepted container SecureJarResource(jei)
[28Dec2025 23:05:22.799] [main/DEBUG] [mixin/]: Processing prepare() for PlatformAgent[MixinPlatformAgentDefault:SecureJarResource(jei)]
[28Dec2025 23:05:22.799] [main/DEBUG] [mixin/]: Adding mixin platform agents for container SecureJarResource(multipiston)
[28Dec2025 23:05:22.799] [main/DEBUG] [mixin/]: Instancing new MixinPlatformAgentMinecraftForge for SecureJarResource(multipiston)
[28Dec2025 23:05:22.799] [main/DEBUG] [mixin/]: MixinPlatformAgentMinecraftForge rejected container SecureJarResource(multipiston)
[28Dec2025 23:05:22.799] [main/DEBUG] [mixin/]: Instancing new MixinPlatformAgentDefault for SecureJarResource(multipiston)
[28Dec2025 23:05:22.799] [main/DEBUG] [mixin/]: MixinPlatformAgentDefault accepted container SecureJarResource(multipiston)
[28Dec2025 23:05:22.799] [main/DEBUG] [mixin/]: Processing prepare() for PlatformAgent[MixinPlatformAgentDefault:SecureJarResource(multipiston)]
[28Dec2025 23:05:22.799] [main/DEBUG] [mixin/]: Adding mixin platform agents for container SecureJarResource(attributefix)
[28Dec2025 23:05:22.799] [main/DEBUG] [mixin/]: Instancing new MixinPlatformAgentMinecraftForge for SecureJarResource(attributefix)
[28Dec2025 23:05:22.799] [main/DEBUG] [mixin/]: MixinPlatformAgentMinecraftForge rejected container SecureJarResource(attributefix)
[28Dec2025 23:05:22.799] [main/DEBUG] [mixin/]: Instancing new MixinPlatformAgentDefault for SecureJarResource(attributefix)
[28Dec2025 23:05:22.799] [main/DEBUG] [mixin/]: MixinPlatformAgentDefault accepted container SecureJarResource(attributefix)
[28Dec2025 23:05:22.799] [main/DEBUG] [mixin/]: Processing prepare() for PlatformAgent[MixinPlatformAgentDefault:SecureJarResource(attributefix)]
[28Dec2025 23:05:22.799] [main/DEBUG] [mixin/]: Registering mixin config: attributefix.mixins.json
[28Dec2025 23:05:22.799] [main/DEBUG] [mixin/]: Adding mixin platform agents for container SecureJarResource(pehkui)
[28Dec2025 23:05:22.799] [main/DEBUG] [mixin/]: Instancing new MixinPlatformAgentMinecraftForge for SecureJarResource(pehkui)
[28Dec2025 23:05:22.799] [main/DEBUG] [mixin/]: MixinPlatformAgentMinecraftForge rejected container SecureJarResource(pehkui)
[28Dec2025 23:05:22.799] [main/DEBUG] [mixin/]: Instancing new MixinPlatformAgentDefault for SecureJarResource(pehkui)
[28Dec2025 23:05:22.800] [main/DEBUG] [mixin/]: MixinPlatformAgentDefault accepted container SecureJarResource(pehkui)
[28Dec2025 23:05:22.800] [main/DEBUG] [mixin/]: Processing prepare() for PlatformAgent[MixinPlatformAgentDefault:SecureJarResource(pehkui)]
[28Dec2025 23:05:22.800] [main/DEBUG] [mixin/]: Registering mixin config: pehkui.mixins.json
[28Dec2025 23:05:22.800] [main/DEBUG] [mixin/]: Adding mixin platform agents for container SecureJarResource(goblintraders)
[28Dec2025 23:05:22.800] [main/DEBUG] [mixin/]: Instancing new MixinPlatformAgentMinecraftForge for SecureJarResource(goblintraders)
[28Dec2025 23:05:22.800] [main/DEBUG] [mixin/]: MixinPlatformAgentMinecraftForge rejected container SecureJarResource(goblintraders)
[28Dec2025 23:05:22.800] [main/DEBUG] [mixin/]: Instancing new MixinPlatformAgentDefault for SecureJarResource(goblintraders)
[28Dec2025 23:05:22.800] [main/DEBUG] [mixin/]: MixinPlatformAgentDefault accepted container SecureJarResource(goblintraders)
[28Dec2025 23:05:22.800] [main/DEBUG] [mixin/]: Processing prepare() for PlatformAgent[MixinPlatformAgentDefault:SecureJarResource(goblintraders)]
[28Dec2025 23:05:22.800] [main/DEBUG] [mixin/]: Registering mixin config: goblintraders.mixins.json
[28Dec2025 23:05:22.801] [main/DEBUG] [mixin/]: Compatibility level JAVA_8 specified by goblintraders.mixins.json is lower than the default level supported by the current mixin service (JAVA_16).
[28Dec2025 23:05:22.801] [main/DEBUG] [mixin/]: Adding mixin platform agents for container SecureJarResource(libraryferret)
[28Dec2025 23:05:22.801] [main/DEBUG] [mixin/]: Instancing new MixinPlatformAgentMinecraftForge for SecureJarResource(libraryferret)
[28Dec2025 23:05:22.801] [main/DEBUG] [mixin/]: MixinPlatformAgentMinecraftForge rejected container SecureJarResource(libraryferret)
[28Dec2025 23:05:22.801] [main/DEBUG] [mixin/]: Instancing new MixinPlatformAgentDefault for SecureJarResource(libraryferret)
[28Dec2025 23:05:22.801] [main/DEBUG] [mixin/]: MixinPlatformAgentDefault accepted container SecureJarResource(libraryferret)
[28Dec2025 23:05:22.801] [main/DEBUG] [mixin/]: Processing prepare() for PlatformAgent[MixinPlatformAgentDefault:SecureJarResource(libraryferret)]
[28Dec2025 23:05:22.801] [main/DEBUG] [mixin/]: Adding mixin platform agents for container SecureJarResource(caelus)
[28Dec2025 23:05:22.801] [main/DEBUG] [mixin/]: Instancing new MixinPlatformAgentMinecraftForge for SecureJarResource(caelus)
[28Dec2025 23:05:22.801] [main/DEBUG] [mixin/]: MixinPlatformAgentMinecraftForge rejected container SecureJarResource(caelus)
[28Dec2025 23:05:22.801] [main/DEBUG] [mixin/]: Instancing new MixinPlatformAgentDefault for SecureJarResource(caelus)
[28Dec2025 23:05:22.801] [main/DEBUG] [mixin/]: MixinPlatformAgentDefault accepted container SecureJarResource(caelus)
[28Dec2025 23:05:22.801] [main/DEBUG] [mixin/]: Processing prepare() for PlatformAgent[MixinPlatformAgentDefault:SecureJarResource(caelus)]
[28Dec2025 23:05:22.801] [main/DEBUG] [mixin/]: Registering mixin config: caelus.mixins.json
[28Dec2025 23:05:22.802] [main/DEBUG] [mixin/]: Adding mixin platform agents for container SecureJarResource(paxi)
[28Dec2025 23:05:22.802] [main/DEBUG] [mixin/]: Instancing new MixinPlatformAgentMinecraftForge for SecureJarResource(paxi)
[28Dec2025 23:05:22.802] [main/DEBUG] [mixin/]: MixinPlatformAgentMinecraftForge rejected container SecureJarResource(paxi)
[28Dec2025 23:05:22.802] [main/DEBUG] [mixin/]: Instancing new MixinPlatformAgentDefault for SecureJarResource(paxi)
[28Dec2025 23:05:22.802] [main/DEBUG] [mixin/]: MixinPlatformAgentDefault accepted container SecureJarResource(paxi)
[28Dec2025 23:05:22.802] [main/DEBUG] [mixin/]: Processing prepare() for PlatformAgent[MixinPlatformAgentDefault:SecureJarResource(paxi)]
[28Dec2025 23:05:22.802] [main/DEBUG] [mixin/]: Registering mixin config: paxi.mixins.json
[28Dec2025 23:05:22.802] [main/DEBUG] [mixin/]: Registering mixin config: paxi_forge.mixins.json
[28Dec2025 23:05:22.803] [main/DEBUG] [mixin/]: Adding mixin platform agents for container SecureJarResource(ringsofascension)
[28Dec2025 23:05:22.803] [main/DEBUG] [mixin/]: Instancing new MixinPlatformAgentMinecraftForge for SecureJarResource(ringsofascension)
[28Dec2025 23:05:22.803] [main/DEBUG] [mixin/]: MixinPlatformAgentMinecraftForge rejected container SecureJarResource(ringsofascension)
[28Dec2025 23:05:22.803] [main/DEBUG] [mixin/]: Instancing new MixinPlatformAgentDefault for SecureJarResource(ringsofascension)
[28Dec2025 23:05:22.803] [main/DEBUG] [mixin/]: MixinPlatformAgentDefault accepted container SecureJarResource(ringsofascension)
[28Dec2025 23:05:22.803] [main/DEBUG] [mixin/]: Processing prepare() for PlatformAgent[MixinPlatformAgentDefault:SecureJarResource(ringsofascension)]
[28Dec2025 23:05:22.803] [main/DEBUG] [mixin/]: Adding mixin platform agents for container SecureJarResource(apotheotic_additions)
[28Dec2025 23:05:22.803] [main/DEBUG] [mixin/]: Instancing new MixinPlatformAgentMinecraftForge for SecureJarResource(apotheotic_additions)
[28Dec2025 23:05:22.803] [main/DEBUG] [mixin/]: MixinPlatformAgentMinecraftForge rejected container SecureJarResource(apotheotic_additions)
[28Dec2025 23:05:22.803] [main/DEBUG] [mixin/]: Instancing new MixinPlatformAgentDefault for SecureJarResource(apotheotic_additions)
[28Dec2025 23:05:22.803] [main/DEBUG] [mixin/]: MixinPlatformAgentDefault accepted container SecureJarResource(apotheotic_additions)
[28Dec2025 23:05:22.803] [main/DEBUG] [mixin/]: Processing prepare() for PlatformAgent[MixinPlatformAgentDefault:SecureJarResource(apotheotic_additions)]
[28Dec2025 23:05:22.803] [main/DEBUG] [mixin/]: Adding mixin platform agents for container SecureJarResource(fastasyncworldsave)
[28Dec2025 23:05:22.803] [main/DEBUG] [mixin/]: Instancing new MixinPlatformAgentMinecraftForge for SecureJarResource(fastasyncworldsave)
[28Dec2025 23:05:22.803] [main/DEBUG] [mixin/]: MixinPlatformAgentMinecraftForge rejected container SecureJarResource(fastasyncworldsave)
[28Dec2025 23:05:22.803] [main/DEBUG] [mixin/]: Instancing new MixinPlatformAgentDefault for SecureJarResource(fastasyncworldsave)
[28Dec2025 23:05:22.803] [main/DEBUG] [mixin/]: MixinPlatformAgentDefault accepted container SecureJarResource(fastasyncworldsave)
[28Dec2025 23:05:22.803] [main/DEBUG] [mixin/]: Processing prepare() for PlatformAgent[MixinPlatformAgentDefault:SecureJarResource(fastasyncworldsave)]
[28Dec2025 23:05:22.803] [main/DEBUG] [mixin/]: Registering mixin config: fastasyncworldsave.mixins.json
[28Dec2025 23:05:22.804] [main/DEBUG] [mixin/]: Adding mixin platform agents for container SecureJarResource(naturescompass)
[28Dec2025 23:05:22.804] [main/DEBUG] [mixin/]: Instancing new MixinPlatformAgentMinecraftForge for SecureJarResource(naturescompass)
[28Dec2025 23:05:22.804] [main/DEBUG] [mixin/]: MixinPlatformAgentMinecraftForge rejected container SecureJarResource(naturescompass)
[28Dec2025 23:05:22.804] [main/DEBUG] [mixin/]: Instancing new MixinPlatformAgentDefault for SecureJarResource(naturescompass)
[28Dec2025 23:05:22.804] [main/DEBUG] [mixin/]: MixinPlatformAgentDefault accepted container SecureJarResource(naturescompass)
[28Dec2025 23:05:22.804] [main/DEBUG] [mixin/]: Processing prepare() for PlatformAgent[MixinPlatformAgentDefault:SecureJarResource(naturescompass)]
[28Dec2025 23:05:22.804] [main/DEBUG] [mixin/]: Adding mixin platform agents for container SecureJarResource(craterlib)
[28Dec2025 23:05:22.804] [main/DEBUG] [mixin/]: Instancing new MixinPlatformAgentMinecraftForge for SecureJarResource(craterlib)
[28Dec2025 23:05:22.804] [main/DEBUG] [mixin/]: MixinPlatformAgentMinecraftForge rejected container SecureJarResource(craterlib)
[28Dec2025 23:05:22.804] [main/DEBUG] [mixin/]: Instancing new MixinPlatformAgentDefault for SecureJarResource(craterlib)
[28Dec2025 23:05:22.804] [main/DEBUG] [mixin/]: MixinPlatformAgentDefault accepted container SecureJarResource(craterlib)
[28Dec2025 23:05:22.804] [main/DEBUG] [mixin/]: Processing prepare() for PlatformAgent[MixinPlatformAgentDefault:SecureJarResource(craterlib)]
[28Dec2025 23:05:22.804] [main/DEBUG] [mixin/]: Registering mixin config: craterlib.mixins.json
[28Dec2025 23:05:22.805] [main/DEBUG] [mixin/]: Registering mixin config: craterlib.forge.mixins.json
[28Dec2025 23:05:22.805] [main/DEBUG] [mixin/]: Adding mixin platform agents for container SecureJarResource(starlight)
[28Dec2025 23:05:22.805] [main/DEBUG] [mixin/]: Instancing new MixinPlatformAgentMinecraftForge for SecureJarResource(starlight)
[28Dec2025 23:05:22.805] [main/DEBUG] [mixin/]: MixinPlatformAgentMinecraftForge rejected container SecureJarResource(starlight)
[28Dec2025 23:05:22.805] [main/DEBUG] [mixin/]: Instancing new MixinPlatformAgentDefault for SecureJarResource(starlight)
[28Dec2025 23:05:22.805] [main/DEBUG] [mixin/]: MixinPlatformAgentDefault accepted container SecureJarResource(starlight)
[28Dec2025 23:05:22.806] [main/DEBUG] [mixin/]: Processing prepare() for PlatformAgent[MixinPlatformAgentDefault:SecureJarResource(starlight)]
[28Dec2025 23:05:22.806] [main/DEBUG] [mixin/]: Registering mixin config: starlight.mixins.json
[28Dec2025 23:05:22.806] [main/DEBUG] [mixin/]: Adding mixin platform agents for container SecureJarResource(corpsecurioscompat)
[28Dec2025 23:05:22.806] [main/DEBUG] [mixin/]: Instancing new MixinPlatformAgentMinecraftForge for SecureJarResource(corpsecurioscompat)
[28Dec2025 23:05:22.806] [main/DEBUG] [mixin/]: MixinPlatformAgentMinecraftForge rejected container SecureJarResource(corpsecurioscompat)
[28Dec2025 23:05:22.806] [main/DEBUG] [mixin/]: Instancing new MixinPlatformAgentDefault for SecureJarResource(corpsecurioscompat)
[28Dec2025 23:05:22.806] [main/DEBUG] [mixin/]: MixinPlatformAgentDefault accepted container SecureJarResource(corpsecurioscompat)
[28Dec2025 23:05:22.806] [main/DEBUG] [mixin/]: Processing prepare() for PlatformAgent[MixinPlatformAgentDefault:SecureJarResource(corpsecurioscompat)]
[28Dec2025 23:05:22.806] [main/DEBUG] [mixin/]: Registering mixin config: corpsecurioscompat.mixins.json
[28Dec2025 23:05:22.807] [main/DEBUG] [mixin/]: Compatibility level JAVA_8 specified by corpsecurioscompat.mixins.json is lower than the default level supported by the current mixin service (JAVA_16).
[28Dec2025 23:05:22.807] [main/DEBUG] [mixin/]: Adding mixin platform agents for container SecureJarResource(medieval_paintings)
[28Dec2025 23:05:22.807] [main/DEBUG] [mixin/]: Instancing new MixinPlatformAgentMinecraftForge for SecureJarResource(medieval_paintings)
[28Dec2025 23:05:22.807] [main/DEBUG] [mixin/]: MixinPlatformAgentMinecraftForge rejected container SecureJarResource(medieval_paintings)
[28Dec2025 23:05:22.807] [main/DEBUG] [mixin/]: Instancing new MixinPlatformAgentDefault for SecureJarResource(medieval_paintings)
[28Dec2025 23:05:22.807] [main/DEBUG] [mixin/]: MixinPlatformAgentDefault accepted container SecureJarResource(medieval_paintings)
[28Dec2025 23:05:22.807] [main/DEBUG] [mixin/]: Processing prepare() for PlatformAgent[MixinPlatformAgentDefault:SecureJarResource(medieval_paintings)]
[28Dec2025 23:05:22.807] [main/DEBUG] [mixin/]: Adding mixin platform agents for container SecureJarResource(ars_nouveau)
[28Dec2025 23:05:22.807] [main/DEBUG] [mixin/]: Instancing new MixinPlatformAgentMinecraftForge for SecureJarResource(ars_nouveau)
[28Dec2025 23:05:22.807] [main/DEBUG] [mixin/]: MixinPlatformAgentMinecraftForge rejected container SecureJarResource(ars_nouveau)
[28Dec2025 23:05:22.807] [main/DEBUG] [mixin/]: Instancing new MixinPlatformAgentDefault for SecureJarResource(ars_nouveau)
[28Dec2025 23:05:22.807] [main/DEBUG] [mixin/]: MixinPlatformAgentDefault accepted container SecureJarResource(ars_nouveau)
[28Dec2025 23:05:22.807] [main/DEBUG] [mixin/]: Processing prepare() for PlatformAgent[MixinPlatformAgentDefault:SecureJarResource(ars_nouveau)]
[28Dec2025 23:05:22.807] [main/DEBUG] [mixin/]: Registering mixin config: ars_nouveau.mixins.json
[28Dec2025 23:05:22.808] [main/DEBUG] [mixin/]: Adding mixin platform agents for container SecureJarResource(crafttweaker)
[28Dec2025 23:05:22.808] [main/DEBUG] [mixin/]: Instancing new MixinPlatformAgentMinecraftForge for SecureJarResource(crafttweaker)
[28Dec2025 23:05:22.808] [main/DEBUG] [mixin/]: MixinPlatformAgentMinecraftForge rejected container SecureJarResource(crafttweaker)
[28Dec2025 23:05:22.808] [main/DEBUG] [mixin/]: Instancing new MixinPlatformAgentDefault for SecureJarResource(crafttweaker)
[28Dec2025 23:05:22.808] [main/DEBUG] [mixin/]: MixinPlatformAgentDefault accepted container SecureJarResource(crafttweaker)
[28Dec2025 23:05:22.808] [main/DEBUG] [mixin/]: Processing prepare() for PlatformAgent[MixinPlatformAgentDefault:SecureJarResource(crafttweaker)]
[28Dec2025 23:05:22.808] [main/DEBUG] [mixin/]: Registering mixin config: crafttweaker.mixins.json
[28Dec2025 23:05:22.809] [main/DEBUG] [mixin/]: Registering mixin config: crafttweaker.forge.mixins.json
[28Dec2025 23:05:22.810] [main/DEBUG] [mixin/]: Adding mixin platform agents for container SecureJarResource(memoryleakfix)
[28Dec2025 23:05:22.810] [main/DEBUG] [mixin/]: Instancing new MixinPlatformAgentMinecraftForge for SecureJarResource(memoryleakfix)
[28Dec2025 23:05:22.810] [main/DEBUG] [mixin/]: MixinPlatformAgentMinecraftForge rejected container SecureJarResource(memoryleakfix)
[28Dec2025 23:05:22.810] [main/DEBUG] [mixin/]: Instancing new MixinPlatformAgentDefault for SecureJarResource(memoryleakfix)
[28Dec2025 23:05:22.810] [main/DEBUG] [mixin/]: MixinPlatformAgentDefault accepted container SecureJarResource(memoryleakfix)
[28Dec2025 23:05:22.810] [main/DEBUG] [mixin/]: Processing prepare() for PlatformAgent[MixinPlatformAgentDefault:SecureJarResource(memoryleakfix)]
[28Dec2025 23:05:22.810] [main/DEBUG] [mixin/]: Registering mixin config: memoryleakfix.mixins.json
[28Dec2025 23:05:22.811] [main/DEBUG] [mixin/]: Compatibility level JAVA_8 specified by memoryleakfix.mixins.json is lower than the default level supported by the current mixin service (JAVA_16).
[28Dec2025 23:05:22.811] [main/DEBUG] [mixin/]: Adding mixin platform agents for container SecureJarResource(dungeons_arise_seven_seas)
[28Dec2025 23:05:22.811] [main/DEBUG] [mixin/]: Instancing new MixinPlatformAgentMinecraftForge for SecureJarResource(dungeons_arise_seven_seas)
[28Dec2025 23:05:22.811] [main/DEBUG] [mixin/]: MixinPlatformAgentMinecraftForge rejected container SecureJarResource(dungeons_arise_seven_seas)
[28Dec2025 23:05:22.811] [main/DEBUG] [mixin/]: Instancing new MixinPlatformAgentDefault for SecureJarResource(dungeons_arise_seven_seas)
[28Dec2025 23:05:22.811] [main/DEBUG] [mixin/]: MixinPlatformAgentDefault accepted container SecureJarResource(dungeons_arise_seven_seas)
[28Dec2025 23:05:22.811] [main/DEBUG] [mixin/]: Processing prepare() for PlatformAgent[MixinPlatformAgentDefault:SecureJarResource(dungeons_arise_seven_seas)]
[28Dec2025 23:05:22.811] [main/DEBUG] [mixin/]: Adding mixin platform agents for container SecureJarResource(rubidium_extras)
[28Dec2025 23:05:22.811] [main/DEBUG] [mixin/]: Instancing new MixinPlatformAgentMinecraftForge for SecureJarResource(rubidium_extras)
[28Dec2025 23:05:22.811] [main/DEBUG] [mixin/]: MixinPlatformAgentMinecraftForge rejected container SecureJarResource(rubidium_extras)
[28Dec2025 23:05:22.811] [main/DEBUG] [mixin/]: Instancing new MixinPlatformAgentDefault for SecureJarResource(rubidium_extras)
[28Dec2025 23:05:22.811] [main/DEBUG] [mixin/]: MixinPlatformAgentDefault accepted container SecureJarResource(rubidium_extras)
[28Dec2025 23:05:22.811] [main/DEBUG] [mixin/]: Processing prepare() for PlatformAgent[MixinPlatformAgentDefault:SecureJarResource(rubidium_extras)]
[28Dec2025 23:05:22.811] [main/DEBUG] [mixin/]: Registering mixin config: rubidium_extras.mixins.json
[28Dec2025 23:05:22.812] [main/DEBUG] [mixin/]: Compatibility level JAVA_8 specified by rubidium_extras.mixins.json is lower than the default level supported by the current mixin service (JAVA_16).
[28Dec2025 23:05:22.812] [main/DEBUG] [mixin/]: Adding mixin platform agents for container SecureJarResource(forge)
[28Dec2025 23:05:22.812] [main/DEBUG] [mixin/]: Instancing new MixinPlatformAgentMinecraftForge for SecureJarResource(forge)
[28Dec2025 23:05:22.812] [main/DEBUG] [mixin/]: MixinPlatformAgentMinecraftForge rejected container SecureJarResource(forge)
[28Dec2025 23:05:22.812] [main/DEBUG] [mixin/]: Instancing new MixinPlatformAgentDefault for SecureJarResource(forge)
[28Dec2025 23:05:22.812] [main/DEBUG] [mixin/]: MixinPlatformAgentDefault accepted container SecureJarResource(forge)
[28Dec2025 23:05:22.812] [main/DEBUG] [mixin/]: Processing prepare() for PlatformAgent[MixinPlatformAgentDefault:SecureJarResource(forge)]
[28Dec2025 23:05:22.812] [main/DEBUG] [mixin/]: Adding mixin platform agents for container SecureJarResource(infernalmobs)
[28Dec2025 23:05:22.812] [main/DEBUG] [mixin/]: Instancing new MixinPlatformAgentMinecraftForge for SecureJarResource(infernalmobs)
[28Dec2025 23:05:22.812] [main/DEBUG] [mixin/]: MixinPlatformAgentMinecraftForge rejected container SecureJarResource(infernalmobs)
[28Dec2025 23:05:22.812] [main/DEBUG] [mixin/]: Instancing new MixinPlatformAgentDefault for SecureJarResource(infernalmobs)
[28Dec2025 23:05:22.812] [main/DEBUG] [mixin/]: MixinPlatformAgentDefault accepted container SecureJarResource(infernalmobs)
[28Dec2025 23:05:22.812] [main/DEBUG] [mixin/]: Processing prepare() for PlatformAgent[MixinPlatformAgentDefault:SecureJarResource(infernalmobs)]
[28Dec2025 23:05:22.812] [main/DEBUG] [mixin/]: Adding mixin platform agents for container SecureJarResource(ironchest)
[28Dec2025 23:05:22.812] [main/DEBUG] [mixin/]: Instancing new MixinPlatformAgentMinecraftForge for SecureJarResource(ironchest)
[28Dec2025 23:05:22.812] [main/DEBUG] [mixin/]: MixinPlatformAgentMinecraftForge rejected container SecureJarResource(ironchest)
[28Dec2025 23:05:22.812] [main/DEBUG] [mixin/]: Instancing new MixinPlatformAgentDefault for SecureJarResource(ironchest)
[28Dec2025 23:05:22.812] [main/DEBUG] [mixin/]: MixinPlatformAgentDefault accepted container SecureJarResource(ironchest)
[28Dec2025 23:05:22.812] [main/DEBUG] [mixin/]: Processing prepare() for PlatformAgent[MixinPlatformAgentDefault:SecureJarResource(ironchest)]
[28Dec2025 23:05:22.812] [main/DEBUG] [mixin/]: Adding mixin platform agents for container SecureJarResource(dungeons_arise)
[28Dec2025 23:05:22.812] [main/DEBUG] [mixin/]: Instancing new MixinPlatformAgentMinecraftForge for SecureJarResource(dungeons_arise)
[28Dec2025 23:05:22.812] [main/DEBUG] [mixin/]: MixinPlatformAgentMinecraftForge rejected container SecureJarResource(dungeons_arise)
[28Dec2025 23:05:22.813] [main/DEBUG] [mixin/]: Instancing new MixinPlatformAgentDefault for SecureJarResource(dungeons_arise)
[28Dec2025 23:05:22.813] [main/DEBUG] [mixin/]: MixinPlatformAgentDefault accepted container SecureJarResource(dungeons_arise)
[28Dec2025 23:05:22.813] [main/DEBUG] [mixin/]: Processing prepare() for PlatformAgent[MixinPlatformAgentDefault:SecureJarResource(dungeons_arise)]
[28Dec2025 23:05:22.813] [main/DEBUG] [mixin/]: Adding mixin platform agents for container SecureJarResource(sons_of_sins)
[28Dec2025 23:05:22.813] [main/DEBUG] [mixin/]: Instancing new MixinPlatformAgentMinecraftForge for SecureJarResource(sons_of_sins)
[28Dec2025 23:05:22.813] [main/DEBUG] [mixin/]: MixinPlatformAgentMinecraftForge rejected container SecureJarResource(sons_of_sins)
[28Dec2025 23:05:22.813] [main/DEBUG] [mixin/]: Instancing new MixinPlatformAgentDefault for SecureJarResource(sons_of_sins)
[28Dec2025 23:05:22.813] [main/DEBUG] [mixin/]: MixinPlatformAgentDefault accepted container SecureJarResource(sons_of_sins)
[28Dec2025 23:05:22.813] [main/DEBUG] [mixin/]: Processing prepare() for PlatformAgent[MixinPlatformAgentDefault:SecureJarResource(sons_of_sins)]
[28Dec2025 23:05:22.813] [main/DEBUG] [mixin/]: Adding mixin platform agents for container SecureJarResource(minecraft)
[28Dec2025 23:05:22.813] [main/DEBUG] [mixin/]: Instancing new MixinPlatformAgentMinecraftForge for SecureJarResource(minecraft)
[28Dec2025 23:05:22.813] [main/DEBUG] [mixin/]: MixinPlatformAgentMinecraftForge rejected container SecureJarResource(minecraft)
[28Dec2025 23:05:22.813] [main/DEBUG] [mixin/]: Instancing new MixinPlatformAgentDefault for SecureJarResource(minecraft)
[28Dec2025 23:05:22.813] [main/DEBUG] [mixin/]: MixinPlatformAgentDefault accepted container SecureJarResource(minecraft)
[28Dec2025 23:05:22.813] [main/DEBUG] [mixin/]: Processing prepare() for PlatformAgent[MixinPlatformAgentDefault:SecureJarResource(minecraft)]
[28Dec2025 23:05:22.813] [main/DEBUG] [mixin/]: Adding mixin platform agents for container SecureJarResource(terrablender)
[28Dec2025 23:05:22.813] [main/DEBUG] [mixin/]: Instancing new MixinPlatformAgentMinecraftForge for SecureJarResource(terrablender)
[28Dec2025 23:05:22.813] [main/DEBUG] [mixin/]: MixinPlatformAgentMinecraftForge rejected container SecureJarResource(terrablender)
[28Dec2025 23:05:22.813] [main/DEBUG] [mixin/]: Instancing new MixinPlatformAgentDefault for SecureJarResource(terrablender)
[28Dec2025 23:05:22.813] [main/DEBUG] [mixin/]: MixinPlatformAgentDefault accepted container SecureJarResource(terrablender)
[28Dec2025 23:05:22.813] [main/DEBUG] [mixin/]: Processing prepare() for PlatformAgent[MixinPlatformAgentDefault:SecureJarResource(terrablender)]
[28Dec2025 23:05:22.813] [main/DEBUG] [mixin/]: Registering mixin config: terrablender.mixins.json
[28Dec2025 23:05:22.814] [main/DEBUG] [mixin/]: Registering mixin config: terrablender_forge.mixins.json
[28Dec2025 23:05:22.814] [main/DEBUG] [mixin/]: Adding mixin platform agents for container SecureJarResource(bettercombat)
[28Dec2025 23:05:22.814] [main/DEBUG] [mixin/]: Instancing new MixinPlatformAgentMinecraftForge for SecureJarResource(bettercombat)
[28Dec2025 23:05:22.814] [main/DEBUG] [mixin/]: MixinPlatformAgentMinecraftForge rejected container SecureJarResource(bettercombat)
[28Dec2025 23:05:22.814] [main/DEBUG] [mixin/]: Instancing new MixinPlatformAgentDefault for SecureJarResource(bettercombat)
[28Dec2025 23:05:22.814] [main/DEBUG] [mixin/]: MixinPlatformAgentDefault accepted container SecureJarResource(bettercombat)
[28Dec2025 23:05:22.814] [main/DEBUG] [mixin/]: Processing prepare() for PlatformAgent[MixinPlatformAgentDefault:SecureJarResource(bettercombat)]
[28Dec2025 23:05:22.815] [main/DEBUG] [mixin/]: Registering mixin config: bettercombat.mixins.json
[28Dec2025 23:05:22.815] [main/DEBUG] [mixin/]: Adding mixin platform agents for container SecureJarResource(mousetweaks)
[28Dec2025 23:05:22.815] [main/DEBUG] [mixin/]: Instancing new MixinPlatformAgentMinecraftForge for SecureJarResource(mousetweaks)
[28Dec2025 23:05:22.815] [main/DEBUG] [mixin/]: MixinPlatformAgentMinecraftForge rejected container SecureJarResource(mousetweaks)
[28Dec2025 23:05:22.815] [main/DEBUG] [mixin/]: Instancing new MixinPlatformAgentDefault for SecureJarResource(mousetweaks)
[28Dec2025 23:05:22.815] [main/DEBUG] [mixin/]: MixinPlatformAgentDefault accepted container SecureJarResource(mousetweaks)
[28Dec2025 23:05:22.815] [main/DEBUG] [mixin/]: Processing prepare() for PlatformAgent[MixinPlatformAgentDefault:SecureJarResource(mousetweaks)]
[28Dec2025 23:05:22.815] [main/DEBUG] [mixin/]: Registering mixin config: mousetweaks.mixins.json
[28Dec2025 23:05:22.816] [main/DEBUG] [mixin/]: Adding mixin platform agents for container SecureJarResource(commonality)
[28Dec2025 23:05:22.816] [main/DEBUG] [mixin/]: Instancing new MixinPlatformAgentMinecraftForge for SecureJarResource(commonality)
[28Dec2025 23:05:22.816] [main/DEBUG] [mixin/]: MixinPlatformAgentMinecraftForge rejected container SecureJarResource(commonality)
[28Dec2025 23:05:22.816] [main/DEBUG] [mixin/]: Instancing new MixinPlatformAgentDefault for SecureJarResource(commonality)
[28Dec2025 23:05:22.816] [main/DEBUG] [mixin/]: MixinPlatformAgentDefault accepted container SecureJarResource(commonality)
[28Dec2025 23:05:22.816] [main/DEBUG] [mixin/]: Processing prepare() for PlatformAgent[MixinPlatformAgentDefault:SecureJarResource(commonality)]
[28Dec2025 23:05:22.816] [main/DEBUG] [mixin/]: Adding mixin platform agents for container SecureJarResource(awesomedungeonnether)
[28Dec2025 23:05:22.816] [main/DEBUG] [mixin/]: Instancing new MixinPlatformAgentMinecraftForge for SecureJarResource(awesomedungeonnether)
[28Dec2025 23:05:22.816] [main/DEBUG] [mixin/]: MixinPlatformAgentMinecraftForge rejected container SecureJarResource(awesomedungeonnether)
[28Dec2025 23:05:22.816] [main/DEBUG] [mixin/]: Instancing new MixinPlatformAgentDefault for SecureJarResource(awesomedungeonnether)
[28Dec2025 23:05:22.816] [main/DEBUG] [mixin/]: MixinPlatformAgentDefault accepted container SecureJarResource(awesomedungeonnether)
[28Dec2025 23:05:22.816] [main/DEBUG] [mixin/]: Processing prepare() for PlatformAgent[MixinPlatformAgentDefault:SecureJarResource(awesomedungeonnether)]
[28Dec2025 23:05:22.816] [main/DEBUG] [mixin/]: Adding mixin platform agents for container SecureJarResource(ftbquests)
[28Dec2025 23:05:22.816] [main/DEBUG] [mixin/]: Instancing new MixinPlatformAgentMinecraftForge for SecureJarResource(ftbquests)
[28Dec2025 23:05:22.816] [main/DEBUG] [mixin/]: MixinPlatformAgentMinecraftForge rejected container SecureJarResource(ftbquests)
[28Dec2025 23:05:22.816] [main/DEBUG] [mixin/]: Instancing new MixinPlatformAgentDefault for SecureJarResource(ftbquests)
[28Dec2025 23:05:22.816] [main/DEBUG] [mixin/]: MixinPlatformAgentDefault accepted container SecureJarResource(ftbquests)
[28Dec2025 23:05:22.816] [main/DEBUG] [mixin/]: Processing prepare() for PlatformAgent[MixinPlatformAgentDefault:SecureJarResource(ftbquests)]
[28Dec2025 23:05:22.816] [main/DEBUG] [mixin/]: Adding mixin platform agents for container SecureJarResource(necronomicon)
[28Dec2025 23:05:22.816] [main/DEBUG] [mixin/]: Instancing new MixinPlatformAgentMinecraftForge for SecureJarResource(necronomicon)
[28Dec2025 23:05:22.816] [main/DEBUG] [mixin/]: MixinPlatformAgentMinecraftForge rejected container SecureJarResource(necronomicon)
[28Dec2025 23:05:22.816] [main/DEBUG] [mixin/]: Instancing new MixinPlatformAgentDefault for SecureJarResource(necronomicon)
[28Dec2025 23:05:22.816] [main/DEBUG] [mixin/]: MixinPlatformAgentDefault accepted container SecureJarResource(necronomicon)
[28Dec2025 23:05:22.816] [main/DEBUG] [mixin/]: Processing prepare() for PlatformAgent[MixinPlatformAgentDefault:SecureJarResource(necronomicon)]
[28Dec2025 23:05:22.816] [main/DEBUG] [mixin/]: Registering mixin config: necronomicon.forge.mixins.json
[28Dec2025 23:05:22.817] [main/DEBUG] [mixin/]: Compatibility level JAVA_16 specified by necronomicon.forge.mixins.json is higher than the maximum level supported by this version of mixin (JAVA_13).
[28Dec2025 23:05:22.817] [main/ERROR] [mixin/]: Mixin config necronomicon.forge.mixins.json does not specify "minVersion" property
[28Dec2025 23:05:22.817] [main/DEBUG] [mixin/]: Adding mixin platform agents for container SecureJarResource(knightquest)
[28Dec2025 23:05:22.817] [main/DEBUG] [mixin/]: Instancing new MixinPlatformAgentMinecraftForge for SecureJarResource(knightquest)
[28Dec2025 23:05:22.817] [main/DEBUG] [mixin/]: MixinPlatformAgentMinecraftForge rejected container SecureJarResource(knightquest)
[28Dec2025 23:05:22.817] [main/DEBUG] [mixin/]: Instancing new MixinPlatformAgentDefault for SecureJarResource(knightquest)
[28Dec2025 23:05:22.817] [main/DEBUG] [mixin/]: MixinPlatformAgentDefault accepted container SecureJarResource(knightquest)
[28Dec2025 23:05:22.817] [main/DEBUG] [mixin/]: Processing prepare() for PlatformAgent[MixinPlatformAgentDefault:SecureJarResource(knightquest)]
[28Dec2025 23:05:22.817] [main/DEBUG] [mixin/]: Adding mixin platform agents for container SecureJarResource(itemproductionlib)
[28Dec2025 23:05:22.817] [main/DEBUG] [mixin/]: Instancing new MixinPlatformAgentMinecraftForge for SecureJarResource(itemproductionlib)
[28Dec2025 23:05:22.817] [main/DEBUG] [mixin/]: MixinPlatformAgentMinecraftForge rejected container SecureJarResource(itemproductionlib)
[28Dec2025 23:05:22.817] [main/DEBUG] [mixin/]: Instancing new MixinPlatformAgentDefault for SecureJarResource(itemproductionlib)
[28Dec2025 23:05:22.817] [main/DEBUG] [mixin/]: MixinPlatformAgentDefault accepted container SecureJarResource(itemproductionlib)
[28Dec2025 23:05:22.817] [main/DEBUG] [mixin/]: Processing prepare() for PlatformAgent[MixinPlatformAgentDefault:SecureJarResource(itemproductionlib)]
[28Dec2025 23:05:22.817] [main/DEBUG] [mixin/]: Registering mixin config: itemproductionlib.mixins.json
[28Dec2025 23:05:22.818] [main/DEBUG] [mixin/]: Adding mixin platform agents for container SecureJarResource(spectrelib)
[28Dec2025 23:05:22.818] [main/DEBUG] [mixin/]: Instancing new MixinPlatformAgentMinecraftForge for SecureJarResource(spectrelib)
[28Dec2025 23:05:22.818] [main/DEBUG] [mixin/]: MixinPlatformAgentMinecraftForge rejected container SecureJarResource(spectrelib)
[28Dec2025 23:05:22.818] [main/DEBUG] [mixin/]: Instancing new MixinPlatformAgentDefault for SecureJarResource(spectrelib)
[28Dec2025 23:05:22.818] [main/DEBUG] [mixin/]: MixinPlatformAgentDefault accepted container SecureJarResource(spectrelib)
[28Dec2025 23:05:22.818] [main/DEBUG] [mixin/]: Processing prepare() for PlatformAgent[MixinPlatformAgentDefault:SecureJarResource(spectrelib)]
[28Dec2025 23:05:22.818] [main/DEBUG] [mixin/]: Adding mixin platform agents for container SecureJarResource(corgilib)
[28Dec2025 23:05:22.818] [main/DEBUG] [mixin/]: Instancing new MixinPlatformAgentMinecraftForge for SecureJarResource(corgilib)
[28Dec2025 23:05:22.818] [main/DEBUG] [mixin/]: MixinPlatformAgentMinecraftForge rejected container SecureJarResource(corgilib)
[28Dec2025 23:05:22.818] [main/DEBUG] [mixin/]: Instancing new MixinPlatformAgentDefault for SecureJarResource(corgilib)
[28Dec2025 23:05:22.818] [main/DEBUG] [mixin/]: MixinPlatformAgentDefault accepted container SecureJarResource(corgilib)
[28Dec2025 23:05:22.818] [main/DEBUG] [mixin/]: Processing prepare() for PlatformAgent[MixinPlatformAgentDefault:SecureJarResource(corgilib)]
[28Dec2025 23:05:22.818] [main/DEBUG] [mixin/]: Registering mixin config: corgilib.mixins.json
[28Dec2025 23:05:22.819] [main/DEBUG] [mixin/]: Registering mixin config: corgilib.forge.mixins.json
[28Dec2025 23:05:22.819] [main/DEBUG] [mixin/]: Adding mixin platform agents for container SecureJarResource(fastpaintings)
[28Dec2025 23:05:22.819] [main/DEBUG] [mixin/]: Instancing new MixinPlatformAgentMinecraftForge for SecureJarResource(fastpaintings)
[28Dec2025 23:05:22.819] [main/DEBUG] [mixin/]: MixinPlatformAgentMinecraftForge rejected container SecureJarResource(fastpaintings)
[28Dec2025 23:05:22.819] [main/DEBUG] [mixin/]: Instancing new MixinPlatformAgentDefault for SecureJarResource(fastpaintings)
[28Dec2025 23:05:22.819] [main/DEBUG] [mixin/]: MixinPlatformAgentDefault accepted container SecureJarResource(fastpaintings)
[28Dec2025 23:05:22.820] [main/DEBUG] [mixin/]: Processing prepare() for PlatformAgent[MixinPlatformAgentDefault:SecureJarResource(fastpaintings)]
[28Dec2025 23:05:22.820] [main/DEBUG] [mixin/]: Registering mixin config: fastpaintings.mixins.json
[28Dec2025 23:05:22.820] [main/DEBUG] [mixin/]: Registering mixin config: fastpaintings-forge.mixins.json
[28Dec2025 23:05:22.821] [main/DEBUG] [mixin/]: Adding mixin platform agents for container SecureJarResource(aeroblender)
[28Dec2025 23:05:22.821] [main/DEBUG] [mixin/]: Instancing new MixinPlatformAgentMinecraftForge for SecureJarResource(aeroblender)
[28Dec2025 23:05:22.821] [main/DEBUG] [mixin/]: MixinPlatformAgentMinecraftForge rejected container SecureJarResource(aeroblender)
[28Dec2025 23:05:22.821] [main/DEBUG] [mixin/]: Instancing new MixinPlatformAgentDefault for SecureJarResource(aeroblender)
[28Dec2025 23:05:22.821] [main/DEBUG] [mixin/]: MixinPlatformAgentDefault accepted container SecureJarResource(aeroblender)
[28Dec2025 23:05:22.821] [main/DEBUG] [mixin/]: Processing prepare() for PlatformAgent[MixinPlatformAgentDefault:SecureJarResource(aeroblender)]
[28Dec2025 23:05:22.821] [main/DEBUG] [mixin/]: Registering mixin config: aeroblender.mixins.json
[28Dec2025 23:05:22.822] [main/DEBUG] [mixin/]: Adding mixin platform agents for container SecureJarResource(domum_ornamentum)
[28Dec2025 23:05:22.822] [main/DEBUG] [mixin/]: Instancing new MixinPlatformAgentMinecraftForge for SecureJarResource(domum_ornamentum)
[28Dec2025 23:05:22.822] [main/DEBUG] [mixin/]: MixinPlatformAgentMinecraftForge rejected container SecureJarResource(domum_ornamentum)
[28Dec2025 23:05:22.822] [main/DEBUG] [mixin/]: Instancing new MixinPlatformAgentDefault for SecureJarResource(domum_ornamentum)
[28Dec2025 23:05:22.822] [main/DEBUG] [mixin/]: MixinPlatformAgentDefault accepted container SecureJarResource(domum_ornamentum)
[28Dec2025 23:05:22.822] [main/DEBUG] [mixin/]: Processing prepare() for PlatformAgent[MixinPlatformAgentDefault:SecureJarResource(domum_ornamentum)]
[28Dec2025 23:05:22.822] [main/DEBUG] [mixin/]: Adding mixin platform agents for container SecureJarResource(calio)
[28Dec2025 23:05:22.822] [main/DEBUG] [mixin/]: Instancing new MixinPlatformAgentMinecraftForge for SecureJarResource(calio)
[28Dec2025 23:05:22.822] [main/DEBUG] [mixin/]: MixinPlatformAgentMinecraftForge rejected container SecureJarResource(calio)
[28Dec2025 23:05:22.822] [main/DEBUG] [mixin/]: Instancing new MixinPlatformAgentDefault for SecureJarResource(calio)
[28Dec2025 23:05:22.822] [main/DEBUG] [mixin/]: MixinPlatformAgentDefault accepted container SecureJarResource(calio)
[28Dec2025 23:05:22.822] [main/DEBUG] [mixin/]: Processing prepare() for PlatformAgent[MixinPlatformAgentDefault:SecureJarResource(calio)]
[28Dec2025 23:05:22.822] [main/DEBUG] [mixin/]: Adding mixin platform agents for container SecureJarResource(betterfpsdist)
[28Dec2025 23:05:22.822] [main/DEBUG] [mixin/]: Instancing new MixinPlatformAgentMinecraftForge for SecureJarResource(betterfpsdist)
[28Dec2025 23:05:22.822] [main/DEBUG] [mixin/]: MixinPlatformAgentMinecraftForge rejected container SecureJarResource(betterfpsdist)
[28Dec2025 23:05:22.822] [main/DEBUG] [mixin/]: Instancing new MixinPlatformAgentDefault for SecureJarResource(betterfpsdist)
[28Dec2025 23:05:22.822] [main/DEBUG] [mixin/]: MixinPlatformAgentDefault accepted container SecureJarResource(betterfpsdist)
[28Dec2025 23:05:22.822] [main/DEBUG] [mixin/]: Processing prepare() for PlatformAgent[MixinPlatformAgentDefault:SecureJarResource(betterfpsdist)]
[28Dec2025 23:05:22.822] [main/DEBUG] [mixin/]: Registering mixin config: betterfpsdist.mixins.json
[28Dec2025 23:05:22.823] [main/DEBUG] [mixin/]: Adding mixin platform agents for container SecureJarResource(brewinandchewin)
[28Dec2025 23:05:22.823] [main/DEBUG] [mixin/]: Instancing new MixinPlatformAgentMinecraftForge for SecureJarResource(brewinandchewin)
[28Dec2025 23:05:22.823] [main/DEBUG] [mixin/]: MixinPlatformAgentMinecraftForge rejected container SecureJarResource(brewinandchewin)
[28Dec2025 23:05:22.823] [main/DEBUG] [mixin/]: Instancing new MixinPlatformAgentDefault for SecureJarResource(brewinandchewin)
[28Dec2025 23:05:22.823] [main/DEBUG] [mixin/]: MixinPlatformAgentDefault accepted container SecureJarResource(brewinandchewin)
[28Dec2025 23:05:22.823] [main/DEBUG] [mixin/]: Processing prepare() for PlatformAgent[MixinPlatformAgentDefault:SecureJarResource(brewinandchewin)]
[28Dec2025 23:05:22.823] [main/DEBUG] [mixin/]: Registering mixin config: brewinandchewin.mixins.json
[28Dec2025 23:05:22.824] [main/DEBUG] [mixin/]: Adding mixin platform agents for container SecureJarResource(farmersrespite)
[28Dec2025 23:05:22.824] [main/DEBUG] [mixin/]: Instancing new MixinPlatformAgentMinecraftForge for SecureJarResource(farmersrespite)
[28Dec2025 23:05:22.824] [main/DEBUG] [mixin/]: MixinPlatformAgentMinecraftForge rejected container SecureJarResource(farmersrespite)
[28Dec2025 23:05:22.824] [main/DEBUG] [mixin/]: Instancing new MixinPlatformAgentDefault for SecureJarResource(farmersrespite)
[28Dec2025 23:05:22.824] [main/DEBUG] [mixin/]: MixinPlatformAgentDefault accepted container SecureJarResource(farmersrespite)
[28Dec2025 23:05:22.824] [main/DEBUG] [mixin/]: Processing prepare() for PlatformAgent[MixinPlatformAgentDefault:SecureJarResource(farmersrespite)]
[28Dec2025 23:05:22.824] [main/DEBUG] [mixin/]: Registering mixin config: farmersrespite.mixins.json
[28Dec2025 23:05:22.825] [main/DEBUG] [mixin/]: Adding mixin platform agents for container SecureJarResource(whisperwoods)
[28Dec2025 23:05:22.825] [main/DEBUG] [mixin/]: Instancing new MixinPlatformAgentMinecraftForge for SecureJarResource(whisperwoods)
[28Dec2025 23:05:22.825] [main/DEBUG] [mixin/]: MixinPlatformAgentMinecraftForge rejected container SecureJarResource(whisperwoods)
[28Dec2025 23:05:22.825] [main/DEBUG] [mixin/]: Instancing new MixinPlatformAgentDefault for SecureJarResource(whisperwoods)
[28Dec2025 23:05:22.825] [main/DEBUG] [mixin/]: MixinPlatformAgentDefault accepted container SecureJarResource(whisperwoods)
[28Dec2025 23:05:22.825] [main/DEBUG] [mixin/]: Processing prepare() for PlatformAgent[MixinPlatformAgentDefault:SecureJarResource(whisperwoods)]
[28Dec2025 23:05:22.825] [main/DEBUG] [mixin/]: Registering mixin config: mixin.imdlib-whisperwoods.json
[28Dec2025 23:05:22.826] [main/DEBUG] [mixin/]: Registering mixin config: whisperwoods.mixins.json
[28Dec2025 23:05:22.827] [main/DEBUG] [mixin/]: Registering mixin config: whisperwoods-forge.mixins.json
[28Dec2025 23:05:22.827] [main/DEBUG] [mixin/]: Adding mixin platform agents for container SecureJarResource(ecologics)
[28Dec2025 23:05:22.827] [main/DEBUG] [mixin/]: Instancing new MixinPlatformAgentMinecraftForge for SecureJarResource(ecologics)
[28Dec2025 23:05:22.827] [main/DEBUG] [mixin/]: MixinPlatformAgentMinecraftForge rejected container SecureJarResource(ecologics)
[28Dec2025 23:05:22.827] [main/DEBUG] [mixin/]: Instancing new MixinPlatformAgentDefault for SecureJarResource(ecologics)
[28Dec2025 23:05:22.827] [main/DEBUG] [mixin/]: MixinPlatformAgentDefault accepted container SecureJarResource(ecologics)
[28Dec2025 23:05:22.827] [main/DEBUG] [mixin/]: Processing prepare() for PlatformAgent[MixinPlatformAgentDefault:SecureJarResource(ecologics)]
[28Dec2025 23:05:22.828] [main/DEBUG] [mixin/]: Registering mixin config: ecologics-common.mixins.json
[28Dec2025 23:05:22.828] [main/DEBUG] [mixin/]: Registering mixin config: ecologics.mixins.json
[28Dec2025 23:05:22.828] [main/DEBUG] [mixin/]: Adding mixin platform agents for container SecureJarResource(xaerominimap)
[28Dec2025 23:05:22.828] [main/DEBUG] [mixin/]: Instancing new MixinPlatformAgentMinecraftForge for SecureJarResource(xaerominimap)
[28Dec2025 23:05:22.828] [main/DEBUG] [mixin/]: MixinPlatformAgentMinecraftForge rejected container SecureJarResource(xaerominimap)
[28Dec2025 23:05:22.829] [main/DEBUG] [mixin/]: Instancing new MixinPlatformAgentDefault for SecureJarResource(xaerominimap)
[28Dec2025 23:05:22.829] [main/DEBUG] [mixin/]: MixinPlatformAgentDefault accepted container SecureJarResource(xaerominimap)
[28Dec2025 23:05:22.829] [main/DEBUG] [mixin/]: Processing prepare() for PlatformAgent[MixinPlatformAgentDefault:SecureJarResource(xaerominimap)]
[28Dec2025 23:05:22.829] [main/DEBUG] [mixin/]: Adding mixin platform agents for container SecureJarResource(shadowizardlib)
[28Dec2025 23:05:22.829] [main/DEBUG] [mixin/]: Instancing new MixinPlatformAgentMinecraftForge for SecureJarResource(shadowizardlib)
[28Dec2025 23:05:22.829] [main/DEBUG] [mixin/]: MixinPlatformAgentMinecraftForge rejected container SecureJarResource(shadowizardlib)
[28Dec2025 23:05:22.829] [main/DEBUG] [mixin/]: Instancing new MixinPlatformAgentDefault for SecureJarResource(shadowizardlib)
[28Dec2025 23:05:22.829] [main/DEBUG] [mixin/]: MixinPlatformAgentDefault accepted container SecureJarResource(shadowizardlib)
[28Dec2025 23:05:22.829] [main/DEBUG] [mixin/]: Processing prepare() for PlatformAgent[MixinPlatformAgentDefault:SecureJarResource(shadowizardlib)]
[28Dec2025 23:05:22.829] [main/DEBUG] [mixin/]: Adding mixin platform agents for container SecureJarResource(bocchium)
[28Dec2025 23:05:22.829] [main/DEBUG] [mixin/]: Instancing new MixinPlatformAgentMinecraftForge for SecureJarResource(bocchium)
[28Dec2025 23:05:22.829] [main/DEBUG] [mixin/]: MixinPlatformAgentMinecraftForge rejected container SecureJarResource(bocchium)
[28Dec2025 23:05:22.829] [main/DEBUG] [mixin/]: Instancing new MixinPlatformAgentDefault for SecureJarResource(bocchium)
[28Dec2025 23:05:22.829] [main/DEBUG] [mixin/]: MixinPlatformAgentDefault accepted container SecureJarResource(bocchium)
[28Dec2025 23:05:22.829] [main/DEBUG] [mixin/]: Processing prepare() for PlatformAgent[MixinPlatformAgentDefault:SecureJarResource(bocchium)]
[28Dec2025 23:05:22.829] [main/DEBUG] [mixin/]: Registering mixin config: bocchium.mixins.json
[28Dec2025 23:05:22.829] [main/DEBUG] [mixin/]: Adding mixin platform agents for container SecureJarResource(autoreglib)
[28Dec2025 23:05:22.829] [main/DEBUG] [mixin/]: Instancing new MixinPlatformAgentMinecraftForge for SecureJarResource(autoreglib)
[28Dec2025 23:05:22.829] [main/DEBUG] [mixin/]: MixinPlatformAgentMinecraftForge rejected container SecureJarResource(autoreglib)
[28Dec2025 23:05:22.829] [main/DEBUG] [mixin/]: Instancing new MixinPlatformAgentDefault for SecureJarResource(autoreglib)
[28Dec2025 23:05:22.829] [main/DEBUG] [mixin/]: MixinPlatformAgentDefault accepted container SecureJarResource(autoreglib)
[28Dec2025 23:05:22.829] [main/DEBUG] [mixin/]: Processing prepare() for PlatformAgent[MixinPlatformAgentDefault:SecureJarResource(autoreglib)]
[28Dec2025 23:05:22.829] [main/DEBUG] [mixin/]: Adding mixin platform agents for container SecureJarResource(polymorph)
[28Dec2025 23:05:22.829] [main/DEBUG] [mixin/]: Instancing new MixinPlatformAgentMinecraftForge for SecureJarResource(polymorph)
[28Dec2025 23:05:22.829] [main/DEBUG] [mixin/]: MixinPlatformAgentMinecraftForge rejected container SecureJarResource(polymorph)
[28Dec2025 23:05:22.829] [main/DEBUG] [mixin/]: Instancing new MixinPlatformAgentDefault for SecureJarResource(polymorph)
[28Dec2025 23:05:22.829] [main/DEBUG] [mixin/]: MixinPlatformAgentDefault accepted container SecureJarResource(polymorph)
[28Dec2025 23:05:22.829] [main/DEBUG] [mixin/]: Processing prepare() for PlatformAgent[MixinPlatformAgentDefault:SecureJarResource(polymorph)]
[28Dec2025 23:05:22.829] [main/DEBUG] [mixin/]: Registering mixin config: polymorph.mixins.json
[28Dec2025 23:05:22.830] [main/DEBUG] [mixin/]: Registering mixin config: polymorph-integrations.forge.mixins.json
[28Dec2025 23:05:22.830] [main/DEBUG] [mixin/]: Compatibility level JAVA_16 specified by polymorph-integrations.forge.mixins.json is higher than the maximum level supported by this version of mixin (JAVA_13).
[28Dec2025 23:05:22.830] [main/DEBUG] [mixin/]: Adding mixin platform agents for container SecureJarResource(entityculling)
[28Dec2025 23:05:22.830] [main/DEBUG] [mixin/]: Instancing new MixinPlatformAgentMinecraftForge for SecureJarResource(entityculling)
[28Dec2025 23:05:22.830] [main/DEBUG] [mixin/]: MixinPlatformAgentMinecraftForge rejected container SecureJarResource(entityculling)
[28Dec2025 23:05:22.830] [main/DEBUG] [mixin/]: Instancing new MixinPlatformAgentDefault for SecureJarResource(entityculling)
[28Dec2025 23:05:22.830] [main/DEBUG] [mixin/]: MixinPlatformAgentDefault accepted container SecureJarResource(entityculling)
[28Dec2025 23:05:22.830] [main/DEBUG] [mixin/]: Processing prepare() for PlatformAgent[MixinPlatformAgentDefault:SecureJarResource(entityculling)]
[28Dec2025 23:05:22.830] [main/DEBUG] [mixin/]: Registering mixin config: entityculling.mixins.json
[28Dec2025 23:05:22.831] [main/DEBUG] [mixin/]: Compatibility level JAVA_16 specified by entityculling.mixins.json is higher than the maximum level supported by this version of mixin (JAVA_13).
[28Dec2025 23:05:22.831] [main/DEBUG] [mixin/]: Adding mixin platform agents for container SecureJarResource(canary)
[28Dec2025 23:05:22.831] [main/DEBUG] [mixin/]: Instancing new MixinPlatformAgentMinecraftForge for SecureJarResource(canary)
[28Dec2025 23:05:22.831] [main/DEBUG] [mixin/]: MixinPlatformAgentMinecraftForge rejected container SecureJarResource(canary)
[28Dec2025 23:05:22.831] [main/DEBUG] [mixin/]: Instancing new MixinPlatformAgentDefault for SecureJarResource(canary)
[28Dec2025 23:05:22.831] [main/DEBUG] [mixin/]: MixinPlatformAgentDefault accepted container SecureJarResource(canary)
[28Dec2025 23:05:22.831] [main/DEBUG] [mixin/]: Processing prepare() for PlatformAgent[MixinPlatformAgentDefault:SecureJarResource(canary)]
[28Dec2025 23:05:22.831] [main/DEBUG] [mixin/]: Registering mixin config: canary.mixins.json
[28Dec2025 23:05:22.832] [main/DEBUG] [mixin/]: Adding mixin platform agents for container SecureJarResource(strictly_origins)
[28Dec2025 23:05:22.832] [main/DEBUG] [mixin/]: Instancing new MixinPlatformAgentMinecraftForge for SecureJarResource(strictly_origins)
[28Dec2025 23:05:22.832] [main/DEBUG] [mixin/]: MixinPlatformAgentMinecraftForge rejected container SecureJarResource(strictly_origins)
[28Dec2025 23:05:22.832] [main/DEBUG] [mixin/]: Instancing new MixinPlatformAgentDefault for SecureJarResource(strictly_origins)
[28Dec2025 23:05:22.832] [main/DEBUG] [mixin/]: MixinPlatformAgentDefault accepted container SecureJarResource(strictly_origins)
[28Dec2025 23:05:22.832] [main/DEBUG] [mixin/]: Processing prepare() for PlatformAgent[MixinPlatformAgentDefault:SecureJarResource(strictly_origins)]
[28Dec2025 23:05:22.832] [main/DEBUG] [mixin/]: Adding mixin platform agents for container SecureJarResource(mythic)
[28Dec2025 23:05:22.832] [main/DEBUG] [mixin/]: Instancing new MixinPlatformAgentMinecraftForge for SecureJarResource(mythic)
[28Dec2025 23:05:22.832] [main/DEBUG] [mixin/]: MixinPlatformAgentMinecraftForge rejected container SecureJarResource(mythic)
[28Dec2025 23:05:22.832] [main/DEBUG] [mixin/]: Instancing new MixinPlatformAgentDefault for SecureJarResource(mythic)
[28Dec2025 23:05:22.832] [main/DEBUG] [mixin/]: MixinPlatformAgentDefault accepted container SecureJarResource(mythic)
[28Dec2025 23:05:22.832] [main/DEBUG] [mixin/]: Processing prepare() for PlatformAgent[MixinPlatformAgentDefault:SecureJarResource(mythic)]
[28Dec2025 23:05:22.832] [main/DEBUG] [mixin/]: Adding mixin platform agents for container SecureJarResource(structurize)
[28Dec2025 23:05:22.832] [main/DEBUG] [mixin/]: Instancing new MixinPlatformAgentMinecraftForge for SecureJarResource(structurize)
[28Dec2025 23:05:22.832] [main/DEBUG] [mixin/]: MixinPlatformAgentMinecraftForge rejected container SecureJarResource(structurize)
[28Dec2025 23:05:22.832] [main/DEBUG] [mixin/]: Instancing new MixinPlatformAgentDefault for SecureJarResource(structurize)
[28Dec2025 23:05:22.832] [main/DEBUG] [mixin/]: MixinPlatformAgentDefault accepted container SecureJarResource(structurize)
[28Dec2025 23:05:22.832] [main/DEBUG] [mixin/]: Processing prepare() for PlatformAgent[MixinPlatformAgentDefault:SecureJarResource(structurize)]
[28Dec2025 23:05:22.832] [main/DEBUG] [mixin/]: Adding mixin platform agents for container SecureJarResource(immediatelyfast)
[28Dec2025 23:05:22.832] [main/DEBUG] [mixin/]: Instancing new MixinPlatformAgentMinecraftForge for SecureJarResource(immediatelyfast)
[28Dec2025 23:05:22.832] [main/DEBUG] [mixin/]: MixinPlatformAgentMinecraftForge rejected container SecureJarResource(immediatelyfast)
[28Dec2025 23:05:22.832] [main/DEBUG] [mixin/]: Instancing new MixinPlatformAgentDefault for SecureJarResource(immediatelyfast)
[28Dec2025 23:05:22.832] [main/DEBUG] [mixin/]: MixinPlatformAgentDefault accepted container SecureJarResource(immediatelyfast)
[28Dec2025 23:05:22.832] [main/DEBUG] [mixin/]: Processing prepare() for PlatformAgent[MixinPlatformAgentDefault:SecureJarResource(immediatelyfast)]
[28Dec2025 23:05:22.832] [main/DEBUG] [mixin/]: Registering mixin config: immediatelyfast-forge.mixins.json
[28Dec2025 23:05:22.833] [main/DEBUG] [mixin/]: Registering mixin config: immediatelyfast-common.mixins.json
[28Dec2025 23:05:22.834] [main/DEBUG] [mixin/]: Adding mixin platform agents for container SecureJarResource(tlc)
[28Dec2025 23:05:22.834] [main/DEBUG] [mixin/]: Instancing new MixinPlatformAgentMinecraftForge for SecureJarResource(tlc)
[28Dec2025 23:05:22.834] [main/DEBUG] [mixin/]: MixinPlatformAgentMinecraftForge rejected container SecureJarResource(tlc)
[28Dec2025 23:05:22.834] [main/DEBUG] [mixin/]: Instancing new MixinPlatformAgentDefault for SecureJarResource(tlc)
[28Dec2025 23:05:22.834] [main/DEBUG] [mixin/]: MixinPlatformAgentDefault accepted container SecureJarResource(tlc)
[28Dec2025 23:05:22.834] [main/DEBUG] [mixin/]: Processing prepare() for PlatformAgent[MixinPlatformAgentDefault:SecureJarResource(tlc)]
[28Dec2025 23:05:22.834] [main/DEBUG] [mixin/]: Registering mixin config: tlc.mixins.json
[28Dec2025 23:05:22.834] [main/DEBUG] [mixin/]: Adding mixin platform agents for container SecureJarResource(appleskin)
[28Dec2025 23:05:22.834] [main/DEBUG] [mixin/]: Instancing new MixinPlatformAgentMinecraftForge for SecureJarResource(appleskin)
[28Dec2025 23:05:22.834] [main/DEBUG] [mixin/]: MixinPlatformAgentMinecraftForge rejected container SecureJarResource(appleskin)
[28Dec2025 23:05:22.834] [main/DEBUG] [mixin/]: Instancing new MixinPlatformAgentDefault for SecureJarResource(appleskin)
[28Dec2025 23:05:22.834] [main/DEBUG] [mixin/]: MixinPlatformAgentDefault accepted container SecureJarResource(appleskin)
[28Dec2025 23:05:22.834] [main/DEBUG] [mixin/]: Processing prepare() for PlatformAgent[MixinPlatformAgentDefault:SecureJarResource(appleskin)]
[28Dec2025 23:05:22.834] [main/DEBUG] [mixin/]: Adding mixin platform agents for container SecureJarResource(lootr)
[28Dec2025 23:05:22.834] [main/DEBUG] [mixin/]: Instancing new MixinPlatformAgentMinecraftForge for SecureJarResource(lootr)
[28Dec2025 23:05:22.834] [main/DEBUG] [mixin/]: MixinPlatformAgentMinecraftForge rejected container SecureJarResource(lootr)
[28Dec2025 23:05:22.834] [main/DEBUG] [mixin/]: Instancing new MixinPlatformAgentDefault for SecureJarResource(lootr)
[28Dec2025 23:05:22.834] [main/DEBUG] [mixin/]: MixinPlatformAgentDefault accepted container SecureJarResource(lootr)
[28Dec2025 23:05:22.834] [main/DEBUG] [mixin/]: Processing prepare() for PlatformAgent[MixinPlatformAgentDefault:SecureJarResource(lootr)]
[28Dec2025 23:05:22.834] [main/DEBUG] [mixin/]: Registering mixin config: lootr.mixins.json
[28Dec2025 23:05:22.835] [main/DEBUG] [mixin/]: Adding mixin platform agents for container SecureJarResource(biomemusic)
[28Dec2025 23:05:22.835] [main/DEBUG] [mixin/]: Instancing new MixinPlatformAgentMinecraftForge for SecureJarResource(biomemusic)
[28Dec2025 23:05:22.835] [main/DEBUG] [mixin/]: MixinPlatformAgentMinecraftForge rejected container SecureJarResource(biomemusic)
[28Dec2025 23:05:22.835] [main/DEBUG] [mixin/]: Instancing new MixinPlatformAgentDefault for SecureJarResource(biomemusic)
[28Dec2025 23:05:22.835] [main/DEBUG] [mixin/]: MixinPlatformAgentDefault accepted container SecureJarResource(biomemusic)
[28Dec2025 23:05:22.835] [main/DEBUG] [mixin/]: Processing prepare() for PlatformAgent[MixinPlatformAgentDefault:SecureJarResource(biomemusic)]
[28Dec2025 23:05:22.835] [main/DEBUG] [mixin/]: Registering mixin config: biomemusic.mixins.json
[28Dec2025 23:05:22.836] [main/DEBUG] [mixin/]: Adding mixin platform agents for container SecureJarResource(upgradednetherite_ultimate)
[28Dec2025 23:05:22.836] [main/DEBUG] [mixin/]: Instancing new MixinPlatformAgentMinecraftForge for SecureJarResource(upgradednetherite_ultimate)
[28Dec2025 23:05:22.836] [main/DEBUG] [mixin/]: MixinPlatformAgentMinecraftForge rejected container SecureJarResource(upgradednetherite_ultimate)
[28Dec2025 23:05:22.836] [main/DEBUG] [mixin/]: Instancing new MixinPlatformAgentDefault for SecureJarResource(upgradednetherite_ultimate)
[28Dec2025 23:05:22.836] [main/DEBUG] [mixin/]: MixinPlatformAgentDefault accepted container SecureJarResource(upgradednetherite_ultimate)
[28Dec2025 23:05:22.836] [main/DEBUG] [mixin/]: Processing prepare() for PlatformAgent[MixinPlatformAgentDefault:SecureJarResource(upgradednetherite_ultimate)]
[28Dec2025 23:05:22.836] [main/DEBUG] [mixin/]: Adding mixin platform agents for container SecureJarResource(puzzleslib)
[28Dec2025 23:05:22.836] [main/DEBUG] [mixin/]: Instancing new MixinPlatformAgentMinecraftForge for SecureJarResource(puzzleslib)
[28Dec2025 23:05:22.836] [main/DEBUG] [mixin/]: MixinPlatformAgentMinecraftForge rejected container SecureJarResource(puzzleslib)
[28Dec2025 23:05:22.836] [main/DEBUG] [mixin/]: Instancing new MixinPlatformAgentDefault for SecureJarResource(puzzleslib)
[28Dec2025 23:05:22.836] [main/DEBUG] [mixin/]: MixinPlatformAgentDefault accepted container SecureJarResource(puzzleslib)
[28Dec2025 23:05:22.836] [main/DEBUG] [mixin/]: Processing prepare() for PlatformAgent[MixinPlatformAgentDefault:SecureJarResource(puzzleslib)]
[28Dec2025 23:05:22.836] [main/DEBUG] [mixin/]: Registering mixin config: puzzleslib.common.mixins.json
[28Dec2025 23:05:22.837] [main/DEBUG] [mixin/]: Registering mixin config: puzzleslib.forge.mixins.json
[28Dec2025 23:05:22.838] [main/DEBUG] [mixin/]: Adding mixin platform agents for container SecureJarResource(aquaculture)
[28Dec2025 23:05:22.838] [main/DEBUG] [mixin/]: Instancing new MixinPlatformAgentMinecraftForge for SecureJarResource(aquaculture)
[28Dec2025 23:05:22.838] [main/DEBUG] [mixin/]: MixinPlatformAgentMinecraftForge rejected container SecureJarResource(aquaculture)
[28Dec2025 23:05:22.838] [main/DEBUG] [mixin/]: Instancing new MixinPlatformAgentDefault for SecureJarResource(aquaculture)
[28Dec2025 23:05:22.838] [main/DEBUG] [mixin/]: MixinPlatformAgentDefault accepted container SecureJarResource(aquaculture)
[28Dec2025 23:05:22.838] [main/DEBUG] [mixin/]: Processing prepare() for PlatformAgent[MixinPlatformAgentDefault:SecureJarResource(aquaculture)]
[28Dec2025 23:05:22.838] [main/DEBUG] [mixin/]: Adding mixin platform agents for container SecureJarResource(byg)
[28Dec2025 23:05:22.838] [main/DEBUG] [mixin/]: Instancing new MixinPlatformAgentMinecraftForge for SecureJarResource(byg)
[28Dec2025 23:05:22.838] [main/DEBUG] [mixin/]: MixinPlatformAgentMinecraftForge rejected container SecureJarResource(byg)
[28Dec2025 23:05:22.838] [main/DEBUG] [mixin/]: Instancing new MixinPlatformAgentDefault for SecureJarResource(byg)
[28Dec2025 23:05:22.838] [main/DEBUG] [mixin/]: MixinPlatformAgentDefault accepted container SecureJarResource(byg)
[28Dec2025 23:05:22.838] [main/DEBUG] [mixin/]: Processing prepare() for PlatformAgent[MixinPlatformAgentDefault:SecureJarResource(byg)]
[28Dec2025 23:05:22.838] [main/DEBUG] [mixin/]: Registering mixin config: byg.mixins.json
[28Dec2025 23:05:22.839] [main/DEBUG] [mixin/]: Registering mixin config: byg_forge.mixins.json
[28Dec2025 23:05:22.840] [main/DEBUG] [mixin/]: Adding mixin platform agents for container SecureJarResource(delightful)
[28Dec2025 23:05:22.840] [main/DEBUG] [mixin/]: Instancing new MixinPlatformAgentMinecraftForge for SecureJarResource(delightful)
[28Dec2025 23:05:22.840] [main/DEBUG] [mixin/]: MixinPlatformAgentMinecraftForge rejected container SecureJarResource(delightful)
[28Dec2025 23:05:22.840] [main/DEBUG] [mixin/]: Instancing new MixinPlatformAgentDefault for SecureJarResource(delightful)
[28Dec2025 23:05:22.840] [main/DEBUG] [mixin/]: MixinPlatformAgentDefault accepted container SecureJarResource(delightful)
[28Dec2025 23:05:22.840] [main/DEBUG] [mixin/]: Processing prepare() for PlatformAgent[MixinPlatformAgentDefault:SecureJarResource(delightful)]
[28Dec2025 23:05:22.840] [main/DEBUG] [mixin/]: Adding mixin platform agents for container SecureJarResource(chunksending)
[28Dec2025 23:05:22.840] [main/DEBUG] [mixin/]: Instancing new MixinPlatformAgentMinecraftForge for SecureJarResource(chunksending)
[28Dec2025 23:05:22.840] [main/DEBUG] [mixin/]: MixinPlatformAgentMinecraftForge rejected container SecureJarResource(chunksending)
[28Dec2025 23:05:22.840] [main/DEBUG] [mixin/]: Instancing new MixinPlatformAgentDefault for SecureJarResource(chunksending)
[28Dec2025 23:05:22.840] [main/DEBUG] [mixin/]: MixinPlatformAgentDefault accepted container SecureJarResource(chunksending)
[28Dec2025 23:05:22.840] [main/DEBUG] [mixin/]: Processing prepare() for PlatformAgent[MixinPlatformAgentDefault:SecureJarResource(chunksending)]
[28Dec2025 23:05:22.840] [main/DEBUG] [mixin/]: Registering mixin config: chunksending.mixins.json
[28Dec2025 23:05:22.841] [main/DEBUG] [mixin/]: Adding mixin platform agents for container SecureJarResource(phantasm)
[28Dec2025 23:05:22.841] [main/DEBUG] [mixin/]: Instancing new MixinPlatformAgentMinecraftForge for SecureJarResource(phantasm)
[28Dec2025 23:05:22.841] [main/DEBUG] [mixin/]: MixinPlatformAgentMinecraftForge rejected container SecureJarResource(phantasm)
[28Dec2025 23:05:22.841] [main/DEBUG] [mixin/]: Instancing new MixinPlatformAgentDefault for SecureJarResource(phantasm)
[28Dec2025 23:05:22.841] [main/DEBUG] [mixin/]: MixinPlatformAgentDefault accepted container SecureJarResource(phantasm)
[28Dec2025 23:05:22.841] [main/DEBUG] [mixin/]: Processing prepare() for PlatformAgent[MixinPlatformAgentDefault:SecureJarResource(phantasm)]
[28Dec2025 23:05:22.841] [main/DEBUG] [mixin/]: Adding mixin platform agents for container SecureJarResource(aquamirae)
[28Dec2025 23:05:22.841] [main/DEBUG] [mixin/]: Instancing new MixinPlatformAgentMinecraftForge for SecureJarResource(aquamirae)
[28Dec2025 23:05:22.841] [main/DEBUG] [mixin/]: MixinPlatformAgentMinecraftForge rejected container SecureJarResource(aquamirae)
[28Dec2025 23:05:22.841] [main/DEBUG] [mixin/]: Instancing new MixinPlatformAgentDefault for SecureJarResource(aquamirae)
[28Dec2025 23:05:22.841] [main/DEBUG] [mixin/]: MixinPlatformAgentDefault accepted container SecureJarResource(aquamirae)
[28Dec2025 23:05:22.841] [main/DEBUG] [mixin/]: Processing prepare() for PlatformAgent[MixinPlatformAgentDefault:SecureJarResource(aquamirae)]
[28Dec2025 23:05:22.841] [main/DEBUG] [mixin/]: Registering mixin config: aquamirae.mixins.json
[28Dec2025 23:05:22.842] [main/DEBUG] [mixin/]: Adding mixin platform agents for container SecureJarResource(defaultoptions)
[28Dec2025 23:05:22.842] [main/DEBUG] [mixin/]: Instancing new MixinPlatformAgentMinecraftForge for SecureJarResource(defaultoptions)
[28Dec2025 23:05:22.842] [main/DEBUG] [mixin/]: MixinPlatformAgentMinecraftForge rejected container SecureJarResource(defaultoptions)
[28Dec2025 23:05:22.842] [main/DEBUG] [mixin/]: Instancing new MixinPlatformAgentDefault for SecureJarResource(defaultoptions)
[28Dec2025 23:05:22.842] [main/DEBUG] [mixin/]: MixinPlatformAgentDefault accepted container SecureJarResource(defaultoptions)
[28Dec2025 23:05:22.842] [main/DEBUG] [mixin/]: Processing prepare() for PlatformAgent[MixinPlatformAgentDefault:SecureJarResource(defaultoptions)]
[28Dec2025 23:05:22.842] [main/DEBUG] [mixin/]: Registering mixin config: defaultoptions.mixins.json
[28Dec2025 23:05:22.843] [main/DEBUG] [mixin/]: Adding mixin platform agents for container SecureJarResource(xpbook)
[28Dec2025 23:05:22.843] [main/DEBUG] [mixin/]: Instancing new MixinPlatformAgentMinecraftForge for SecureJarResource(xpbook)
[28Dec2025 23:05:22.843] [main/DEBUG] [mixin/]: MixinPlatformAgentMinecraftForge rejected container SecureJarResource(xpbook)
[28Dec2025 23:05:22.843] [main/DEBUG] [mixin/]: Instancing new MixinPlatformAgentDefault for SecureJarResource(xpbook)
[28Dec2025 23:05:22.843] [main/DEBUG] [mixin/]: MixinPlatformAgentDefault accepted container SecureJarResource(xpbook)
[28Dec2025 23:05:22.843] [main/DEBUG] [mixin/]: Processing prepare() for PlatformAgent[MixinPlatformAgentDefault:SecureJarResource(xpbook)]
[28Dec2025 23:05:22.843] [main/DEBUG] [mixin/]: Adding mixin platform agents for container SecureJarResource(totw_modded)
[28Dec2025 23:05:22.843] [main/DEBUG] [mixin/]: Instancing new MixinPlatformAgentMinecraftForge for SecureJarResource(totw_modded)
[28Dec2025 23:05:22.843] [main/DEBUG] [mixin/]: MixinPlatformAgentMinecraftForge rejected container SecureJarResource(totw_modded)
[28Dec2025 23:05:22.843] [main/DEBUG] [mixin/]: Instancing new MixinPlatformAgentDefault for SecureJarResource(totw_modded)
[28Dec2025 23:05:22.843] [main/DEBUG] [mixin/]: MixinPlatformAgentDefault accepted container SecureJarResource(totw_modded)
[28Dec2025 23:05:22.843] [main/DEBUG] [mixin/]: Processing prepare() for PlatformAgent[MixinPlatformAgentDefault:SecureJarResource(totw_modded)]
[28Dec2025 23:05:22.843] [main/DEBUG] [mixin/]: Adding mixin platform agents for container SecureJarResource(skyvillages)
[28Dec2025 23:05:22.843] [main/DEBUG] [mixin/]: Instancing new MixinPlatformAgentMinecraftForge for SecureJarResource(skyvillages)
[28Dec2025 23:05:22.843] [main/DEBUG] [mixin/]: MixinPlatformAgentMinecraftForge rejected container SecureJarResource(skyvillages)
[28Dec2025 23:05:22.843] [main/DEBUG] [mixin/]: Instancing new MixinPlatformAgentDefault for SecureJarResource(skyvillages)
[28Dec2025 23:05:22.843] [main/DEBUG] [mixin/]: MixinPlatformAgentDefault accepted container SecureJarResource(skyvillages)
[28Dec2025 23:05:22.843] [main/DEBUG] [mixin/]: Processing prepare() for PlatformAgent[MixinPlatformAgentDefault:SecureJarResource(skyvillages)]
[28Dec2025 23:05:22.843] [main/DEBUG] [mixin/]: Adding mixin platform agents for container SecureJarResource(blue_skies)
[28Dec2025 23:05:22.843] [main/DEBUG] [mixin/]: Instancing new MixinPlatformAgentMinecraftForge for SecureJarResource(blue_skies)
[28Dec2025 23:05:22.843] [main/DEBUG] [mixin/]: MixinPlatformAgentMinecraftForge rejected container SecureJarResource(blue_skies)
[28Dec2025 23:05:22.843] [main/DEBUG] [mixin/]: Instancing new MixinPlatformAgentDefault for SecureJarResource(blue_skies)
[28Dec2025 23:05:22.843] [main/DEBUG] [mixin/]: MixinPlatformAgentDefault accepted container SecureJarResource(blue_skies)
[28Dec2025 23:05:22.843] [main/DEBUG] [mixin/]: Processing prepare() for PlatformAgent[MixinPlatformAgentDefault:SecureJarResource(blue_skies)]
[28Dec2025 23:05:22.843] [main/DEBUG] [mixin/]: Registering mixin config: blue_skies.mixins.json
[28Dec2025 23:05:22.844] [main/DEBUG] [mixin/]: Adding mixin platform agents for container SecureJarResource(transmog)
[28Dec2025 23:05:22.844] [main/DEBUG] [mixin/]: Instancing new MixinPlatformAgentMinecraftForge for SecureJarResource(transmog)
[28Dec2025 23:05:22.844] [main/DEBUG] [mixin/]: MixinPlatformAgentMinecraftForge rejected container SecureJarResource(transmog)
[28Dec2025 23:05:22.844] [main/DEBUG] [mixin/]: Instancing new MixinPlatformAgentDefault for SecureJarResource(transmog)
[28Dec2025 23:05:22.844] [main/DEBUG] [mixin/]: MixinPlatformAgentDefault accepted container SecureJarResource(transmog)
[28Dec2025 23:05:22.844] [main/DEBUG] [mixin/]: Processing prepare() for PlatformAgent[MixinPlatformAgentDefault:SecureJarResource(transmog)]
[28Dec2025 23:05:22.844] [main/DEBUG] [mixin/]: Registering mixin config: mixins.transmog.common.json
[28Dec2025 23:05:22.845] [main/DEBUG] [mixin/]: Registering mixin config: mixins.transmog.forge.json
[28Dec2025 23:05:22.846] [main/DEBUG] [mixin/]: Adding mixin platform agents for container SecureJarResource(ars_additions)
[28Dec2025 23:05:22.846] [main/DEBUG] [mixin/]: Instancing new MixinPlatformAgentMinecraftForge for SecureJarResource(ars_additions)
[28Dec2025 23:05:22.846] [main/DEBUG] [mixin/]: MixinPlatformAgentMinecraftForge rejected container SecureJarResource(ars_additions)
[28Dec2025 23:05:22.846] [main/DEBUG] [mixin/]: Instancing new MixinPlatformAgentDefault for SecureJarResource(ars_additions)
[28Dec2025 23:05:22.846] [main/DEBUG] [mixin/]: MixinPlatformAgentDefault accepted container SecureJarResource(ars_additions)
[28Dec2025 23:05:22.846] [main/DEBUG] [mixin/]: Processing prepare() for PlatformAgent[MixinPlatformAgentDefault:SecureJarResource(ars_additions)]
[28Dec2025 23:05:22.846] [main/DEBUG] [mixin/]: Registering mixin config: ars_additions.mixins.json
[28Dec2025 23:05:22.846] [main/DEBUG] [mixin/]: Adding mixin platform agents for container SecureJarResource(recipeessentials)
[28Dec2025 23:05:22.846] [main/DEBUG] [mixin/]: Instancing new MixinPlatformAgentMinecraftForge for SecureJarResource(recipeessentials)
[28Dec2025 23:05:22.846] [main/DEBUG] [mixin/]: MixinPlatformAgentMinecraftForge rejected container SecureJarResource(recipeessentials)
[28Dec2025 23:05:22.846] [main/DEBUG] [mixin/]: Instancing new MixinPlatformAgentDefault for SecureJarResource(recipeessentials)
[28Dec2025 23:05:22.846] [main/DEBUG] [mixin/]: MixinPlatformAgentDefault accepted container SecureJarResource(recipeessentials)
[28Dec2025 23:05:22.846] [main/DEBUG] [mixin/]: Processing prepare() for PlatformAgent[MixinPlatformAgentDefault:SecureJarResource(recipeessentials)]
[28Dec2025 23:05:22.846] [main/DEBUG] [mixin/]: Registering mixin config: recipeessentials.mixins.json
[28Dec2025 23:05:22.847] [main/DEBUG] [mixin/]: Adding mixin platform agents for container SecureJarResource(aether)
[28Dec2025 23:05:22.847] [main/DEBUG] [mixin/]: Instancing new MixinPlatformAgentMinecraftForge for SecureJarResource(aether)
[28Dec2025 23:05:22.847] [main/DEBUG] [mixin/]: MixinPlatformAgentMinecraftForge rejected container SecureJarResource(aether)
[28Dec2025 23:05:22.847] [main/DEBUG] [mixin/]: Instancing new MixinPlatformAgentDefault for SecureJarResource(aether)
[28Dec2025 23:05:22.847] [main/DEBUG] [mixin/]: MixinPlatformAgentDefault accepted container SecureJarResource(aether)
[28Dec2025 23:05:22.847] [main/DEBUG] [mixin/]: Processing prepare() for PlatformAgent[MixinPlatformAgentDefault:SecureJarResource(aether)]
[28Dec2025 23:05:22.847] [main/DEBUG] [mixin/]: Registering mixin config: aether.mixins.json
[28Dec2025 23:05:22.848] [main/DEBUG] [mixin/]: Adding mixin platform agents for container SecureJarResource(galosphere)
[28Dec2025 23:05:22.848] [main/DEBUG] [mixin/]: Instancing new MixinPlatformAgentMinecraftForge for SecureJarResource(galosphere)
[28Dec2025 23:05:22.848] [main/DEBUG] [mixin/]: MixinPlatformAgentMinecraftForge rejected container SecureJarResource(galosphere)
[28Dec2025 23:05:22.848] [main/DEBUG] [mixin/]: Instancing new MixinPlatformAgentDefault for SecureJarResource(galosphere)
[28Dec2025 23:05:22.848] [main/DEBUG] [mixin/]: MixinPlatformAgentDefault accepted container SecureJarResource(galosphere)
[28Dec2025 23:05:22.848] [main/DEBUG] [mixin/]: Processing prepare() for PlatformAgent[MixinPlatformAgentDefault:SecureJarResource(galosphere)]
[28Dec2025 23:05:22.848] [main/DEBUG] [mixin/]: Registering mixin config: galosphere.mixins.json
[28Dec2025 23:05:22.848] [main/DEBUG] [mixin/]: Adding mixin platform agents for container SecureJarResource(towntalk)
[28Dec2025 23:05:22.848] [main/DEBUG] [mixin/]: Instancing new MixinPlatformAgentMinecraftForge for SecureJarResource(towntalk)
[28Dec2025 23:05:22.849] [main/DEBUG] [mixin/]: MixinPlatformAgentMinecraftForge rejected container SecureJarResource(towntalk)
[28Dec2025 23:05:22.849] [main/DEBUG] [mixin/]: Instancing new MixinPlatformAgentDefault for SecureJarResource(towntalk)
[28Dec2025 23:05:22.849] [main/DEBUG] [mixin/]: MixinPlatformAgentDefault accepted container SecureJarResource(towntalk)
[28Dec2025 23:05:22.849] [main/DEBUG] [mixin/]: Processing prepare() for PlatformAgent[MixinPlatformAgentDefault:SecureJarResource(towntalk)]
[28Dec2025 23:05:22.849] [main/DEBUG] [mixin/]: Adding mixin platform agents for container SecureJarResource(betteroceanmonuments)
[28Dec2025 23:05:22.849] [main/DEBUG] [mixin/]: Instancing new MixinPlatformAgentMinecraftForge for SecureJarResource(betteroceanmonuments)
[28Dec2025 23:05:22.849] [main/DEBUG] [mixin/]: MixinPlatformAgentMinecraftForge rejected container SecureJarResource(betteroceanmonuments)
[28Dec2025 23:05:22.849] [main/DEBUG] [mixin/]: Instancing new MixinPlatformAgentDefault for SecureJarResource(betteroceanmonuments)
[28Dec2025 23:05:22.849] [main/DEBUG] [mixin/]: MixinPlatformAgentDefault accepted container SecureJarResource(betteroceanmonuments)
[28Dec2025 23:05:22.849] [main/DEBUG] [mixin/]: Processing prepare() for PlatformAgent[MixinPlatformAgentDefault:SecureJarResource(betteroceanmonuments)]
[28Dec2025 23:05:22.849] [main/DEBUG] [mixin/]: Registering mixin config: betteroceanmonuments.mixins.json
[28Dec2025 23:05:22.850] [main/DEBUG] [mixin/]: Registering mixin config: betteroceanmonuments_forge.mixins.json
[28Dec2025 23:05:22.851] [main/DEBUG] [mixin/]: Adding mixin platform agents for container SecureJarResource(connectivity)
[28Dec2025 23:05:22.851] [main/DEBUG] [mixin/]: Instancing new MixinPlatformAgentMinecraftForge for SecureJarResource(connectivity)
[28Dec2025 23:05:22.851] [main/DEBUG] [mixin/]: MixinPlatformAgentMinecraftForge rejected container SecureJarResource(connectivity)
[28Dec2025 23:05:22.851] [main/DEBUG] [mixin/]: Instancing new MixinPlatformAgentDefault for SecureJarResource(connectivity)
[28Dec2025 23:05:22.851] [main/DEBUG] [mixin/]: MixinPlatformAgentDefault accepted container SecureJarResource(connectivity)
[28Dec2025 23:05:22.851] [main/DEBUG] [mixin/]: Processing prepare() for PlatformAgent[MixinPlatformAgentDefault:SecureJarResource(connectivity)]
[28Dec2025 23:05:22.851] [main/DEBUG] [mixin/]: Registering mixin config: connectivity.mixins.json
[28Dec2025 23:05:22.852] [main/DEBUG] [mixin/]: Adding mixin platform agents for container SecureJarResource(immersive_aircraft)
[28Dec2025 23:05:22.852] [main/DEBUG] [mixin/]: Instancing new MixinPlatformAgentMinecraftForge for SecureJarResource(immersive_aircraft)
[28Dec2025 23:05:22.852] [main/DEBUG] [mixin/]: MixinPlatformAgentMinecraftForge rejected container SecureJarResource(immersive_aircraft)
[28Dec2025 23:05:22.852] [main/DEBUG] [mixin/]: Instancing new MixinPlatformAgentDefault for SecureJarResource(immersive_aircraft)
[28Dec2025 23:05:22.852] [main/DEBUG] [mixin/]: MixinPlatformAgentDefault accepted container SecureJarResource(immersive_aircraft)
[28Dec2025 23:05:22.852] [main/DEBUG] [mixin/]: Processing prepare() for PlatformAgent[MixinPlatformAgentDefault:SecureJarResource(immersive_aircraft)]
[28Dec2025 23:05:22.852] [main/DEBUG] [mixin/]: Registering mixin config: immersive_aircraft.mixins.json
[28Dec2025 23:05:22.853] [main/DEBUG] [mixin/]: Adding mixin platform agents for container SecureJarResource(incendium)
[28Dec2025 23:05:22.853] [main/DEBUG] [mixin/]: Instancing new MixinPlatformAgentMinecraftForge for SecureJarResource(incendium)
[28Dec2025 23:05:22.853] [main/DEBUG] [mixin/]: MixinPlatformAgentMinecraftForge rejected container SecureJarResource(incendium)
[28Dec2025 23:05:22.853] [main/DEBUG] [mixin/]: Instancing new MixinPlatformAgentDefault for SecureJarResource(incendium)
[28Dec2025 23:05:22.853] [main/DEBUG] [mixin/]: MixinPlatformAgentDefault accepted container SecureJarResource(incendium)
[28Dec2025 23:05:22.853] [main/DEBUG] [mixin/]: Processing prepare() for PlatformAgent[MixinPlatformAgentDefault:SecureJarResource(incendium)]
[28Dec2025 23:05:22.853] [main/DEBUG] [mixin/]: Adding mixin platform agents for container SecureJarResource(gpumemleakfix)
[28Dec2025 23:05:22.853] [main/DEBUG] [mixin/]: Instancing new MixinPlatformAgentMinecraftForge for SecureJarResource(gpumemleakfix)
[28Dec2025 23:05:22.853] [main/DEBUG] [mixin/]: MixinPlatformAgentMinecraftForge rejected container SecureJarResource(gpumemleakfix)
[28Dec2025 23:05:22.853] [main/DEBUG] [mixin/]: Instancing new MixinPlatformAgentDefault for SecureJarResource(gpumemleakfix)
[28Dec2025 23:05:22.853] [main/DEBUG] [mixin/]: MixinPlatformAgentDefault accepted container SecureJarResource(gpumemleakfix)
[28Dec2025 23:05:22.853] [main/DEBUG] [mixin/]: Processing prepare() for PlatformAgent[MixinPlatformAgentDefault:SecureJarResource(gpumemleakfix)]
[28Dec2025 23:05:22.853] [main/DEBUG] [mixin/]: Registering mixin config: gpumemleakfix.mixins.json
[28Dec2025 23:05:22.853] [main/DEBUG] [mixin/]: Adding mixin platform agents for container SecureJarResource(sophisticatedcore)
[28Dec2025 23:05:22.854] [main/DEBUG] [mixin/]: Instancing new MixinPlatformAgentMinecraftForge for SecureJarResource(sophisticatedcore)
[28Dec2025 23:05:22.854] [main/DEBUG] [mixin/]: MixinPlatformAgentMinecraftForge rejected container SecureJarResource(sophisticatedcore)
[28Dec2025 23:05:22.854] [main/DEBUG] [mixin/]: Instancing new MixinPlatformAgentDefault for SecureJarResource(sophisticatedcore)
[28Dec2025 23:05:22.854] [main/DEBUG] [mixin/]: MixinPlatformAgentDefault accepted container SecureJarResource(sophisticatedcore)
[28Dec2025 23:05:22.854] [main/DEBUG] [mixin/]: Processing prepare() for PlatformAgent[MixinPlatformAgentDefault:SecureJarResource(sophisticatedcore)]
[28Dec2025 23:05:22.854] [main/DEBUG] [mixin/]: Adding mixin platform agents for container SecureJarResource(insanelib)
[28Dec2025 23:05:22.854] [main/DEBUG] [mixin/]: Instancing new MixinPlatformAgentMinecraftForge for SecureJarResource(insanelib)
[28Dec2025 23:05:22.854] [main/DEBUG] [mixin/]: MixinPlatformAgentMinecraftForge rejected container SecureJarResource(insanelib)
[28Dec2025 23:05:22.854] [main/DEBUG] [mixin/]: Instancing new MixinPlatformAgentDefault for SecureJarResource(insanelib)
[28Dec2025 23:05:22.854] [main/DEBUG] [mixin/]: MixinPlatformAgentDefault accepted container SecureJarResource(insanelib)
[28Dec2025 23:05:22.854] [main/DEBUG] [mixin/]: Processing prepare() for PlatformAgent[MixinPlatformAgentDefault:SecureJarResource(insanelib)]
[28Dec2025 23:05:22.854] [main/DEBUG] [mixin/]: Registering mixin config: insanelib.mixins.json
[28Dec2025 23:05:22.854] [main/DEBUG] [mixin/]: Compatibility level JAVA_8 specified by insanelib.mixins.json is lower than the default level supported by the current mixin service (JAVA_16).
[28Dec2025 23:05:22.855] [main/DEBUG] [mixin/]: Adding mixin platform agents for container SecureJarResource(structureessentials)
[28Dec2025 23:05:22.855] [main/DEBUG] [mixin/]: Instancing new MixinPlatformAgentMinecraftForge for SecureJarResource(structureessentials)
[28Dec2025 23:05:22.855] [main/DEBUG] [mixin/]: MixinPlatformAgentMinecraftForge rejected container SecureJarResource(structureessentials)
[28Dec2025 23:05:22.855] [main/DEBUG] [mixin/]: Instancing new MixinPlatformAgentDefault for SecureJarResource(structureessentials)
[28Dec2025 23:05:22.855] [main/DEBUG] [mixin/]: MixinPlatformAgentDefault accepted container SecureJarResource(structureessentials)
[28Dec2025 23:05:22.855] [main/DEBUG] [mixin/]: Processing prepare() for PlatformAgent[MixinPlatformAgentDefault:SecureJarResource(structureessentials)]
[28Dec2025 23:05:22.855] [main/DEBUG] [mixin/]: Registering mixin config: structureessentials.mixins.json
[28Dec2025 23:05:22.855] [main/DEBUG] [mixin/]: Adding mixin platform agents for container SecureJarResource(controlling)
[28Dec2025 23:05:22.855] [main/DEBUG] [mixin/]: Instancing new MixinPlatformAgentMinecraftForge for SecureJarResource(controlling)
[28Dec2025 23:05:22.855] [main/DEBUG] [mixin/]: MixinPlatformAgentMinecraftForge rejected container SecureJarResource(controlling)
[28Dec2025 23:05:22.855] [main/DEBUG] [mixin/]: Instancing new MixinPlatformAgentDefault for SecureJarResource(controlling)
[28Dec2025 23:05:22.856] [main/DEBUG] [mixin/]: MixinPlatformAgentDefault accepted container SecureJarResource(controlling)
[28Dec2025 23:05:22.856] [main/DEBUG] [mixin/]: Processing prepare() for PlatformAgent[MixinPlatformAgentDefault:SecureJarResource(controlling)]
[28Dec2025 23:05:22.856] [main/DEBUG] [mixin/]: Registering mixin config: controlling.mixins.json
[28Dec2025 23:05:22.856] [main/DEBUG] [mixin/]: Registering mixin config: controlling.forge.mixins.json
[28Dec2025 23:05:22.857] [main/DEBUG] [mixin/]: Adding mixin platform agents for container SecureJarResource(xaeroworldmap)
[28Dec2025 23:05:22.857] [main/DEBUG] [mixin/]: Instancing new MixinPlatformAgentMinecraftForge for SecureJarResource(xaeroworldmap)
[28Dec2025 23:05:22.857] [main/DEBUG] [mixin/]: MixinPlatformAgentMinecraftForge rejected container SecureJarResource(xaeroworldmap)
[28Dec2025 23:05:22.858] [main/DEBUG] [mixin/]: Instancing new MixinPlatformAgentDefault for SecureJarResource(xaeroworldmap)
[28Dec2025 23:05:22.858] [main/DEBUG] [mixin/]: MixinPlatformAgentDefault accepted container SecureJarResource(xaeroworldmap)
[28Dec2025 23:05:22.858] [main/DEBUG] [mixin/]: Processing prepare() for PlatformAgent[MixinPlatformAgentDefault:SecureJarResource(xaeroworldmap)]
[28Dec2025 23:05:22.858] [main/DEBUG] [mixin/]: Adding mixin platform agents for container SecureJarResource(citadel)
[28Dec2025 23:05:22.858] [main/DEBUG] [mixin/]: Instancing new MixinPlatformAgentMinecraftForge for SecureJarResource(citadel)
[28Dec2025 23:05:22.858] [main/DEBUG] [mixin/]: MixinPlatformAgentMinecraftForge rejected container SecureJarResource(citadel)
[28Dec2025 23:05:22.858] [main/DEBUG] [mixin/]: Instancing new MixinPlatformAgentDefault for SecureJarResource(citadel)
[28Dec2025 23:05:22.858] [main/DEBUG] [mixin/]: MixinPlatformAgentDefault accepted container SecureJarResource(citadel)
[28Dec2025 23:05:22.858] [main/DEBUG] [mixin/]: Processing prepare() for PlatformAgent[MixinPlatformAgentDefault:SecureJarResource(citadel)]
[28Dec2025 23:05:22.858] [main/DEBUG] [mixin/]: Registering mixin config: citadel.mixins.json
[28Dec2025 23:05:22.858] [main/DEBUG] [mixin/]: Adding mixin platform agents for container SecureJarResource(placebo)
[28Dec2025 23:05:22.858] [main/DEBUG] [mixin/]: Instancing new MixinPlatformAgentMinecraftForge for SecureJarResource(placebo)
[28Dec2025 23:05:22.858] [main/DEBUG] [mixin/]: MixinPlatformAgentMinecraftForge rejected container SecureJarResource(placebo)
[28Dec2025 23:05:22.858] [main/DEBUG] [mixin/]: Instancing new MixinPlatformAgentDefault for SecureJarResource(placebo)
[28Dec2025 23:05:22.858] [main/DEBUG] [mixin/]: MixinPlatformAgentDefault accepted container SecureJarResource(placebo)
[28Dec2025 23:05:22.858] [main/DEBUG] [mixin/]: Processing prepare() for PlatformAgent[MixinPlatformAgentDefault:SecureJarResource(placebo)]
[28Dec2025 23:05:22.858] [main/DEBUG] [mixin/]: Registering mixin config: placebo.mixins.json
[28Dec2025 23:05:22.859] [main/DEBUG] [mixin/]: Adding mixin platform agents for container SecureJarResource(prism)
[28Dec2025 23:05:22.859] [main/DEBUG] [mixin/]: Instancing new MixinPlatformAgentMinecraftForge for SecureJarResource(prism)
[28Dec2025 23:05:22.859] [main/DEBUG] [mixin/]: MixinPlatformAgentMinecraftForge rejected container SecureJarResource(prism)
[28Dec2025 23:05:22.859] [main/DEBUG] [mixin/]: Instancing new MixinPlatformAgentDefault for SecureJarResource(prism)
[28Dec2025 23:05:22.859] [main/DEBUG] [mixin/]: MixinPlatformAgentDefault accepted container SecureJarResource(prism)
[28Dec2025 23:05:22.859] [main/DEBUG] [mixin/]: Processing prepare() for PlatformAgent[MixinPlatformAgentDefault:SecureJarResource(prism)]
[28Dec2025 23:05:22.859] [main/DEBUG] [mixin/]: Registering mixin config: prism.mixins.json
[28Dec2025 23:05:22.859] [main/DEBUG] [mixin/]: Adding mixin platform agents for container SecureJarResource(lootintegrations)
[28Dec2025 23:05:22.859] [main/DEBUG] [mixin/]: Instancing new MixinPlatformAgentMinecraftForge for SecureJarResource(lootintegrations)
[28Dec2025 23:05:22.859] [main/DEBUG] [mixin/]: MixinPlatformAgentMinecraftForge rejected container SecureJarResource(lootintegrations)
[28Dec2025 23:05:22.859] [main/DEBUG] [mixin/]: Instancing new MixinPlatformAgentDefault for SecureJarResource(lootintegrations)
[28Dec2025 23:05:22.859] [main/DEBUG] [mixin/]: MixinPlatformAgentDefault accepted container SecureJarResource(lootintegrations)
[28Dec2025 23:05:22.859] [main/DEBUG] [mixin/]: Processing prepare() for PlatformAgent[MixinPlatformAgentDefault:SecureJarResource(lootintegrations)]
[28Dec2025 23:05:22.859] [main/DEBUG] [mixin/]: Registering mixin config: lootintegrations.mixins.json
[28Dec2025 23:05:22.860] [main/DEBUG] [mixin/]: Compatibility level JAVA_16 specified by lootintegrations.mixins.json is higher than the maximum level supported by this version of mixin (JAVA_13).
[28Dec2025 23:05:22.860] [main/DEBUG] [mixin/]: Adding mixin platform agents for container SecureJarResource(item_obliterator)
[28Dec2025 23:05:22.860] [main/DEBUG] [mixin/]: Instancing new MixinPlatformAgentMinecraftForge for SecureJarResource(item_obliterator)
[28Dec2025 23:05:22.860] [main/DEBUG] [mixin/]: MixinPlatformAgentMinecraftForge rejected container SecureJarResource(item_obliterator)
[28Dec2025 23:05:22.860] [main/DEBUG] [mixin/]: Instancing new MixinPlatformAgentDefault for SecureJarResource(item_obliterator)
[28Dec2025 23:05:22.860] [main/DEBUG] [mixin/]: MixinPlatformAgentDefault accepted container SecureJarResource(item_obliterator)
[28Dec2025 23:05:22.860] [main/DEBUG] [mixin/]: Processing prepare() for PlatformAgent[MixinPlatformAgentDefault:SecureJarResource(item_obliterator)]
[28Dec2025 23:05:22.860] [main/DEBUG] [mixin/]: Registering mixin config: item_obliterator.mixins.json
[28Dec2025 23:05:22.861] [main/DEBUG] [mixin/]: Adding mixin platform agents for container SecureJarResource(bakery)
[28Dec2025 23:05:22.861] [main/DEBUG] [mixin/]: Instancing new MixinPlatformAgentMinecraftForge for SecureJarResource(bakery)
[28Dec2025 23:05:22.861] [main/DEBUG] [mixin/]: MixinPlatformAgentMinecraftForge rejected container SecureJarResource(bakery)
[28Dec2025 23:05:22.861] [main/DEBUG] [mixin/]: Instancing new MixinPlatformAgentDefault for SecureJarResource(bakery)
[28Dec2025 23:05:22.861] [main/DEBUG] [mixin/]: MixinPlatformAgentDefault accepted container SecureJarResource(bakery)
[28Dec2025 23:05:22.861] [main/DEBUG] [mixin/]: Processing prepare() for PlatformAgent[MixinPlatformAgentDefault:SecureJarResource(bakery)]
[28Dec2025 23:05:22.861] [main/DEBUG] [mixin/]: Registering mixin config: bakery-common.mixins.json
[28Dec2025 23:05:22.861] [main/DEBUG] [mixin/]: Registering mixin config: bakery.mixins.json
[28Dec2025 23:05:22.861] [main/DEBUG] [mixin/]: Adding mixin platform agents for container SecureJarResource(bookshelf)
[28Dec2025 23:05:22.862] [main/DEBUG] [mixin/]: Instancing new MixinPlatformAgentMinecraftForge for SecureJarResource(bookshelf)
[28Dec2025 23:05:22.862] [main/DEBUG] [mixin/]: MixinPlatformAgentMinecraftForge rejected container SecureJarResource(bookshelf)
[28Dec2025 23:05:22.862] [main/DEBUG] [mixin/]: Instancing new MixinPlatformAgentDefault for SecureJarResource(bookshelf)
[28Dec2025 23:05:22.862] [main/DEBUG] [mixin/]: MixinPlatformAgentDefault accepted container SecureJarResource(bookshelf)
[28Dec2025 23:05:22.862] [main/DEBUG] [mixin/]: Processing prepare() for PlatformAgent[MixinPlatformAgentDefault:SecureJarResource(bookshelf)]
[28Dec2025 23:05:22.862] [main/DEBUG] [mixin/]: Registering mixin config: bookshelf.common.mixins.json
[28Dec2025 23:05:22.862] [main/DEBUG] [mixin/]: Registering mixin config: bookshelf.forge.mixins.json
[28Dec2025 23:05:22.862] [main/DEBUG] [mixin/]: Adding mixin platform agents for container SecureJarResource(sophisticatedbackpacks)
[28Dec2025 23:05:22.862] [main/DEBUG] [mixin/]: Instancing new MixinPlatformAgentMinecraftForge for SecureJarResource(sophisticatedbackpacks)
[28Dec2025 23:05:22.862] [main/DEBUG] [mixin/]: MixinPlatformAgentMinecraftForge rejected container SecureJarResource(sophisticatedbackpacks)
[28Dec2025 23:05:22.862] [main/DEBUG] [mixin/]: Instancing new MixinPlatformAgentDefault for SecureJarResource(sophisticatedbackpacks)
[28Dec2025 23:05:22.863] [main/DEBUG] [mixin/]: MixinPlatformAgentDefault accepted container SecureJarResource(sophisticatedbackpacks)
[28Dec2025 23:05:22.863] [main/DEBUG] [mixin/]: Processing prepare() for PlatformAgent[MixinPlatformAgentDefault:SecureJarResource(sophisticatedbackpacks)]
[28Dec2025 23:05:22.863] [main/DEBUG] [mixin/]: Adding mixin platform agents for container SecureJarResource(royalvariations)
[28Dec2025 23:05:22.863] [main/DEBUG] [mixin/]: Instancing new MixinPlatformAgentMinecraftForge for SecureJarResource(royalvariations)
[28Dec2025 23:05:22.863] [main/DEBUG] [mixin/]: MixinPlatformAgentMinecraftForge rejected container SecureJarResource(royalvariations)
[28Dec2025 23:05:22.863] [main/DEBUG] [mixin/]: Instancing new MixinPlatformAgentDefault for SecureJarResource(royalvariations)
[28Dec2025 23:05:22.863] [main/DEBUG] [mixin/]: MixinPlatformAgentDefault accepted container SecureJarResource(royalvariations)
[28Dec2025 23:05:22.863] [main/DEBUG] [mixin/]: Processing prepare() for PlatformAgent[MixinPlatformAgentDefault:SecureJarResource(royalvariations)]
[28Dec2025 23:05:22.863] [main/DEBUG] [mixin/]: Adding mixin platform agents for container SecureJarResource(twigs)
[28Dec2025 23:05:22.863] [main/DEBUG] [mixin/]: Instancing new MixinPlatformAgentMinecraftForge for SecureJarResource(twigs)
[28Dec2025 23:05:22.863] [main/DEBUG] [mixin/]: MixinPlatformAgentMinecraftForge rejected container SecureJarResource(twigs)
[28Dec2025 23:05:22.863] [main/DEBUG] [mixin/]: Instancing new MixinPlatformAgentDefault for SecureJarResource(twigs)
[28Dec2025 23:05:22.863] [main/DEBUG] [mixin/]: MixinPlatformAgentDefault accepted container SecureJarResource(twigs)
[28Dec2025 23:05:22.863] [main/DEBUG] [mixin/]: Processing prepare() for PlatformAgent[MixinPlatformAgentDefault:SecureJarResource(twigs)]
[28Dec2025 23:05:22.863] [main/DEBUG] [mixin/]: Registering mixin config: twigs.mixins.json
[28Dec2025 23:05:22.864] [main/DEBUG] [mixin/]: Adding mixin platform agents for container SecureJarResource(relics)
[28Dec2025 23:05:22.864] [main/DEBUG] [mixin/]: Instancing new MixinPlatformAgentMinecraftForge for SecureJarResource(relics)
[28Dec2025 23:05:22.864] [main/DEBUG] [mixin/]: MixinPlatformAgentMinecraftForge rejected container SecureJarResource(relics)
[28Dec2025 23:05:22.864] [main/DEBUG] [mixin/]: Instancing new MixinPlatformAgentDefault for SecureJarResource(relics)
[28Dec2025 23:05:22.864] [main/DEBUG] [mixin/]: MixinPlatformAgentDefault accepted container SecureJarResource(relics)
[28Dec2025 23:05:22.864] [main/DEBUG] [mixin/]: Processing prepare() for PlatformAgent[MixinPlatformAgentDefault:SecureJarResource(relics)]
[28Dec2025 23:05:22.864] [main/DEBUG] [mixin/]: Registering mixin config: relics.mixins.json
[28Dec2025 23:05:22.864] [main/DEBUG] [mixin/]: Compatibility level JAVA_8 specified by relics.mixins.json is lower than the default level supported by the current mixin service (JAVA_16).
[28Dec2025 23:05:22.864] [main/DEBUG] [mixin/]: Adding mixin platform agents for container SecureJarResource(progressivebosses)
[28Dec2025 23:05:22.864] [main/DEBUG] [mixin/]: Instancing new MixinPlatformAgentMinecraftForge for SecureJarResource(progressivebosses)
[28Dec2025 23:05:22.864] [main/DEBUG] [mixin/]: MixinPlatformAgentMinecraftForge rejected container SecureJarResource(progressivebosses)
[28Dec2025 23:05:22.864] [main/DEBUG] [mixin/]: Instancing new MixinPlatformAgentDefault for SecureJarResource(progressivebosses)
[28Dec2025 23:05:22.864] [main/DEBUG] [mixin/]: MixinPlatformAgentDefault accepted container SecureJarResource(progressivebosses)
[28Dec2025 23:05:22.865] [main/DEBUG] [mixin/]: Processing prepare() for PlatformAgent[MixinPlatformAgentDefault:SecureJarResource(progressivebosses)]
[28Dec2025 23:05:22.865] [main/DEBUG] [mixin/]: Registering mixin config: progressivebosses.mixins.json
[28Dec2025 23:05:22.865] [main/DEBUG] [mixin/]: Compatibility level JAVA_8 specified by progressivebosses.mixins.json is lower than the default level supported by the current mixin service (JAVA_16).
[28Dec2025 23:05:22.865] [main/DEBUG] [mixin/]: Adding mixin platform agents for container SecureJarResource(takesapillage)
[28Dec2025 23:05:22.865] [main/DEBUG] [mixin/]: Instancing new MixinPlatformAgentMinecraftForge for SecureJarResource(takesapillage)
[28Dec2025 23:05:22.865] [main/DEBUG] [mixin/]: MixinPlatformAgentMinecraftForge rejected container SecureJarResource(takesapillage)
[28Dec2025 23:05:22.865] [main/DEBUG] [mixin/]: Instancing new MixinPlatformAgentDefault for SecureJarResource(takesapillage)
[28Dec2025 23:05:22.865] [main/DEBUG] [mixin/]: MixinPlatformAgentDefault accepted container SecureJarResource(takesapillage)
[28Dec2025 23:05:22.865] [main/DEBUG] [mixin/]: Processing prepare() for PlatformAgent[MixinPlatformAgentDefault:SecureJarResource(takesapillage)]
[28Dec2025 23:05:22.865] [main/DEBUG] [mixin/]: Registering mixin config: takesapillage.mixins.json
[28Dec2025 23:05:22.866] [main/DEBUG] [mixin/]: Adding mixin platform agents for container SecureJarResource(bygonenether)
[28Dec2025 23:05:22.866] [main/DEBUG] [mixin/]: Instancing new MixinPlatformAgentMinecraftForge for SecureJarResource(bygonenether)
[28Dec2025 23:05:22.866] [main/DEBUG] [mixin/]: MixinPlatformAgentMinecraftForge rejected container SecureJarResource(bygonenether)
[28Dec2025 23:05:22.866] [main/DEBUG] [mixin/]: Instancing new MixinPlatformAgentDefault for SecureJarResource(bygonenether)
[28Dec2025 23:05:22.866] [main/DEBUG] [mixin/]: MixinPlatformAgentDefault accepted container SecureJarResource(bygonenether)
[28Dec2025 23:05:22.866] [main/DEBUG] [mixin/]: Processing prepare() for PlatformAgent[MixinPlatformAgentDefault:SecureJarResource(bygonenether)]
[28Dec2025 23:05:22.866] [main/DEBUG] [mixin/]: Registering mixin config: bygonenether.mixins.json
[28Dec2025 23:05:22.867] [main/DEBUG] [mixin/]: Adding mixin platform agents for container SecureJarResource(carryon)
[28Dec2025 23:05:22.867] [main/DEBUG] [mixin/]: Instancing new MixinPlatformAgentMinecraftForge for SecureJarResource(carryon)
[28Dec2025 23:05:22.867] [main/DEBUG] [mixin/]: MixinPlatformAgentMinecraftForge rejected container SecureJarResource(carryon)
[28Dec2025 23:05:22.867] [main/DEBUG] [mixin/]: Instancing new MixinPlatformAgentDefault for SecureJarResource(carryon)
[28Dec2025 23:05:22.867] [main/DEBUG] [mixin/]: MixinPlatformAgentDefault accepted container SecureJarResource(carryon)
[28Dec2025 23:05:22.867] [main/DEBUG] [mixin/]: Processing prepare() for PlatformAgent[MixinPlatformAgentDefault:SecureJarResource(carryon)]
[28Dec2025 23:05:22.867] [main/DEBUG] [mixin/]: Registering mixin config: carryon.mixins.json
[28Dec2025 23:05:22.867] [main/DEBUG] [mixin/]: Registering mixin config: carryon.forge.mixins.json
[28Dec2025 23:05:22.868] [main/DEBUG] [mixin/]: Adding mixin platform agents for container SecureJarResource(melody)
[28Dec2025 23:05:22.868] [main/DEBUG] [mixin/]: Instancing new MixinPlatformAgentMinecraftForge for SecureJarResource(melody)
[28Dec2025 23:05:22.868] [main/DEBUG] [mixin/]: MixinPlatformAgentMinecraftForge rejected container SecureJarResource(melody)
[28Dec2025 23:05:22.868] [main/DEBUG] [mixin/]: Instancing new MixinPlatformAgentDefault for SecureJarResource(melody)
[28Dec2025 23:05:22.868] [main/DEBUG] [mixin/]: MixinPlatformAgentDefault accepted container SecureJarResource(melody)
[28Dec2025 23:05:22.868] [main/DEBUG] [mixin/]: Processing prepare() for PlatformAgent[MixinPlatformAgentDefault:SecureJarResource(melody)]
[28Dec2025 23:05:22.868] [main/DEBUG] [mixin/]: Registering mixin config: melody.mixins.json
[28Dec2025 23:05:22.868] [main/DEBUG] [mixin/]: Registering mixin config: melody.forge.mixins.json
[28Dec2025 23:05:22.869] [main/DEBUG] [mixin/]: Adding mixin platform agents for container SecureJarResource(ftbteams)
[28Dec2025 23:05:22.869] [main/DEBUG] [mixin/]: Instancing new MixinPlatformAgentMinecraftForge for SecureJarResource(ftbteams)
[28Dec2025 23:05:22.869] [main/DEBUG] [mixin/]: MixinPlatformAgentMinecraftForge rejected container SecureJarResource(ftbteams)
[28Dec2025 23:05:22.869] [main/DEBUG] [mixin/]: Instancing new MixinPlatformAgentDefault for SecureJarResource(ftbteams)
[28Dec2025 23:05:22.869] [main/DEBUG] [mixin/]: MixinPlatformAgentDefault accepted container SecureJarResource(ftbteams)
[28Dec2025 23:05:22.869] [main/DEBUG] [mixin/]: Processing prepare() for PlatformAgent[MixinPlatformAgentDefault:SecureJarResource(ftbteams)]
[28Dec2025 23:05:22.869] [main/DEBUG] [mixin/]: Adding mixin platform agents for container SecureJarResource(dragonmounts)
[28Dec2025 23:05:22.869] [main/DEBUG] [mixin/]: Instancing new MixinPlatformAgentMinecraftForge for SecureJarResource(dragonmounts)
[28Dec2025 23:05:22.869] [main/DEBUG] [mixin/]: MixinPlatformAgentMinecraftForge rejected container SecureJarResource(dragonmounts)
[28Dec2025 23:05:22.869] [main/DEBUG] [mixin/]: Instancing new MixinPlatformAgentDefault for SecureJarResource(dragonmounts)
[28Dec2025 23:05:22.869] [main/DEBUG] [mixin/]: MixinPlatformAgentDefault accepted container SecureJarResource(dragonmounts)
[28Dec2025 23:05:22.869] [main/DEBUG] [mixin/]: Processing prepare() for PlatformAgent[MixinPlatformAgentDefault:SecureJarResource(dragonmounts)]
[28Dec2025 23:05:22.869] [main/DEBUG] [mixin/]: Registering mixin config: dragonmounts.mixins.json
[28Dec2025 23:05:22.870] [main/DEBUG] [mixin/]: Adding mixin platform agents for container SecureJarResource(dummmmmmy)
[28Dec2025 23:05:22.870] [main/DEBUG] [mixin/]: Instancing new MixinPlatformAgentMinecraftForge for SecureJarResource(dummmmmmy)
[28Dec2025 23:05:22.870] [main/DEBUG] [mixin/]: MixinPlatformAgentMinecraftForge rejected container SecureJarResource(dummmmmmy)
[28Dec2025 23:05:22.870] [main/DEBUG] [mixin/]: Instancing new MixinPlatformAgentDefault for SecureJarResource(dummmmmmy)
[28Dec2025 23:05:22.870] [main/DEBUG] [mixin/]: MixinPlatformAgentDefault accepted container SecureJarResource(dummmmmmy)
[28Dec2025 23:05:22.870] [main/DEBUG] [mixin/]: Processing prepare() for PlatformAgent[MixinPlatformAgentDefault:SecureJarResource(dummmmmmy)]
[28Dec2025 23:05:22.870] [main/DEBUG] [mixin/]: Registering mixin config: dummmmmmy-common.mixins.json
[28Dec2025 23:05:22.871] [main/DEBUG] [mixin/]: Registering mixin config: dummmmmmy.mixins.json
[28Dec2025 23:05:22.871] [main/DEBUG] [mixin/]: Compatibility level JAVA_16 specified by dummmmmmy.mixins.json is higher than the maximum level supported by this version of mixin (JAVA_13).
[28Dec2025 23:05:22.872] [main/DEBUG] [mixin/]: Adding mixin platform agents for container SecureJarResource(twilightforest)
[28Dec2025 23:05:22.872] [main/DEBUG] [mixin/]: Instancing new MixinPlatformAgentMinecraftForge for SecureJarResource(twilightforest)
[28Dec2025 23:05:22.872] [main/DEBUG] [mixin/]: MixinPlatformAgentMinecraftForge rejected container SecureJarResource(twilightforest)
[28Dec2025 23:05:22.872] [main/DEBUG] [mixin/]: Instancing new MixinPlatformAgentDefault for SecureJarResource(twilightforest)
[28Dec2025 23:05:22.872] [main/DEBUG] [mixin/]: MixinPlatformAgentDefault accepted container SecureJarResource(twilightforest)
[28Dec2025 23:05:22.872] [main/DEBUG] [mixin/]: Processing prepare() for PlatformAgent[MixinPlatformAgentDefault:SecureJarResource(twilightforest)]
[28Dec2025 23:05:22.872] [main/DEBUG] [mixin/]: Adding mixin platform agents for container SecureJarResource(konkrete)
[28Dec2025 23:05:22.872] [main/DEBUG] [mixin/]: Instancing new MixinPlatformAgentMinecraftForge for SecureJarResource(konkrete)
[28Dec2025 23:05:22.872] [main/DEBUG] [mixin/]: MixinPlatformAgentMinecraftForge rejected container SecureJarResource(konkrete)
[28Dec2025 23:05:22.872] [main/DEBUG] [mixin/]: Instancing new MixinPlatformAgentDefault for SecureJarResource(konkrete)
[28Dec2025 23:05:22.872] [main/DEBUG] [mixin/]: MixinPlatformAgentDefault accepted container SecureJarResource(konkrete)
[28Dec2025 23:05:22.872] [main/DEBUG] [mixin/]: Processing prepare() for PlatformAgent[MixinPlatformAgentDefault:SecureJarResource(konkrete)]
[28Dec2025 23:05:22.872] [main/DEBUG] [mixin/]: Registering mixin config: konkrete.mixin.json
[28Dec2025 23:05:22.873] [main/DEBUG] [mixin/]: Adding mixin platform agents for container SecureJarResource(enemyexpansion)
[28Dec2025 23:05:22.873] [main/DEBUG] [mixin/]: Instancing new MixinPlatformAgentMinecraftForge for SecureJarResource(enemyexpansion)
[28Dec2025 23:05:22.873] [main/DEBUG] [mixin/]: MixinPlatformAgentMinecraftForge rejected container SecureJarResource(enemyexpansion)
[28Dec2025 23:05:22.873] [main/DEBUG] [mixin/]: Instancing new MixinPlatformAgentDefault for SecureJarResource(enemyexpansion)
[28Dec2025 23:05:22.873] [main/DEBUG] [mixin/]: MixinPlatformAgentDefault accepted container SecureJarResource(enemyexpansion)
[28Dec2025 23:05:22.873] [main/DEBUG] [mixin/]: Processing prepare() for PlatformAgent[MixinPlatformAgentDefault:SecureJarResource(enemyexpansion)]
[28Dec2025 23:05:22.873] [main/DEBUG] [mixin/]: Adding mixin platform agents for container SecureJarResource(collectionofsingiro)
[28Dec2025 23:05:22.873] [main/DEBUG] [mixin/]: Instancing new MixinPlatformAgentMinecraftForge for SecureJarResource(collectionofsingiro)
[28Dec2025 23:05:22.873] [main/DEBUG] [mixin/]: MixinPlatformAgentMinecraftForge rejected container SecureJarResource(collectionofsingiro)
[28Dec2025 23:05:22.873] [main/DEBUG] [mixin/]: Instancing new MixinPlatformAgentDefault for SecureJarResource(collectionofsingiro)
[28Dec2025 23:05:22.873] [main/DEBUG] [mixin/]: MixinPlatformAgentDefault accepted container SecureJarResource(collectionofsingiro)
[28Dec2025 23:05:22.873] [main/DEBUG] [mixin/]: Processing prepare() for PlatformAgent[MixinPlatformAgentDefault:SecureJarResource(collectionofsingiro)]
[28Dec2025 23:05:22.873] [main/DEBUG] [mixin/]: Adding mixin platform agents for container SecureJarResource(farmersdelight)
[28Dec2025 23:05:22.873] [main/DEBUG] [mixin/]: Instancing new MixinPlatformAgentMinecraftForge for SecureJarResource(farmersdelight)
[28Dec2025 23:05:22.873] [main/DEBUG] [mixin/]: MixinPlatformAgentMinecraftForge rejected container SecureJarResource(farmersdelight)
[28Dec2025 23:05:22.873] [main/DEBUG] [mixin/]: Instancing new MixinPlatformAgentDefault for SecureJarResource(farmersdelight)
[28Dec2025 23:05:22.873] [main/DEBUG] [mixin/]: MixinPlatformAgentDefault accepted container SecureJarResource(farmersdelight)
[28Dec2025 23:05:22.873] [main/DEBUG] [mixin/]: Processing prepare() for PlatformAgent[MixinPlatformAgentDefault:SecureJarResource(farmersdelight)]
[28Dec2025 23:05:22.873] [main/DEBUG] [mixin/]: Registering mixin config: farmersdelight.mixins.json
[28Dec2025 23:05:22.874] [main/DEBUG] [mixin/]: Adding mixin platform agents for container SecureJarResource(getittogetherdrops)
[28Dec2025 23:05:22.874] [main/DEBUG] [mixin/]: Instancing new MixinPlatformAgentMinecraftForge for SecureJarResource(getittogetherdrops)
[28Dec2025 23:05:22.874] [main/DEBUG] [mixin/]: MixinPlatformAgentMinecraftForge rejected container SecureJarResource(getittogetherdrops)
[28Dec2025 23:05:22.874] [main/DEBUG] [mixin/]: Instancing new MixinPlatformAgentDefault for SecureJarResource(getittogetherdrops)
[28Dec2025 23:05:22.874] [main/DEBUG] [mixin/]: MixinPlatformAgentDefault accepted container SecureJarResource(getittogetherdrops)
[28Dec2025 23:05:22.874] [main/DEBUG] [mixin/]: Processing prepare() for PlatformAgent[MixinPlatformAgentDefault:SecureJarResource(getittogetherdrops)]
[28Dec2025 23:05:22.874] [main/DEBUG] [mixin/]: Registering mixin config: getittogetherdrops.mixins.json
[28Dec2025 23:05:22.874] [main/DEBUG] [mixin/]: Adding mixin platform agents for container SecureJarResource(endrem)
[28Dec2025 23:05:22.874] [main/DEBUG] [mixin/]: Instancing new MixinPlatformAgentMinecraftForge for SecureJarResource(endrem)
[28Dec2025 23:05:22.874] [main/DEBUG] [mixin/]: MixinPlatformAgentMinecraftForge rejected container SecureJarResource(endrem)
[28Dec2025 23:05:22.874] [main/DEBUG] [mixin/]: Instancing new MixinPlatformAgentDefault for SecureJarResource(endrem)
[28Dec2025 23:05:22.874] [main/DEBUG] [mixin/]: MixinPlatformAgentDefault accepted container SecureJarResource(endrem)
[28Dec2025 23:05:22.874] [main/DEBUG] [mixin/]: Processing prepare() for PlatformAgent[MixinPlatformAgentDefault:SecureJarResource(endrem)]
[28Dec2025 23:05:22.874] [main/DEBUG] [mixin/]: Registering mixin config: endrem.mixins.json
[28Dec2025 23:05:22.875] [main/DEBUG] [mixin/]: Adding mixin platform agents for container SecureJarResource(longnbtkiller)
[28Dec2025 23:05:22.875] [main/DEBUG] [mixin/]: Instancing new MixinPlatformAgentMinecraftForge for SecureJarResource(longnbtkiller)
[28Dec2025 23:05:22.875] [main/DEBUG] [mixin/]: MixinPlatformAgentMinecraftForge rejected container SecureJarResource(longnbtkiller)
[28Dec2025 23:05:22.875] [main/DEBUG] [mixin/]: Instancing new MixinPlatformAgentDefault for SecureJarResource(longnbtkiller)
[28Dec2025 23:05:22.875] [main/DEBUG] [mixin/]: MixinPlatformAgentDefault accepted container SecureJarResource(longnbtkiller)
[28Dec2025 23:05:22.875] [main/DEBUG] [mixin/]: Processing prepare() for PlatformAgent[MixinPlatformAgentDefault:SecureJarResource(longnbtkiller)]
[28Dec2025 23:05:22.875] [main/DEBUG] [mixin/]: Registering mixin config: longnbtkiller.mixins.json
[28Dec2025 23:05:22.876] [main/DEBUG] [mixin/]: Compatibility level JAVA_8 specified by longnbtkiller.mixins.json is lower than the default level supported by the current mixin service (JAVA_16).
[28Dec2025 23:05:22.876] [main/DEBUG] [mixin/]: Adding mixin platform agents for container SecureJarResource(dungeons_enhanced)
[28Dec2025 23:05:22.876] [main/DEBUG] [mixin/]: Instancing new MixinPlatformAgentMinecraftForge for SecureJarResource(dungeons_enhanced)
[28Dec2025 23:05:22.876] [main/DEBUG] [mixin/]: MixinPlatformAgentMinecraftForge rejected container SecureJarResource(dungeons_enhanced)
[28Dec2025 23:05:22.876] [main/DEBUG] [mixin/]: Instancing new MixinPlatformAgentDefault for SecureJarResource(dungeons_enhanced)
[28Dec2025 23:05:22.876] [main/DEBUG] [mixin/]: MixinPlatformAgentDefault accepted container SecureJarResource(dungeons_enhanced)
[28Dec2025 23:05:22.876] [main/DEBUG] [mixin/]: Processing prepare() for PlatformAgent[MixinPlatformAgentDefault:SecureJarResource(dungeons_enhanced)]
[28Dec2025 23:05:22.876] [main/DEBUG] [mixin/]: Adding mixin platform agents for container SecureJarResource(lionfishapi)
[28Dec2025 23:05:22.876] [main/DEBUG] [mixin/]: Instancing new MixinPlatformAgentMinecraftForge for SecureJarResource(lionfishapi)
[28Dec2025 23:05:22.876] [main/DEBUG] [mixin/]: MixinPlatformAgentMinecraftForge rejected container SecureJarResource(lionfishapi)
[28Dec2025 23:05:22.876] [main/DEBUG] [mixin/]: Instancing new MixinPlatformAgentDefault for SecureJarResource(lionfishapi)
[28Dec2025 23:05:22.876] [main/DEBUG] [mixin/]: MixinPlatformAgentDefault accepted container SecureJarResource(lionfishapi)
[28Dec2025 23:05:22.876] [main/DEBUG] [mixin/]: Processing prepare() for PlatformAgent[MixinPlatformAgentDefault:SecureJarResource(lionfishapi)]
[28Dec2025 23:05:22.876] [main/DEBUG] [mixin/]: Registering mixin config: lionfishapi.mixins.json
[28Dec2025 23:05:22.877] [main/DEBUG] [mixin/]: Adding mixin platform agents for container SecureJarResource(cataclysm)
[28Dec2025 23:05:22.877] [main/DEBUG] [mixin/]: Instancing new MixinPlatformAgentMinecraftForge for SecureJarResource(cataclysm)
[28Dec2025 23:05:22.877] [main/DEBUG] [mixin/]: MixinPlatformAgentMinecraftForge rejected container SecureJarResource(cataclysm)
[28Dec2025 23:05:22.877] [main/DEBUG] [mixin/]: Instancing new MixinPlatformAgentDefault for SecureJarResource(cataclysm)
[28Dec2025 23:05:22.877] [main/DEBUG] [mixin/]: MixinPlatformAgentDefault accepted container SecureJarResource(cataclysm)
[28Dec2025 23:05:22.877] [main/DEBUG] [mixin/]: Processing prepare() for PlatformAgent[MixinPlatformAgentDefault:SecureJarResource(cataclysm)]
[28Dec2025 23:05:22.877] [main/DEBUG] [mixin/]: Registering mixin config: cataclysm.mixins.json
[28Dec2025 23:05:22.878] [main/DEBUG] [mixin/]: Adding mixin platform agents for container SecureJarResource(memorysettings)
[28Dec2025 23:05:22.878] [main/DEBUG] [mixin/]: Instancing new MixinPlatformAgentMinecraftForge for SecureJarResource(memorysettings)
[28Dec2025 23:05:22.878] [main/DEBUG] [mixin/]: MixinPlatformAgentMinecraftForge rejected container SecureJarResource(memorysettings)
[28Dec2025 23:05:22.878] [main/DEBUG] [mixin/]: Instancing new MixinPlatformAgentDefault for SecureJarResource(memorysettings)
[28Dec2025 23:05:22.878] [main/DEBUG] [mixin/]: MixinPlatformAgentDefault accepted container SecureJarResource(memorysettings)
[28Dec2025 23:05:22.878] [main/DEBUG] [mixin/]: Processing prepare() for PlatformAgent[MixinPlatformAgentDefault:SecureJarResource(memorysettings)]
[28Dec2025 23:05:22.878] [main/DEBUG] [mixin/]: Registering mixin config: memorysettings.mixins.json
[28Dec2025 23:05:22.878] [main/DEBUG] [mixin/]: Compatibility level JAVA_8 specified by memorysettings.mixins.json is lower than the default level supported by the current mixin service (JAVA_16).
[28Dec2025 23:05:22.878] [main/DEBUG] [mixin/]: Adding mixin platform agents for container SecureJarResource(blockui)
[28Dec2025 23:05:22.878] [main/DEBUG] [mixin/]: Instancing new MixinPlatformAgentMinecraftForge for SecureJarResource(blockui)
[28Dec2025 23:05:22.879] [main/DEBUG] [mixin/]: MixinPlatformAgentMinecraftForge rejected container SecureJarResource(blockui)
[28Dec2025 23:05:22.879] [main/DEBUG] [mixin/]: Instancing new MixinPlatformAgentDefault for SecureJarResource(blockui)
[28Dec2025 23:05:22.879] [main/DEBUG] [mixin/]: MixinPlatformAgentDefault accepted container SecureJarResource(blockui)
[28Dec2025 23:05:22.879] [main/DEBUG] [mixin/]: Processing prepare() for PlatformAgent[MixinPlatformAgentDefault:SecureJarResource(blockui)]
[28Dec2025 23:05:22.879] [main/DEBUG] [mixin/]: Adding mixin platform agents for container SecureJarResource(patchouli)
[28Dec2025 23:05:22.879] [main/DEBUG] [mixin/]: Instancing new MixinPlatformAgentMinecraftForge for SecureJarResource(patchouli)
[28Dec2025 23:05:22.879] [main/DEBUG] [mixin/]: MixinPlatformAgentMinecraftForge rejected container SecureJarResource(patchouli)
[28Dec2025 23:05:22.879] [main/DEBUG] [mixin/]: Instancing new MixinPlatformAgentDefault for SecureJarResource(patchouli)
[28Dec2025 23:05:22.879] [main/DEBUG] [mixin/]: MixinPlatformAgentDefault accepted container SecureJarResource(patchouli)
[28Dec2025 23:05:22.879] [main/DEBUG] [mixin/]: Processing prepare() for PlatformAgent[MixinPlatformAgentDefault:SecureJarResource(patchouli)]
[28Dec2025 23:05:22.879] [main/DEBUG] [mixin/]: Registering mixin config: patchouli_xplat.mixins.json
[28Dec2025 23:05:22.879] [main/DEBUG] [mixin/]: Adding mixin platform agents for container SecureJarResource(origins_classes)
[28Dec2025 23:05:22.879] [main/DEBUG] [mixin/]: Instancing new MixinPlatformAgentMinecraftForge for SecureJarResource(origins_classes)
[28Dec2025 23:05:22.879] [main/DEBUG] [mixin/]: MixinPlatformAgentMinecraftForge rejected container SecureJarResource(origins_classes)
[28Dec2025 23:05:22.880] [main/DEBUG] [mixin/]: Instancing new MixinPlatformAgentDefault for SecureJarResource(origins_classes)
[28Dec2025 23:05:22.880] [main/DEBUG] [mixin/]: MixinPlatformAgentDefault accepted container SecureJarResource(origins_classes)
[28Dec2025 23:05:22.880] [main/DEBUG] [mixin/]: Processing prepare() for PlatformAgent[MixinPlatformAgentDefault:SecureJarResource(origins_classes)]
[28Dec2025 23:05:22.880] [main/DEBUG] [mixin/]: Registering mixin config: origins_classes.mixins.json
[28Dec2025 23:05:22.880] [main/DEBUG] [mixin/]: Adding mixin platform agents for container SecureJarResource(dramaticdoors)
[28Dec2025 23:05:22.880] [main/DEBUG] [mixin/]: Instancing new MixinPlatformAgentMinecraftForge for SecureJarResource(dramaticdoors)
[28Dec2025 23:05:22.880] [main/DEBUG] [mixin/]: MixinPlatformAgentMinecraftForge rejected container SecureJarResource(dramaticdoors)
[28Dec2025 23:05:22.880] [main/DEBUG] [mixin/]: Instancing new MixinPlatformAgentDefault for SecureJarResource(dramaticdoors)
[28Dec2025 23:05:22.880] [main/DEBUG] [mixin/]: MixinPlatformAgentDefault accepted container SecureJarResource(dramaticdoors)
[28Dec2025 23:05:22.880] [main/DEBUG] [mixin/]: Processing prepare() for PlatformAgent[MixinPlatformAgentDefault:SecureJarResource(dramaticdoors)]
[28Dec2025 23:05:22.880] [main/DEBUG] [mixin/]: Registering mixin config: forge-dramaticdoors_forge.mixins.json
[28Dec2025 23:05:22.881] [main/DEBUG] [mixin/]: Adding mixin platform agents for container SecureJarResource(woodworks)
[28Dec2025 23:05:22.881] [main/DEBUG] [mixin/]: Instancing new MixinPlatformAgentMinecraftForge for SecureJarResource(woodworks)
[28Dec2025 23:05:22.881] [main/DEBUG] [mixin/]: MixinPlatformAgentMinecraftForge rejected container SecureJarResource(woodworks)
[28Dec2025 23:05:22.881] [main/DEBUG] [mixin/]: Instancing new MixinPlatformAgentDefault for SecureJarResource(woodworks)
[28Dec2025 23:05:22.881] [main/DEBUG] [mixin/]: MixinPlatformAgentDefault accepted container SecureJarResource(woodworks)
[28Dec2025 23:05:22.881] [main/DEBUG] [mixin/]: Processing prepare() for PlatformAgent[MixinPlatformAgentDefault:SecureJarResource(woodworks)]
[28Dec2025 23:05:22.881] [main/DEBUG] [mixin/]: Adding mixin platform agents for container SecureJarResource(betterthirdperson)
[28Dec2025 23:05:22.881] [main/DEBUG] [mixin/]: Instancing new MixinPlatformAgentMinecraftForge for SecureJarResource(betterthirdperson)
[28Dec2025 23:05:22.881] [main/DEBUG] [mixin/]: MixinPlatformAgentMinecraftForge rejected container SecureJarResource(betterthirdperson)
[28Dec2025 23:05:22.881] [main/DEBUG] [mixin/]: Instancing new MixinPlatformAgentDefault for SecureJarResource(betterthirdperson)
[28Dec2025 23:05:22.881] [main/DEBUG] [mixin/]: MixinPlatformAgentDefault accepted container SecureJarResource(betterthirdperson)
[28Dec2025 23:05:22.881] [main/DEBUG] [mixin/]: Processing prepare() for PlatformAgent[MixinPlatformAgentDefault:SecureJarResource(betterthirdperson)]
[28Dec2025 23:05:22.881] [main/DEBUG] [mixin/]: Registering mixin config: betterthirdperson.mixins.json
[28Dec2025 23:05:22.882] [main/DEBUG] [mixin/]: Compatibility level JAVA_16 specified by betterthirdperson.mixins.json is higher than the maximum level supported by this version of mixin (JAVA_13).
[28Dec2025 23:05:22.882] [main/DEBUG] [mixin/]: Adding mixin platform agents for container SecureJarResource(elevatorid)
[28Dec2025 23:05:22.882] [main/DEBUG] [mixin/]: Instancing new MixinPlatformAgentMinecraftForge for SecureJarResource(elevatorid)
[28Dec2025 23:05:22.882] [main/DEBUG] [mixin/]: MixinPlatformAgentMinecraftForge rejected container SecureJarResource(elevatorid)
[28Dec2025 23:05:22.882] [main/DEBUG] [mixin/]: Instancing new MixinPlatformAgentDefault for SecureJarResource(elevatorid)
[28Dec2025 23:05:22.882] [main/DEBUG] [mixin/]: MixinPlatformAgentDefault accepted container SecureJarResource(elevatorid)
[28Dec2025 23:05:22.882] [main/DEBUG] [mixin/]: Processing prepare() for PlatformAgent[MixinPlatformAgentDefault:SecureJarResource(elevatorid)]
[28Dec2025 23:05:22.882] [main/DEBUG] [mixin/]: Adding mixin platform agents for container SecureJarResource(ftbultimine)
[28Dec2025 23:05:22.882] [main/DEBUG] [mixin/]: Instancing new MixinPlatformAgentMinecraftForge for SecureJarResource(ftbultimine)
[28Dec2025 23:05:22.882] [main/DEBUG] [mixin/]: MixinPlatformAgentMinecraftForge rejected container SecureJarResource(ftbultimine)
[28Dec2025 23:05:22.882] [main/DEBUG] [mixin/]: Instancing new MixinPlatformAgentDefault for SecureJarResource(ftbultimine)
[28Dec2025 23:05:22.882] [main/DEBUG] [mixin/]: MixinPlatformAgentDefault accepted container SecureJarResource(ftbultimine)
[28Dec2025 23:05:22.882] [main/DEBUG] [mixin/]: Processing prepare() for PlatformAgent[MixinPlatformAgentDefault:SecureJarResource(ftbultimine)]
[28Dec2025 23:05:22.882] [main/DEBUG] [mixin/]: Registering mixin config: ftbultimine-common.mixins.json
[28Dec2025 23:05:22.882] [main/DEBUG] [mixin/]: Compatibility level JAVA_8 specified by ftbultimine-common.mixins.json is lower than the default level supported by the current mixin service (JAVA_16).
[28Dec2025 23:05:22.882] [main/DEBUG] [mixin/]: Adding mixin platform agents for container SecureJarResource(nightconfigfixes)
[28Dec2025 23:05:22.882] [main/DEBUG] [mixin/]: Instancing new MixinPlatformAgentMinecraftForge for SecureJarResource(nightconfigfixes)
[28Dec2025 23:05:22.883] [main/DEBUG] [mixin/]: MixinPlatformAgentMinecraftForge rejected container SecureJarResource(nightconfigfixes)
[28Dec2025 23:05:22.883] [main/DEBUG] [mixin/]: Instancing new MixinPlatformAgentDefault for SecureJarResource(nightconfigfixes)
[28Dec2025 23:05:22.883] [main/DEBUG] [mixin/]: MixinPlatformAgentDefault accepted container SecureJarResource(nightconfigfixes)
[28Dec2025 23:05:22.883] [main/DEBUG] [mixin/]: Processing prepare() for PlatformAgent[MixinPlatformAgentDefault:SecureJarResource(nightconfigfixes)]
[28Dec2025 23:05:22.883] [main/DEBUG] [mixin/]: Registering mixin config: nightconfigfixes.forge.mixins.json
[28Dec2025 23:05:22.883] [main/DEBUG] [mixin/]: Adding mixin platform agents for container SecureJarResource(betterstrongholds)
[28Dec2025 23:05:22.883] [main/DEBUG] [mixin/]: Instancing new MixinPlatformAgentMinecraftForge for SecureJarResource(betterstrongholds)
[28Dec2025 23:05:22.883] [main/DEBUG] [mixin/]: MixinPlatformAgentMinecraftForge rejected container SecureJarResource(betterstrongholds)
[28Dec2025 23:05:22.883] [main/DEBUG] [mixin/]: Instancing new MixinPlatformAgentDefault for SecureJarResource(betterstrongholds)
[28Dec2025 23:05:22.883] [main/DEBUG] [mixin/]: MixinPlatformAgentDefault accepted container SecureJarResource(betterstrongholds)
[28Dec2025 23:05:22.883] [main/DEBUG] [mixin/]: Processing prepare() for PlatformAgent[MixinPlatformAgentDefault:SecureJarResource(betterstrongholds)]
[28Dec2025 23:05:22.883] [main/DEBUG] [mixin/]: Registering mixin config: betterstrongholds.mixins.json
[28Dec2025 23:05:22.884] [main/DEBUG] [mixin/]: Registering mixin config: betterstrongholds_forge.mixins.json
[28Dec2025 23:05:22.884] [main/DEBUG] [mixin/]: Adding mixin platform agents for container SecureJarResource(enigmaticlegacy)
[28Dec2025 23:05:22.884] [main/DEBUG] [mixin/]: Instancing new MixinPlatformAgentMinecraftForge for SecureJarResource(enigmaticlegacy)
[28Dec2025 23:05:22.884] [main/DEBUG] [mixin/]: MixinPlatformAgentMinecraftForge rejected container SecureJarResource(enigmaticlegacy)
[28Dec2025 23:05:22.884] [main/DEBUG] [mixin/]: Instancing new MixinPlatformAgentDefault for SecureJarResource(enigmaticlegacy)
[28Dec2025 23:05:22.884] [main/DEBUG] [mixin/]: MixinPlatformAgentDefault accepted container SecureJarResource(enigmaticlegacy)
[28Dec2025 23:05:22.884] [main/DEBUG] [mixin/]: Processing prepare() for PlatformAgent[MixinPlatformAgentDefault:SecureJarResource(enigmaticlegacy)]
[28Dec2025 23:05:22.884] [main/DEBUG] [mixin/]: Adding mixin platform agents for container SecureJarResource(architectury)
[28Dec2025 23:05:22.884] [main/DEBUG] [mixin/]: Instancing new MixinPlatformAgentMinecraftForge for SecureJarResource(architectury)
[28Dec2025 23:05:22.884] [main/DEBUG] [mixin/]: MixinPlatformAgentMinecraftForge rejected container SecureJarResource(architectury)
[28Dec2025 23:05:22.884] [main/DEBUG] [mixin/]: Instancing new MixinPlatformAgentDefault for SecureJarResource(architectury)
[28Dec2025 23:05:22.884] [main/DEBUG] [mixin/]: MixinPlatformAgentDefault accepted container SecureJarResource(architectury)
[28Dec2025 23:05:22.884] [main/DEBUG] [mixin/]: Processing prepare() for PlatformAgent[MixinPlatformAgentDefault:SecureJarResource(architectury)]
[28Dec2025 23:05:22.884] [main/DEBUG] [mixin/]: Registering mixin config: architectury.mixins.json
[28Dec2025 23:05:22.885] [main/DEBUG] [mixin/]: Compatibility level JAVA_16 specified by architectury.mixins.json is higher than the maximum level supported by this version of mixin (JAVA_13).
[28Dec2025 23:05:22.885] [main/DEBUG] [mixin/]: Registering mixin config: architectury-common.mixins.json
[28Dec2025 23:05:22.885] [main/DEBUG] [mixin/]: Compatibility level JAVA_16 specified by architectury-common.mixins.json is higher than the maximum level supported by this version of mixin (JAVA_13).
[28Dec2025 23:05:22.885] [main/DEBUG] [mixin/]: Adding mixin platform agents for container SecureJarResource(deeperdarker)
[28Dec2025 23:05:22.885] [main/DEBUG] [mixin/]: Instancing new MixinPlatformAgentMinecraftForge for SecureJarResource(deeperdarker)
[28Dec2025 23:05:22.885] [main/DEBUG] [mixin/]: MixinPlatformAgentMinecraftForge rejected container SecureJarResource(deeperdarker)
[28Dec2025 23:05:22.885] [main/DEBUG] [mixin/]: Instancing new MixinPlatformAgentDefault for SecureJarResource(deeperdarker)
[28Dec2025 23:05:22.885] [main/DEBUG] [mixin/]: MixinPlatformAgentDefault accepted container SecureJarResource(deeperdarker)
[28Dec2025 23:05:22.885] [main/DEBUG] [mixin/]: Processing prepare() for PlatformAgent[MixinPlatformAgentDefault:SecureJarResource(deeperdarker)]
[28Dec2025 23:05:22.885] [main/DEBUG] [mixin/]: Registering mixin config: mixins.deeperdarker.json
[28Dec2025 23:05:22.886] [main/DEBUG] [mixin/]: Adding mixin platform agents for container SecureJarResource(aiimprovements)
[28Dec2025 23:05:22.886] [main/DEBUG] [mixin/]: Instancing new MixinPlatformAgentMinecraftForge for SecureJarResource(aiimprovements)
[28Dec2025 23:05:22.886] [main/DEBUG] [mixin/]: MixinPlatformAgentMinecraftForge rejected container SecureJarResource(aiimprovements)
[28Dec2025 23:05:22.886] [main/DEBUG] [mixin/]: Instancing new MixinPlatformAgentDefault for SecureJarResource(aiimprovements)
[28Dec2025 23:05:22.886] [main/DEBUG] [mixin/]: MixinPlatformAgentDefault accepted container SecureJarResource(aiimprovements)
[28Dec2025 23:05:22.886] [main/DEBUG] [mixin/]: Processing prepare() for PlatformAgent[MixinPlatformAgentDefault:SecureJarResource(aiimprovements)]
[28Dec2025 23:05:22.886] [main/DEBUG] [mixin/]: Adding mixin platform agents for container SecureJarResource(cupboard)
[28Dec2025 23:05:22.886] [main/DEBUG] [mixin/]: Instancing new MixinPlatformAgentMinecraftForge for SecureJarResource(cupboard)
[28Dec2025 23:05:22.886] [main/DEBUG] [mixin/]: MixinPlatformAgentMinecraftForge rejected container SecureJarResource(cupboard)
[28Dec2025 23:05:22.886] [main/DEBUG] [mixin/]: Instancing new MixinPlatformAgentDefault for SecureJarResource(cupboard)
[28Dec2025 23:05:22.886] [main/DEBUG] [mixin/]: MixinPlatformAgentDefault accepted container SecureJarResource(cupboard)
[28Dec2025 23:05:22.886] [main/DEBUG] [mixin/]: Processing prepare() for PlatformAgent[MixinPlatformAgentDefault:SecureJarResource(cupboard)]
[28Dec2025 23:05:22.886] [main/DEBUG] [mixin/]: Registering mixin config: cupboard.mixins.json
[28Dec2025 23:05:22.887] [main/DEBUG] [mixin/]: Adding mixin platform agents for container SecureJarResource(smallships)
[28Dec2025 23:05:22.887] [main/DEBUG] [mixin/]: Instancing new MixinPlatformAgentMinecraftForge for SecureJarResource(smallships)
[28Dec2025 23:05:22.887] [main/DEBUG] [mixin/]: MixinPlatformAgentMinecraftForge rejected container SecureJarResource(smallships)
[28Dec2025 23:05:22.887] [main/DEBUG] [mixin/]: Instancing new MixinPlatformAgentDefault for SecureJarResource(smallships)
[28Dec2025 23:05:22.887] [main/DEBUG] [mixin/]: MixinPlatformAgentDefault accepted container SecureJarResource(smallships)
[28Dec2025 23:05:22.887] [main/DEBUG] [mixin/]: Processing prepare() for PlatformAgent[MixinPlatformAgentDefault:SecureJarResource(smallships)]
[28Dec2025 23:05:22.887] [main/DEBUG] [mixin/]: Registering mixin config: smallships-common.mixins.json
[28Dec2025 23:05:22.887] [main/DEBUG] [mixin/]: Registering mixin config: smallships-common-soft.mixins.json
[28Dec2025 23:05:22.887] [main/DEBUG] [mixin/]: Registering mixin config: smallships.mixins.json
[28Dec2025 23:05:22.888] [main/DEBUG] [mixin/]: Adding mixin platform agents for container SecureJarResource(letmedespawn)
[28Dec2025 23:05:22.888] [main/DEBUG] [mixin/]: Instancing new MixinPlatformAgentMinecraftForge for SecureJarResource(letmedespawn)
[28Dec2025 23:05:22.888] [main/DEBUG] [mixin/]: MixinPlatformAgentMinecraftForge rejected container SecureJarResource(letmedespawn)
[28Dec2025 23:05:22.888] [main/DEBUG] [mixin/]: Instancing new MixinPlatformAgentDefault for SecureJarResource(letmedespawn)
[28Dec2025 23:05:22.888] [main/DEBUG] [mixin/]: MixinPlatformAgentDefault accepted container SecureJarResource(letmedespawn)
[28Dec2025 23:05:22.888] [main/DEBUG] [mixin/]: Processing prepare() for PlatformAgent[MixinPlatformAgentDefault:SecureJarResource(letmedespawn)]
[28Dec2025 23:05:22.888] [main/DEBUG] [mixin/]: Registering mixin config: letmedespawn.mixins.json
[28Dec2025 23:05:22.889] [main/DEBUG] [mixin/]: Adding mixin platform agents for container SecureJarResource(t_and_t)
[28Dec2025 23:05:22.889] [main/DEBUG] [mixin/]: Instancing new MixinPlatformAgentMinecraftForge for SecureJarResource(t_and_t)
[28Dec2025 23:05:22.889] [main/DEBUG] [mixin/]: MixinPlatformAgentMinecraftForge rejected container SecureJarResource(t_and_t)
[28Dec2025 23:05:22.889] [main/DEBUG] [mixin/]: Instancing new MixinPlatformAgentDefault for SecureJarResource(t_and_t)
[28Dec2025 23:05:22.889] [main/DEBUG] [mixin/]: MixinPlatformAgentDefault accepted container SecureJarResource(t_and_t)
[28Dec2025 23:05:22.889] [main/DEBUG] [mixin/]: Processing prepare() for PlatformAgent[MixinPlatformAgentDefault:SecureJarResource(t_and_t)]
[28Dec2025 23:05:22.889] [main/DEBUG] [mixin/]: Registering mixin config: t_and_t.mixins.json
[28Dec2025 23:05:22.889] [main/DEBUG] [mixin/]: Adding mixin platform agents for container SecureJarResource(toomanyglyphs)
[28Dec2025 23:05:22.889] [main/DEBUG] [mixin/]: Instancing new MixinPlatformAgentMinecraftForge for SecureJarResource(toomanyglyphs)
[28Dec2025 23:05:22.889] [main/DEBUG] [mixin/]: MixinPlatformAgentMinecraftForge rejected container SecureJarResource(toomanyglyphs)
[28Dec2025 23:05:22.889] [main/DEBUG] [mixin/]: Instancing new MixinPlatformAgentDefault for SecureJarResource(toomanyglyphs)
[28Dec2025 23:05:22.889] [main/DEBUG] [mixin/]: MixinPlatformAgentDefault accepted container SecureJarResource(toomanyglyphs)
[28Dec2025 23:05:22.889] [main/DEBUG] [mixin/]: Processing prepare() for PlatformAgent[MixinPlatformAgentDefault:SecureJarResource(toomanyglyphs)]
[28Dec2025 23:05:22.889] [main/DEBUG] [mixin/]: Registering mixin config: toomanyglyphs.mixins.json
[28Dec2025 23:05:22.890] [main/DEBUG] [mixin/]: Adding mixin platform agents for container SecureJarResource(yeetusexperimentus)
[28Dec2025 23:05:22.890] [main/DEBUG] [mixin/]: Instancing new MixinPlatformAgentMinecraftForge for SecureJarResource(yeetusexperimentus)
[28Dec2025 23:05:22.890] [main/DEBUG] [mixin/]: MixinPlatformAgentMinecraftForge rejected container SecureJarResource(yeetusexperimentus)
[28Dec2025 23:05:22.890] [main/DEBUG] [mixin/]: Instancing new MixinPlatformAgentDefault for SecureJarResource(yeetusexperimentus)
[28Dec2025 23:05:22.890] [main/DEBUG] [mixin/]: MixinPlatformAgentDefault accepted container SecureJarResource(yeetusexperimentus)
[28Dec2025 23:05:22.890] [main/DEBUG] [mixin/]: Processing prepare() for PlatformAgent[MixinPlatformAgentDefault:SecureJarResource(yeetusexperimentus)]
[28Dec2025 23:05:22.890] [main/DEBUG] [mixin/]: Registering mixin config: yeetusexperimentus.mixins.json
[28Dec2025 23:05:22.890] [main/DEBUG] [mixin/]: Adding mixin platform agents for container SecureJarResource(dreadsteel)
[28Dec2025 23:05:22.890] [main/DEBUG] [mixin/]: Instancing new MixinPlatformAgentMinecraftForge for SecureJarResource(dreadsteel)
[28Dec2025 23:05:22.890] [main/DEBUG] [mixin/]: MixinPlatformAgentMinecraftForge rejected container SecureJarResource(dreadsteel)
[28Dec2025 23:05:22.890] [main/DEBUG] [mixin/]: Instancing new MixinPlatformAgentDefault for SecureJarResource(dreadsteel)
[28Dec2025 23:05:22.890] [main/DEBUG] [mixin/]: MixinPlatformAgentDefault accepted container SecureJarResource(dreadsteel)
[28Dec2025 23:05:22.891] [main/DEBUG] [mixin/]: Processing prepare() for PlatformAgent[MixinPlatformAgentDefault:SecureJarResource(dreadsteel)]
[28Dec2025 23:05:22.891] [main/DEBUG] [mixin/]: Adding mixin platform agents for container SecureJarResource(betteradvancements)
[28Dec2025 23:05:22.891] [main/DEBUG] [mixin/]: Instancing new MixinPlatformAgentMinecraftForge for SecureJarResource(betteradvancements)
[28Dec2025 23:05:22.891] [main/DEBUG] [mixin/]: MixinPlatformAgentMinecraftForge rejected container SecureJarResource(betteradvancements)
[28Dec2025 23:05:22.891] [main/DEBUG] [mixin/]: Instancing new MixinPlatformAgentDefault for SecureJarResource(betteradvancements)
[28Dec2025 23:05:22.891] [main/DEBUG] [mixin/]: MixinPlatformAgentDefault accepted container SecureJarResource(betteradvancements)
[28Dec2025 23:05:22.891] [main/DEBUG] [mixin/]: Processing prepare() for PlatformAgent[MixinPlatformAgentDefault:SecureJarResource(betteradvancements)]
[28Dec2025 23:05:22.891] [main/DEBUG] [mixin/]: Adding mixin platform agents for container SecureJarResource(majruszsaccessories)
[28Dec2025 23:05:22.891] [main/DEBUG] [mixin/]: Instancing new MixinPlatformAgentMinecraftForge for SecureJarResource(majruszsaccessories)
[28Dec2025 23:05:22.891] [main/DEBUG] [mixin/]: MixinPlatformAgentMinecraftForge rejected container SecureJarResource(majruszsaccessories)
[28Dec2025 23:05:22.891] [main/DEBUG] [mixin/]: Instancing new MixinPlatformAgentDefault for SecureJarResource(majruszsaccessories)
[28Dec2025 23:05:22.891] [main/DEBUG] [mixin/]: MixinPlatformAgentDefault accepted container SecureJarResource(majruszsaccessories)
[28Dec2025 23:05:22.891] [main/DEBUG] [mixin/]: Processing prepare() for PlatformAgent[MixinPlatformAgentDefault:SecureJarResource(majruszsaccessories)]
[28Dec2025 23:05:22.891] [main/DEBUG] [mixin/]: Registering mixin config: majruszsaccessories-common.mixins.json
[28Dec2025 23:05:22.891] [main/DEBUG] [mixin/]: Adding mixin platform agents for container SecureJarResource(bhmenu)
[28Dec2025 23:05:22.891] [main/DEBUG] [mixin/]: Instancing new MixinPlatformAgentMinecraftForge for SecureJarResource(bhmenu)
[28Dec2025 23:05:22.891] [main/DEBUG] [mixin/]: MixinPlatformAgentMinecraftForge rejected container SecureJarResource(bhmenu)
[28Dec2025 23:05:22.891] [main/DEBUG] [mixin/]: Instancing new MixinPlatformAgentDefault for SecureJarResource(bhmenu)
[28Dec2025 23:05:22.891] [main/DEBUG] [mixin/]: MixinPlatformAgentDefault accepted container SecureJarResource(bhmenu)
[28Dec2025 23:05:22.892] [main/DEBUG] [mixin/]: Processing prepare() for PlatformAgent[MixinPlatformAgentDefault:SecureJarResource(bhmenu)]
[28Dec2025 23:05:22.892] [main/DEBUG] [mixin/]: Registering mixin config: bhmenu.mixins.json
[28Dec2025 23:05:22.892] [main/DEBUG] [mixin/]: Compatibility level JAVA_16 specified by bhmenu.mixins.json is higher than the maximum level supported by this version of mixin (JAVA_13).
[28Dec2025 23:05:22.892] [main/DEBUG] [mixin/]: Adding mixin platform agents for container SecureJarResource(rhino)
[28Dec2025 23:05:22.892] [main/DEBUG] [mixin/]: Instancing new MixinPlatformAgentMinecraftForge for SecureJarResource(rhino)
[28Dec2025 23:05:22.892] [main/DEBUG] [mixin/]: MixinPlatformAgentMinecraftForge rejected container SecureJarResource(rhino)
[28Dec2025 23:05:22.892] [main/DEBUG] [mixin/]: Instancing new MixinPlatformAgentDefault for SecureJarResource(rhino)
[28Dec2025 23:05:22.892] [main/DEBUG] [mixin/]: MixinPlatformAgentDefault accepted container SecureJarResource(rhino)
[28Dec2025 23:05:22.892] [main/DEBUG] [mixin/]: Processing prepare() for PlatformAgent[MixinPlatformAgentDefault:SecureJarResource(rhino)]
[28Dec2025 23:05:22.892] [main/DEBUG] [mixin/]: Registering mixin config: rhino-common.mixins.json
[28Dec2025 23:05:22.893] [main/DEBUG] [mixin/]: Adding mixin platform agents for container SecureJarResource(trashslot)
[28Dec2025 23:05:22.893] [main/DEBUG] [mixin/]: Instancing new MixinPlatformAgentMinecraftForge for SecureJarResource(trashslot)
[28Dec2025 23:05:22.893] [main/DEBUG] [mixin/]: MixinPlatformAgentMinecraftForge rejected container SecureJarResource(trashslot)
[28Dec2025 23:05:22.893] [main/DEBUG] [mixin/]: Instancing new MixinPlatformAgentDefault for SecureJarResource(trashslot)
[28Dec2025 23:05:22.893] [main/DEBUG] [mixin/]: MixinPlatformAgentDefault accepted container SecureJarResource(trashslot)
[28Dec2025 23:05:22.893] [main/DEBUG] [mixin/]: Processing prepare() for PlatformAgent[MixinPlatformAgentDefault:SecureJarResource(trashslot)]
[28Dec2025 23:05:22.893] [main/DEBUG] [mixin/]: Adding mixin platform agents for container SecureJarResource(awesomedungeonend)
[28Dec2025 23:05:22.893] [main/DEBUG] [mixin/]: Instancing new MixinPlatformAgentMinecraftForge for SecureJarResource(awesomedungeonend)
[28Dec2025 23:05:22.893] [main/DEBUG] [mixin/]: MixinPlatformAgentMinecraftForge rejected container SecureJarResource(awesomedungeonend)
[28Dec2025 23:05:22.893] [main/DEBUG] [mixin/]: Instancing new MixinPlatformAgentDefault for SecureJarResource(awesomedungeonend)
[28Dec2025 23:05:22.893] [main/DEBUG] [mixin/]: MixinPlatformAgentDefault accepted container SecureJarResource(awesomedungeonend)
[28Dec2025 23:05:22.893] [main/DEBUG] [mixin/]: Processing prepare() for PlatformAgent[MixinPlatformAgentDefault:SecureJarResource(awesomedungeonend)]
[28Dec2025 23:05:22.893] [main/DEBUG] [mixin/]: Adding mixin platform agents for container SecureJarResource(octolib)
[28Dec2025 23:05:22.893] [main/DEBUG] [mixin/]: Instancing new MixinPlatformAgentMinecraftForge for SecureJarResource(octolib)
[28Dec2025 23:05:22.893] [main/DEBUG] [mixin/]: MixinPlatformAgentMinecraftForge rejected container SecureJarResource(octolib)
[28Dec2025 23:05:22.893] [main/DEBUG] [mixin/]: Instancing new MixinPlatformAgentDefault for SecureJarResource(octolib)
[28Dec2025 23:05:22.893] [main/DEBUG] [mixin/]: MixinPlatformAgentDefault accepted container SecureJarResource(octolib)
[28Dec2025 23:05:22.893] [main/DEBUG] [mixin/]: Processing prepare() for PlatformAgent[MixinPlatformAgentDefault:SecureJarResource(octolib)]
[28Dec2025 23:05:22.893] [main/DEBUG] [mixin/]: Registering mixin config: octolib.mixins.json
[28Dec2025 23:05:22.894] [main/DEBUG] [mixin/]: Compatibility level JAVA_8 specified by octolib.mixins.json is lower than the default level supported by the current mixin service (JAVA_16).
[28Dec2025 23:05:22.894] [main/DEBUG] [mixin/]: Adding mixin platform agents for container SecureJarResource(itemfilters)
[28Dec2025 23:05:22.894] [main/DEBUG] [mixin/]: Instancing new MixinPlatformAgentMinecraftForge for SecureJarResource(itemfilters)
[28Dec2025 23:05:22.894] [main/DEBUG] [mixin/]: MixinPlatformAgentMinecraftForge rejected container SecureJarResource(itemfilters)
[28Dec2025 23:05:22.894] [main/DEBUG] [mixin/]: Instancing new MixinPlatformAgentDefault for SecureJarResource(itemfilters)
[28Dec2025 23:05:22.894] [main/DEBUG] [mixin/]: MixinPlatformAgentDefault accepted container SecureJarResource(itemfilters)
[28Dec2025 23:05:22.894] [main/DEBUG] [mixin/]: Processing prepare() for PlatformAgent[MixinPlatformAgentDefault:SecureJarResource(itemfilters)]
[28Dec2025 23:05:22.894] [main/DEBUG] [mixin/]: Registering mixin config: itemfilters-common.mixins.json
[28Dec2025 23:05:22.894] [main/DEBUG] [mixin/]: Compatibility level JAVA_8 specified by itemfilters-common.mixins.json is lower than the default level supported by the current mixin service (JAVA_16).
[28Dec2025 23:05:22.895] [main/DEBUG] [mixin/]: Adding mixin platform agents for container SecureJarResource(hiccups_legacy)
[28Dec2025 23:05:22.895] [main/DEBUG] [mixin/]: Instancing new MixinPlatformAgentMinecraftForge for SecureJarResource(hiccups_legacy)
[28Dec2025 23:05:22.895] [main/DEBUG] [mixin/]: MixinPlatformAgentMinecraftForge rejected container SecureJarResource(hiccups_legacy)
[28Dec2025 23:05:22.895] [main/DEBUG] [mixin/]: Instancing new MixinPlatformAgentDefault for SecureJarResource(hiccups_legacy)
[28Dec2025 23:05:22.895] [main/DEBUG] [mixin/]: MixinPlatformAgentDefault accepted container SecureJarResource(hiccups_legacy)
[28Dec2025 23:05:22.895] [main/DEBUG] [mixin/]: Processing prepare() for PlatformAgent[MixinPlatformAgentDefault:SecureJarResource(hiccups_legacy)]
[28Dec2025 23:05:22.895] [main/DEBUG] [mixin/]: Adding mixin platform agents for container SecureJarResource(simplerpc)
[28Dec2025 23:05:22.895] [main/DEBUG] [mixin/]: Instancing new MixinPlatformAgentMinecraftForge for SecureJarResource(simplerpc)
[28Dec2025 23:05:22.895] [main/DEBUG] [mixin/]: MixinPlatformAgentMinecraftForge rejected container SecureJarResource(simplerpc)
[28Dec2025 23:05:22.895] [main/DEBUG] [mixin/]: Instancing new MixinPlatformAgentDefault for SecureJarResource(simplerpc)
[28Dec2025 23:05:22.895] [main/DEBUG] [mixin/]: MixinPlatformAgentDefault accepted container SecureJarResource(simplerpc)
[28Dec2025 23:05:22.895] [main/DEBUG] [mixin/]: Processing prepare() for PlatformAgent[MixinPlatformAgentDefault:SecureJarResource(simplerpc)]
[28Dec2025 23:05:22.895] [main/DEBUG] [mixin/]: Adding mixin platform agents for container SecureJarResource(obscure_api)
[28Dec2025 23:05:22.895] [main/DEBUG] [mixin/]: Instancing new MixinPlatformAgentMinecraftForge for SecureJarResource(obscure_api)
[28Dec2025 23:05:22.895] [main/DEBUG] [mixin/]: MixinPlatformAgentMinecraftForge rejected container SecureJarResource(obscure_api)
[28Dec2025 23:05:22.895] [main/DEBUG] [mixin/]: Instancing new MixinPlatformAgentDefault for SecureJarResource(obscure_api)
[28Dec2025 23:05:22.895] [main/DEBUG] [mixin/]: MixinPlatformAgentDefault accepted container SecureJarResource(obscure_api)
[28Dec2025 23:05:22.895] [main/DEBUG] [mixin/]: Processing prepare() for PlatformAgent[MixinPlatformAgentDefault:SecureJarResource(obscure_api)]
[28Dec2025 23:05:22.895] [main/DEBUG] [mixin/]: Registering mixin config: obscure_api.mixins.json
[28Dec2025 23:05:22.896] [main/DEBUG] [mixin/]: Adding mixin platform agents for container SecureJarResource(structorytowers)
[28Dec2025 23:05:22.896] [main/DEBUG] [mixin/]: Instancing new MixinPlatformAgentMinecraftForge for SecureJarResource(structorytowers)
[28Dec2025 23:05:22.896] [main/DEBUG] [mixin/]: MixinPlatformAgentMinecraftForge rejected container SecureJarResource(structorytowers)
[28Dec2025 23:05:22.896] [main/DEBUG] [mixin/]: Instancing new MixinPlatformAgentDefault for SecureJarResource(structorytowers)
[28Dec2025 23:05:22.896] [main/DEBUG] [mixin/]: MixinPlatformAgentDefault accepted container SecureJarResource(structorytowers)
[28Dec2025 23:05:22.896] [main/DEBUG] [mixin/]: Processing prepare() for PlatformAgent[MixinPlatformAgentDefault:SecureJarResource(structorytowers)]
[28Dec2025 23:05:22.896] [main/DEBUG] [mixin/]: Adding mixin platform agents for container SecureJarResource(waystones)
[28Dec2025 23:05:22.896] [main/DEBUG] [mixin/]: Instancing new MixinPlatformAgentMinecraftForge for SecureJarResource(waystones)
[28Dec2025 23:05:22.896] [main/DEBUG] [mixin/]: MixinPlatformAgentMinecraftForge rejected container SecureJarResource(waystones)
[28Dec2025 23:05:22.896] [main/DEBUG] [mixin/]: Instancing new MixinPlatformAgentDefault for SecureJarResource(waystones)
[28Dec2025 23:05:22.896] [main/DEBUG] [mixin/]: MixinPlatformAgentDefault accepted container SecureJarResource(waystones)
[28Dec2025 23:05:22.896] [main/DEBUG] [mixin/]: Processing prepare() for PlatformAgent[MixinPlatformAgentDefault:SecureJarResource(waystones)]
[28Dec2025 23:05:22.896] [main/DEBUG] [mixin/]: Registering mixin config: waystones.mixins.json
[28Dec2025 23:05:22.897] [main/DEBUG] [mixin/]: Adding mixin platform agents for container SecureJarResource(fantasyfurniture)
[28Dec2025 23:05:22.897] [main/DEBUG] [mixin/]: Instancing new MixinPlatformAgentMinecraftForge for SecureJarResource(fantasyfurniture)
[28Dec2025 23:05:22.897] [main/DEBUG] [mixin/]: MixinPlatformAgentMinecraftForge rejected container SecureJarResource(fantasyfurniture)
[28Dec2025 23:05:22.897] [main/DEBUG] [mixin/]: Instancing new MixinPlatformAgentDefault for SecureJarResource(fantasyfurniture)
[28Dec2025 23:05:22.897] [main/DEBUG] [mixin/]: MixinPlatformAgentDefault accepted container SecureJarResource(fantasyfurniture)
[28Dec2025 23:05:22.897] [main/DEBUG] [mixin/]: Processing prepare() for PlatformAgent[MixinPlatformAgentDefault:SecureJarResource(fantasyfurniture)]
[28Dec2025 23:05:22.897] [main/DEBUG] [mixin/]: Registering mixin config: fantasyfurniture.mixins.json
[28Dec2025 23:05:22.898] [main/DEBUG] [mixin/]: Adding mixin platform agents for container SecureJarResource(clumps)
[28Dec2025 23:05:22.898] [main/DEBUG] [mixin/]: Instancing new MixinPlatformAgentMinecraftForge for SecureJarResource(clumps)
[28Dec2025 23:05:22.898] [main/DEBUG] [mixin/]: MixinPlatformAgentMinecraftForge rejected container SecureJarResource(clumps)
[28Dec2025 23:05:22.898] [main/DEBUG] [mixin/]: Instancing new MixinPlatformAgentDefault for SecureJarResource(clumps)
[28Dec2025 23:05:22.898] [main/DEBUG] [mixin/]: MixinPlatformAgentDefault accepted container SecureJarResource(clumps)
[28Dec2025 23:05:22.898] [main/DEBUG] [mixin/]: Processing prepare() for PlatformAgent[MixinPlatformAgentDefault:SecureJarResource(clumps)]
[28Dec2025 23:05:22.898] [main/DEBUG] [mixin/]: Registering mixin config: clumps.mixins.json
[28Dec2025 23:05:22.899] [main/DEBUG] [mixin/]: Adding mixin platform agents for container SecureJarResource(structory)
[28Dec2025 23:05:22.899] [main/DEBUG] [mixin/]: Instancing new MixinPlatformAgentMinecraftForge for SecureJarResource(structory)
[28Dec2025 23:05:22.899] [main/DEBUG] [mixin/]: MixinPlatformAgentMinecraftForge rejected container SecureJarResource(structory)
[28Dec2025 23:05:22.899] [main/DEBUG] [mixin/]: Instancing new MixinPlatformAgentDefault for SecureJarResource(structory)
[28Dec2025 23:05:22.899] [main/DEBUG] [mixin/]: MixinPlatformAgentDefault accepted container SecureJarResource(structory)
[28Dec2025 23:05:22.899] [main/DEBUG] [mixin/]: Processing prepare() for PlatformAgent[MixinPlatformAgentDefault:SecureJarResource(structory)]
[28Dec2025 23:05:22.899] [main/DEBUG] [mixin/]: Adding mixin platform agents for container SecureJarResource(comforts)
[28Dec2025 23:05:22.899] [main/DEBUG] [mixin/]: Instancing new MixinPlatformAgentMinecraftForge for SecureJarResource(comforts)
[28Dec2025 23:05:22.899] [main/DEBUG] [mixin/]: MixinPlatformAgentMinecraftForge rejected container SecureJarResource(comforts)
[28Dec2025 23:05:22.899] [main/DEBUG] [mixin/]: Instancing new MixinPlatformAgentDefault for SecureJarResource(comforts)
[28Dec2025 23:05:22.899] [main/DEBUG] [mixin/]: MixinPlatformAgentDefault accepted container SecureJarResource(comforts)
[28Dec2025 23:05:22.899] [main/DEBUG] [mixin/]: Processing prepare() for PlatformAgent[MixinPlatformAgentDefault:SecureJarResource(comforts)]
[28Dec2025 23:05:22.899] [main/DEBUG] [mixin/]: Registering mixin config: comforts.mixins.json
[28Dec2025 23:05:22.900] [main/DEBUG] [mixin/]: Adding mixin platform agents for container SecureJarResource(decorative_blocks)
[28Dec2025 23:05:22.900] [main/DEBUG] [mixin/]: Instancing new MixinPlatformAgentMinecraftForge for SecureJarResource(decorative_blocks)
[28Dec2025 23:05:22.900] [main/DEBUG] [mixin/]: MixinPlatformAgentMinecraftForge rejected container SecureJarResource(decorative_blocks)
[28Dec2025 23:05:22.900] [main/DEBUG] [mixin/]: Instancing new MixinPlatformAgentDefault for SecureJarResource(decorative_blocks)
[28Dec2025 23:05:22.900] [main/DEBUG] [mixin/]: MixinPlatformAgentDefault accepted container SecureJarResource(decorative_blocks)
[28Dec2025 23:05:22.900] [main/DEBUG] [mixin/]: Processing prepare() for PlatformAgent[MixinPlatformAgentDefault:SecureJarResource(decorative_blocks)]
[28Dec2025 23:05:22.900] [main/DEBUG] [mixin/]: Registering mixin config: decorative_blocks.mixins.json
[28Dec2025 23:05:22.900] [main/DEBUG] [mixin/]: Adding mixin platform agents for container SecureJarResource(enigmaticaddons)
[28Dec2025 23:05:22.900] [main/DEBUG] [mixin/]: Instancing new MixinPlatformAgentMinecraftForge for SecureJarResource(enigmaticaddons)
[28Dec2025 23:05:22.901] [main/DEBUG] [mixin/]: MixinPlatformAgentMinecraftForge rejected container SecureJarResource(enigmaticaddons)
[28Dec2025 23:05:22.901] [main/DEBUG] [mixin/]: Instancing new MixinPlatformAgentDefault for SecureJarResource(enigmaticaddons)
[28Dec2025 23:05:22.901] [main/DEBUG] [mixin/]: MixinPlatformAgentDefault accepted container SecureJarResource(enigmaticaddons)
[28Dec2025 23:05:22.901] [main/DEBUG] [mixin/]: Processing prepare() for PlatformAgent[MixinPlatformAgentDefault:SecureJarResource(enigmaticaddons)]
[28Dec2025 23:05:22.901] [main/DEBUG] [mixin/]: Registering mixin config: enigmaticaddons.mixins.json
[28Dec2025 23:05:22.901] [main/DEBUG] [mixin/]: Adding mixin platform agents for container SecureJarResource(myserveriscompatible)
[28Dec2025 23:05:22.901] [main/DEBUG] [mixin/]: Instancing new MixinPlatformAgentMinecraftForge for SecureJarResource(myserveriscompatible)
[28Dec2025 23:05:22.901] [main/DEBUG] [mixin/]: MixinPlatformAgentMinecraftForge rejected container SecureJarResource(myserveriscompatible)
[28Dec2025 23:05:22.901] [main/DEBUG] [mixin/]: Instancing new MixinPlatformAgentDefault for SecureJarResource(myserveriscompatible)
[28Dec2025 23:05:22.901] [main/DEBUG] [mixin/]: MixinPlatformAgentDefault accepted container SecureJarResource(myserveriscompatible)
[28Dec2025 23:05:22.901] [main/DEBUG] [mixin/]: Processing prepare() for PlatformAgent[MixinPlatformAgentDefault:SecureJarResource(myserveriscompatible)]
[28Dec2025 23:05:22.901] [main/DEBUG] [mixin/]: Registering mixin config: myserveriscompatible.mixins.json
[28Dec2025 23:05:22.902] [main/DEBUG] [mixin/]: Adding mixin platform agents for container SecureJarResource(dungeoncrawl)
[28Dec2025 23:05:22.902] [main/DEBUG] [mixin/]: Instancing new MixinPlatformAgentMinecraftForge for SecureJarResource(dungeoncrawl)
[28Dec2025 23:05:22.902] [main/DEBUG] [mixin/]: MixinPlatformAgentMinecraftForge rejected container SecureJarResource(dungeoncrawl)
[28Dec2025 23:05:22.902] [main/DEBUG] [mixin/]: Instancing new MixinPlatformAgentDefault for SecureJarResource(dungeoncrawl)
[28Dec2025 23:05:22.902] [main/DEBUG] [mixin/]: MixinPlatformAgentDefault accepted container SecureJarResource(dungeoncrawl)
[28Dec2025 23:05:22.902] [main/DEBUG] [mixin/]: Processing prepare() for PlatformAgent[MixinPlatformAgentDefault:SecureJarResource(dungeoncrawl)]
[28Dec2025 23:05:22.902] [main/DEBUG] [mixin/]: Adding mixin platform agents for container SecureJarResource(badmobs)
[28Dec2025 23:05:22.902] [main/DEBUG] [mixin/]: Instancing new MixinPlatformAgentMinecraftForge for SecureJarResource(badmobs)
[28Dec2025 23:05:22.902] [main/DEBUG] [mixin/]: MixinPlatformAgentMinecraftForge rejected container SecureJarResource(badmobs)
[28Dec2025 23:05:22.902] [main/DEBUG] [mixin/]: Instancing new MixinPlatformAgentDefault for SecureJarResource(badmobs)
[28Dec2025 23:05:22.902] [main/DEBUG] [mixin/]: MixinPlatformAgentDefault accepted container SecureJarResource(badmobs)
[28Dec2025 23:05:22.902] [main/DEBUG] [mixin/]: Processing prepare() for PlatformAgent[MixinPlatformAgentDefault:SecureJarResource(badmobs)]
[28Dec2025 23:05:22.902] [main/DEBUG] [mixin/]: Adding mixin platform agents for container SecureJarResource(knightlib)
[28Dec2025 23:05:22.902] [main/DEBUG] [mixin/]: Instancing new MixinPlatformAgentMinecraftForge for SecureJarResource(knightlib)
[28Dec2025 23:05:22.902] [main/DEBUG] [mixin/]: MixinPlatformAgentMinecraftForge rejected container SecureJarResource(knightlib)
[28Dec2025 23:05:22.902] [main/DEBUG] [mixin/]: Instancing new MixinPlatformAgentDefault for SecureJarResource(knightlib)
[28Dec2025 23:05:22.902] [main/DEBUG] [mixin/]: MixinPlatformAgentDefault accepted container SecureJarResource(knightlib)
[28Dec2025 23:05:22.902] [main/DEBUG] [mixin/]: Processing prepare() for PlatformAgent[MixinPlatformAgentDefault:SecureJarResource(knightlib)]
[28Dec2025 23:05:22.902] [main/DEBUG] [mixin/]: Adding mixin platform agents for container SecureJarResource(lazydfu)
[28Dec2025 23:05:22.902] [main/DEBUG] [mixin/]: Instancing new MixinPlatformAgentMinecraftForge for SecureJarResource(lazydfu)
[28Dec2025 23:05:22.902] [main/DEBUG] [mixin/]: MixinPlatformAgentMinecraftForge rejected container SecureJarResource(lazydfu)
[28Dec2025 23:05:22.902] [main/DEBUG] [mixin/]: Instancing new MixinPlatformAgentDefault for SecureJarResource(lazydfu)
[28Dec2025 23:05:22.902] [main/DEBUG] [mixin/]: MixinPlatformAgentDefault accepted container SecureJarResource(lazydfu)
[28Dec2025 23:05:22.902] [main/DEBUG] [mixin/]: Processing prepare() for PlatformAgent[MixinPlatformAgentDefault:SecureJarResource(lazydfu)]
[28Dec2025 23:05:22.902] [main/DEBUG] [mixin/]: Registering mixin config: lazydfu.mixins.json
[28Dec2025 23:05:22.903] [main/DEBUG] [mixin/]: Compatibility level JAVA_16 specified by lazydfu.mixins.json is higher than the maximum level supported by this version of mixin (JAVA_13).
[28Dec2025 23:05:22.903] [main/DEBUG] [mixin/]: Adding mixin platform agents for container SecureJarResource(explorerscompass)
[28Dec2025 23:05:22.903] [main/DEBUG] [mixin/]: Instancing new MixinPlatformAgentMinecraftForge for SecureJarResource(explorerscompass)
[28Dec2025 23:05:22.903] [main/DEBUG] [mixin/]: MixinPlatformAgentMinecraftForge rejected container SecureJarResource(explorerscompass)
[28Dec2025 23:05:22.903] [main/DEBUG] [mixin/]: Instancing new MixinPlatformAgentDefault for SecureJarResource(explorerscompass)
[28Dec2025 23:05:22.903] [main/DEBUG] [mixin/]: MixinPlatformAgentDefault accepted container SecureJarResource(explorerscompass)
[28Dec2025 23:05:22.903] [main/DEBUG] [mixin/]: Processing prepare() for PlatformAgent[MixinPlatformAgentDefault:SecureJarResource(explorerscompass)]
[28Dec2025 23:05:22.903] [main/DEBUG] [mixin/]: Adding mixin platform agents for container SecureJarResource(betterdeserttemples)
[28Dec2025 23:05:22.903] [main/DEBUG] [mixin/]: Instancing new MixinPlatformAgentMinecraftForge for SecureJarResource(betterdeserttemples)
[28Dec2025 23:05:22.903] [main/DEBUG] [mixin/]: MixinPlatformAgentMinecraftForge rejected container SecureJarResource(betterdeserttemples)
[28Dec2025 23:05:22.903] [main/DEBUG] [mixin/]: Instancing new MixinPlatformAgentDefault for SecureJarResource(betterdeserttemples)
[28Dec2025 23:05:22.903] [main/DEBUG] [mixin/]: MixinPlatformAgentDefault accepted container SecureJarResource(betterdeserttemples)
[28Dec2025 23:05:22.903] [main/DEBUG] [mixin/]: Processing prepare() for PlatformAgent[MixinPlatformAgentDefault:SecureJarResource(betterdeserttemples)]
[28Dec2025 23:05:22.903] [main/DEBUG] [mixin/]: Registering mixin config: betterdeserttemples.mixins.json
[28Dec2025 23:05:22.904] [main/DEBUG] [mixin/]: Registering mixin config: betterdeserttemples_forge.mixins.json
[28Dec2025 23:05:22.904] [main/DEBUG] [mixin/]: Adding mixin platform agents for container SecureJarResource(bosses_of_mass_destruction)
[28Dec2025 23:05:22.904] [main/DEBUG] [mixin/]: Instancing new MixinPlatformAgentMinecraftForge for SecureJarResource(bosses_of_mass_destruction)
[28Dec2025 23:05:22.904] [main/DEBUG] [mixin/]: MixinPlatformAgentMinecraftForge rejected container SecureJarResource(bosses_of_mass_destruction)
[28Dec2025 23:05:22.905] [main/DEBUG] [mixin/]: Instancing new MixinPlatformAgentDefault for SecureJarResource(bosses_of_mass_destruction)
[28Dec2025 23:05:22.905] [main/DEBUG] [mixin/]: MixinPlatformAgentDefault accepted container SecureJarResource(bosses_of_mass_destruction)
[28Dec2025 23:05:22.905] [main/DEBUG] [mixin/]: Processing prepare() for PlatformAgent[MixinPlatformAgentDefault:SecureJarResource(bosses_of_mass_destruction)]
[28Dec2025 23:05:22.905] [main/DEBUG] [mixin/]: Registering mixin config: mixins.bosses_of_mass_destruction.json
[28Dec2025 23:05:22.905] [main/DEBUG] [mixin/]: Adding mixin platform agents for container SecureJarResource(blueprint)
[28Dec2025 23:05:22.905] [main/DEBUG] [mixin/]: Instancing new MixinPlatformAgentMinecraftForge for SecureJarResource(blueprint)
[28Dec2025 23:05:22.905] [main/DEBUG] [mixin/]: MixinPlatformAgentMinecraftForge rejected container SecureJarResource(blueprint)
[28Dec2025 23:05:22.905] [main/DEBUG] [mixin/]: Instancing new MixinPlatformAgentDefault for SecureJarResource(blueprint)
[28Dec2025 23:05:22.905] [main/DEBUG] [mixin/]: MixinPlatformAgentDefault accepted container SecureJarResource(blueprint)
[28Dec2025 23:05:22.905] [main/DEBUG] [mixin/]: Processing prepare() for PlatformAgent[MixinPlatformAgentDefault:SecureJarResource(blueprint)]
[28Dec2025 23:05:22.905] [main/DEBUG] [mixin/]: Registering mixin config: blueprint.mixins.json
[28Dec2025 23:05:22.906] [main/DEBUG] [mixin/]: Adding mixin platform agents for container SecureJarResource(azurelib)
[28Dec2025 23:05:22.906] [main/DEBUG] [mixin/]: Instancing new MixinPlatformAgentMinecraftForge for SecureJarResource(azurelib)
[28Dec2025 23:05:22.906] [main/DEBUG] [mixin/]: MixinPlatformAgentMinecraftForge rejected container SecureJarResource(azurelib)
[28Dec2025 23:05:22.906] [main/DEBUG] [mixin/]: Instancing new MixinPlatformAgentDefault for SecureJarResource(azurelib)
[28Dec2025 23:05:22.906] [main/DEBUG] [mixin/]: MixinPlatformAgentDefault accepted container SecureJarResource(azurelib)
[28Dec2025 23:05:22.906] [main/DEBUG] [mixin/]: Processing prepare() for PlatformAgent[MixinPlatformAgentDefault:SecureJarResource(azurelib)]
[28Dec2025 23:05:22.906] [main/DEBUG] [mixin/]: Registering mixin config: azurelib.mixins.json
[28Dec2025 23:05:22.907] [main/ERROR] [mixin/]: Mixin config azurelib.mixins.json does not specify "minVersion" property
[28Dec2025 23:05:22.907] [main/DEBUG] [mixin/]: Adding mixin platform agents for container SecureJarResource(dungeons_andtaverns_mr)
[28Dec2025 23:05:22.907] [main/DEBUG] [mixin/]: Instancing new MixinPlatformAgentMinecraftForge for SecureJarResource(dungeons_andtaverns_mr)
[28Dec2025 23:05:22.907] [main/DEBUG] [mixin/]: MixinPlatformAgentMinecraftForge rejected container SecureJarResource(dungeons_andtaverns_mr)
[28Dec2025 23:05:22.907] [main/DEBUG] [mixin/]: Instancing new MixinPlatformAgentDefault for SecureJarResource(dungeons_andtaverns_mr)
[28Dec2025 23:05:22.907] [main/DEBUG] [mixin/]: MixinPlatformAgentDefault accepted container SecureJarResource(dungeons_andtaverns_mr)
[28Dec2025 23:05:22.907] [main/DEBUG] [mixin/]: Processing prepare() for PlatformAgent[MixinPlatformAgentDefault:SecureJarResource(dungeons_andtaverns_mr)]
[28Dec2025 23:05:22.907] [main/DEBUG] [mixin/]: Adding mixin platform agents for container SecureJarResource(ftbchunks)
[28Dec2025 23:05:22.907] [main/DEBUG] [mixin/]: Instancing new MixinPlatformAgentMinecraftForge for SecureJarResource(ftbchunks)
[28Dec2025 23:05:22.907] [main/DEBUG] [mixin/]: MixinPlatformAgentMinecraftForge rejected container SecureJarResource(ftbchunks)
[28Dec2025 23:05:22.907] [main/DEBUG] [mixin/]: Instancing new MixinPlatformAgentDefault for SecureJarResource(ftbchunks)
[28Dec2025 23:05:22.907] [main/DEBUG] [mixin/]: MixinPlatformAgentDefault accepted container SecureJarResource(ftbchunks)
[28Dec2025 23:05:22.907] [main/DEBUG] [mixin/]: Processing prepare() for PlatformAgent[MixinPlatformAgentDefault:SecureJarResource(ftbchunks)]
[28Dec2025 23:05:22.907] [main/DEBUG] [mixin/]: Registering mixin config: ftbchunks-common.mixins.json
[28Dec2025 23:05:22.908] [main/DEBUG] [mixin/]: Adding mixin platform agents for container SecureJarResource(travelerstitles)
[28Dec2025 23:05:22.909] [main/DEBUG] [mixin/]: Instancing new MixinPlatformAgentMinecraftForge for SecureJarResource(travelerstitles)
[28Dec2025 23:05:22.909] [main/DEBUG] [mixin/]: MixinPlatformAgentMinecraftForge rejected container SecureJarResource(travelerstitles)
[28Dec2025 23:05:22.909] [main/DEBUG] [mixin/]: Instancing new MixinPlatformAgentDefault for SecureJarResource(travelerstitles)
[28Dec2025 23:05:22.909] [main/DEBUG] [mixin/]: MixinPlatformAgentDefault accepted container SecureJarResource(travelerstitles)
[28Dec2025 23:05:22.909] [main/DEBUG] [mixin/]: Processing prepare() for PlatformAgent[MixinPlatformAgentDefault:SecureJarResource(travelerstitles)]
[28Dec2025 23:05:22.909] [main/DEBUG] [mixin/]: Registering mixin config: travelerstitles.mixins.json
[28Dec2025 23:05:22.909] [main/DEBUG] [mixin/]: Registering mixin config: travelerstitles_forge.mixins.json
[28Dec2025 23:05:22.910] [main/DEBUG] [mixin/]: Adding mixin platform agents for container SecureJarResource(toofast)
[28Dec2025 23:05:22.910] [main/DEBUG] [mixin/]: Instancing new MixinPlatformAgentMinecraftForge for SecureJarResource(toofast)
[28Dec2025 23:05:22.910] [main/DEBUG] [mixin/]: MixinPlatformAgentMinecraftForge rejected container SecureJarResource(toofast)
[28Dec2025 23:05:22.910] [main/DEBUG] [mixin/]: Instancing new MixinPlatformAgentDefault for SecureJarResource(toofast)
[28Dec2025 23:05:22.910] [main/DEBUG] [mixin/]: MixinPlatformAgentDefault accepted container SecureJarResource(toofast)
[28Dec2025 23:05:22.910] [main/DEBUG] [mixin/]: Processing prepare() for PlatformAgent[MixinPlatformAgentDefault:SecureJarResource(toofast)]
[28Dec2025 23:05:22.910] [main/DEBUG] [mixin/]: Registering mixin config: toofast.mixins.json
[28Dec2025 23:05:22.911] [main/DEBUG] [mixin/]: Compatibility level JAVA_8 specified by toofast.mixins.json is lower than the default level supported by the current mixin service (JAVA_16).
[28Dec2025 23:05:22.911] [main/DEBUG] [mixin/]: Adding mixin platform agents for container SecureJarResource(raided)
[28Dec2025 23:05:22.911] [main/DEBUG] [mixin/]: Instancing new MixinPlatformAgentMinecraftForge for SecureJarResource(raided)
[28Dec2025 23:05:22.911] [main/DEBUG] [mixin/]: MixinPlatformAgentMinecraftForge rejected container SecureJarResource(raided)
[28Dec2025 23:05:22.911] [main/DEBUG] [mixin/]: Instancing new MixinPlatformAgentDefault for SecureJarResource(raided)
[28Dec2025 23:05:22.911] [main/DEBUG] [mixin/]: MixinPlatformAgentDefault accepted container SecureJarResource(raided)
[28Dec2025 23:05:22.911] [main/DEBUG] [mixin/]: Processing prepare() for PlatformAgent[MixinPlatformAgentDefault:SecureJarResource(raided)]
[28Dec2025 23:05:22.911] [main/DEBUG] [mixin/]: Adding mixin platform agents for container SecureJarResource(meetyourfight)
[28Dec2025 23:05:22.911] [main/DEBUG] [mixin/]: Instancing new MixinPlatformAgentMinecraftForge for SecureJarResource(meetyourfight)
[28Dec2025 23:05:22.911] [main/DEBUG] [mixin/]: MixinPlatformAgentMinecraftForge rejected container SecureJarResource(meetyourfight)
[28Dec2025 23:05:22.911] [main/DEBUG] [mixin/]: Instancing new MixinPlatformAgentDefault for SecureJarResource(meetyourfight)
[28Dec2025 23:05:22.911] [main/DEBUG] [mixin/]: MixinPlatformAgentDefault accepted container SecureJarResource(meetyourfight)
[28Dec2025 23:05:22.911] [main/DEBUG] [mixin/]: Processing prepare() for PlatformAgent[MixinPlatformAgentDefault:SecureJarResource(meetyourfight)]
[28Dec2025 23:05:22.911] [main/DEBUG] [mixin/]: Adding mixin platform agents for container SecureJarResource(enchdesc)
[28Dec2025 23:05:22.911] [main/DEBUG] [mixin/]: Instancing new MixinPlatformAgentMinecraftForge for SecureJarResource(enchdesc)
[28Dec2025 23:05:22.911] [main/DEBUG] [mixin/]: MixinPlatformAgentMinecraftForge rejected container SecureJarResource(enchdesc)
[28Dec2025 23:05:22.911] [main/DEBUG] [mixin/]: Instancing new MixinPlatformAgentDefault for SecureJarResource(enchdesc)
[28Dec2025 23:05:22.911] [main/DEBUG] [mixin/]: MixinPlatformAgentDefault accepted container SecureJarResource(enchdesc)
[28Dec2025 23:05:22.911] [main/DEBUG] [mixin/]: Processing prepare() for PlatformAgent[MixinPlatformAgentDefault:SecureJarResource(enchdesc)]
[28Dec2025 23:05:22.912] [main/DEBUG] [mixin/]: Adding mixin platform agents for container SecureJarResource(simplyswords)
[28Dec2025 23:05:22.912] [main/DEBUG] [mixin/]: Instancing new MixinPlatformAgentMinecraftForge for SecureJarResource(simplyswords)
[28Dec2025 23:05:22.912] [main/DEBUG] [mixin/]: MixinPlatformAgentMinecraftForge rejected container SecureJarResource(simplyswords)
[28Dec2025 23:05:22.912] [main/DEBUG] [mixin/]: Instancing new MixinPlatformAgentDefault for SecureJarResource(simplyswords)
[28Dec2025 23:05:22.912] [main/DEBUG] [mixin/]: MixinPlatformAgentDefault accepted container SecureJarResource(simplyswords)
[28Dec2025 23:05:22.912] [main/DEBUG] [mixin/]: Processing prepare() for PlatformAgent[MixinPlatformAgentDefault:SecureJarResource(simplyswords)]
[28Dec2025 23:05:22.912] [main/DEBUG] [mixin/]: Registering mixin config: simplyswords-common.mixins.json
[28Dec2025 23:05:22.912] [main/DEBUG] [mixin/]: Registering mixin config: simplyswords.mixins.json
[28Dec2025 23:05:22.913] [main/DEBUG] [mixin/]: Adding mixin platform agents for container SecureJarResource(moonlight)
[28Dec2025 23:05:22.913] [main/DEBUG] [mixin/]: Instancing new MixinPlatformAgentMinecraftForge for SecureJarResource(moonlight)
[28Dec2025 23:05:22.913] [main/DEBUG] [mixin/]: MixinPlatformAgentMinecraftForge rejected container SecureJarResource(moonlight)
[28Dec2025 23:05:22.913] [main/DEBUG] [mixin/]: Instancing new MixinPlatformAgentDefault for SecureJarResource(moonlight)
[28Dec2025 23:05:22.913] [main/DEBUG] [mixin/]: MixinPlatformAgentDefault accepted container SecureJarResource(moonlight)
[28Dec2025 23:05:22.913] [main/DEBUG] [mixin/]: Processing prepare() for PlatformAgent[MixinPlatformAgentDefault:SecureJarResource(moonlight)]
[28Dec2025 23:05:22.913] [main/DEBUG] [mixin/]: Registering mixin config: moonlight-common.mixins.json
[28Dec2025 23:05:22.914] [main/DEBUG] [mixin/]: Registering mixin config: moonlight.mixins.json
[28Dec2025 23:05:22.915] [main/DEBUG] [mixin/]: Adding mixin platform agents for container SecureJarResource(eccentrictome)
[28Dec2025 23:05:22.915] [main/DEBUG] [mixin/]: Instancing new MixinPlatformAgentMinecraftForge for SecureJarResource(eccentrictome)
[28Dec2025 23:05:22.915] [main/DEBUG] [mixin/]: MixinPlatformAgentMinecraftForge rejected container SecureJarResource(eccentrictome)
[28Dec2025 23:05:22.915] [main/DEBUG] [mixin/]: Instancing new MixinPlatformAgentDefault for SecureJarResource(eccentrictome)
[28Dec2025 23:05:22.915] [main/DEBUG] [mixin/]: MixinPlatformAgentDefault accepted container SecureJarResource(eccentrictome)
[28Dec2025 23:05:22.915] [main/DEBUG] [mixin/]: Processing prepare() for PlatformAgent[MixinPlatformAgentDefault:SecureJarResource(eccentrictome)]
[28Dec2025 23:05:22.915] [main/DEBUG] [mixin/]: Adding mixin platform agents for container SecureJarResource(itemstages)
[28Dec2025 23:05:22.915] [main/DEBUG] [mixin/]: Instancing new MixinPlatformAgentMinecraftForge for SecureJarResource(itemstages)
[28Dec2025 23:05:22.915] [main/DEBUG] [mixin/]: MixinPlatformAgentMinecraftForge rejected container SecureJarResource(itemstages)
[28Dec2025 23:05:22.915] [main/DEBUG] [mixin/]: Instancing new MixinPlatformAgentDefault for SecureJarResource(itemstages)
[28Dec2025 23:05:22.915] [main/DEBUG] [mixin/]: MixinPlatformAgentDefault accepted container SecureJarResource(itemstages)
[28Dec2025 23:05:22.915] [main/DEBUG] [mixin/]: Processing prepare() for PlatformAgent[MixinPlatformAgentDefault:SecureJarResource(itemstages)]
[28Dec2025 23:05:22.915] [main/DEBUG] [mixin/]: Adding mixin platform agents for container SecureJarResource(jade)
[28Dec2025 23:05:22.915] [main/DEBUG] [mixin/]: Instancing new MixinPlatformAgentMinecraftForge for SecureJarResource(jade)
[28Dec2025 23:05:22.915] [main/DEBUG] [mixin/]: MixinPlatformAgentMinecraftForge rejected container SecureJarResource(jade)
[28Dec2025 23:05:22.915] [main/DEBUG] [mixin/]: Instancing new MixinPlatformAgentDefault for SecureJarResource(jade)
[28Dec2025 23:05:22.915] [main/DEBUG] [mixin/]: MixinPlatformAgentDefault accepted container SecureJarResource(jade)
[28Dec2025 23:05:22.915] [main/DEBUG] [mixin/]: Processing prepare() for PlatformAgent[MixinPlatformAgentDefault:SecureJarResource(jade)]
[28Dec2025 23:05:22.915] [main/DEBUG] [mixin/]: Adding mixin platform agents for container SecureJarResource(cisco_mod)
[28Dec2025 23:05:22.915] [main/DEBUG] [mixin/]: Instancing new MixinPlatformAgentMinecraftForge for SecureJarResource(cisco_mod)
[28Dec2025 23:05:22.915] [main/DEBUG] [mixin/]: MixinPlatformAgentMinecraftForge rejected container SecureJarResource(cisco_mod)
[28Dec2025 23:05:22.915] [main/DEBUG] [mixin/]: Instancing new MixinPlatformAgentDefault for SecureJarResource(cisco_mod)
[28Dec2025 23:05:22.915] [main/DEBUG] [mixin/]: MixinPlatformAgentDefault accepted container SecureJarResource(cisco_mod)
[28Dec2025 23:05:22.915] [main/DEBUG] [mixin/]: Processing prepare() for PlatformAgent[MixinPlatformAgentDefault:SecureJarResource(cisco_mod)]
[28Dec2025 23:05:22.915] [main/DEBUG] [mixin/]: Adding mixin platform agents for container SecureJarResource(culllessleaves)
[28Dec2025 23:05:22.915] [main/DEBUG] [mixin/]: Instancing new MixinPlatformAgentMinecraftForge for SecureJarResource(culllessleaves)
[28Dec2025 23:05:22.915] [main/DEBUG] [mixin/]: MixinPlatformAgentMinecraftForge rejected container SecureJarResource(culllessleaves)
[28Dec2025 23:05:22.915] [main/DEBUG] [mixin/]: Instancing new MixinPlatformAgentDefault for SecureJarResource(culllessleaves)
[28Dec2025 23:05:22.915] [main/DEBUG] [mixin/]: MixinPlatformAgentDefault accepted container SecureJarResource(culllessleaves)
[28Dec2025 23:05:22.915] [main/DEBUG] [mixin/]: Processing prepare() for PlatformAgent[MixinPlatformAgentDefault:SecureJarResource(culllessleaves)]
[28Dec2025 23:05:22.915] [main/DEBUG] [mixin/]: Registering mixin config: cull-less-leaves.mixins.json
[28Dec2025 23:05:22.916] [main/DEBUG] [mixin/]: Adding mixin platform agents for container SecureJarResource(hoporp)
[28Dec2025 23:05:22.916] [main/DEBUG] [mixin/]: Instancing new MixinPlatformAgentMinecraftForge for SecureJarResource(hoporp)
[28Dec2025 23:05:22.916] [main/DEBUG] [mixin/]: MixinPlatformAgentMinecraftForge rejected container SecureJarResource(hoporp)
[28Dec2025 23:05:22.916] [main/DEBUG] [mixin/]: Instancing new MixinPlatformAgentDefault for SecureJarResource(hoporp)
[28Dec2025 23:05:22.916] [main/DEBUG] [mixin/]: MixinPlatformAgentDefault accepted container SecureJarResource(hoporp)
[28Dec2025 23:05:22.916] [main/DEBUG] [mixin/]: Processing prepare() for PlatformAgent[MixinPlatformAgentDefault:SecureJarResource(hoporp)]
[28Dec2025 23:05:22.916] [main/DEBUG] [mixin/]: Adding mixin platform agents for container SecureJarResource(forbidden_arcanus)
[28Dec2025 23:05:22.916] [main/DEBUG] [mixin/]: Instancing new MixinPlatformAgentMinecraftForge for SecureJarResource(forbidden_arcanus)
[28Dec2025 23:05:22.916] [main/DEBUG] [mixin/]: MixinPlatformAgentMinecraftForge rejected container SecureJarResource(forbidden_arcanus)
[28Dec2025 23:05:22.916] [main/DEBUG] [mixin/]: Instancing new MixinPlatformAgentDefault for SecureJarResource(forbidden_arcanus)
[28Dec2025 23:05:22.916] [main/DEBUG] [mixin/]: MixinPlatformAgentDefault accepted container SecureJarResource(forbidden_arcanus)
[28Dec2025 23:05:22.916] [main/DEBUG] [mixin/]: Processing prepare() for PlatformAgent[MixinPlatformAgentDefault:SecureJarResource(forbidden_arcanus)]
[28Dec2025 23:05:22.916] [main/DEBUG] [mixin/]: Registering mixin config: forbidden_arcanus.mixins.json
[28Dec2025 23:05:22.917] [main/DEBUG] [mixin/]: Compatibility level JAVA_16 specified by forbidden_arcanus.mixins.json is higher than the maximum level supported by this version of mixin (JAVA_13).
[28Dec2025 23:05:22.917] [main/DEBUG] [mixin/]: Adding mixin platform agents for container SecureJarResource(nethersdelight)
[28Dec2025 23:05:22.917] [main/DEBUG] [mixin/]: Instancing new MixinPlatformAgentMinecraftForge for SecureJarResource(nethersdelight)
[28Dec2025 23:05:22.917] [main/DEBUG] [mixin/]: MixinPlatformAgentMinecraftForge rejected container SecureJarResource(nethersdelight)
[28Dec2025 23:05:22.917] [main/DEBUG] [mixin/]: Instancing new MixinPlatformAgentDefault for SecureJarResource(nethersdelight)
[28Dec2025 23:05:22.917] [main/DEBUG] [mixin/]: MixinPlatformAgentDefault accepted container SecureJarResource(nethersdelight)
[28Dec2025 23:05:22.917] [main/DEBUG] [mixin/]: Processing prepare() for PlatformAgent[MixinPlatformAgentDefault:SecureJarResource(nethersdelight)]
[28Dec2025 23:05:22.917] [main/DEBUG] [mixin/]: Registering mixin config: nethersdelight.mixins.json
[28Dec2025 23:05:22.917] [main/DEBUG] [mixin/]: Adding mixin platform agents for container SecureJarResource(smoothboot)
[28Dec2025 23:05:22.917] [main/DEBUG] [mixin/]: Instancing new MixinPlatformAgentMinecraftForge for SecureJarResource(smoothboot)
[28Dec2025 23:05:22.917] [main/DEBUG] [mixin/]: MixinPlatformAgentMinecraftForge rejected container SecureJarResource(smoothboot)
[28Dec2025 23:05:22.918] [main/DEBUG] [mixin/]: Instancing new MixinPlatformAgentDefault for SecureJarResource(smoothboot)
[28Dec2025 23:05:22.918] [main/DEBUG] [mixin/]: MixinPlatformAgentDefault accepted container SecureJarResource(smoothboot)
[28Dec2025 23:05:22.918] [main/DEBUG] [mixin/]: Processing prepare() for PlatformAgent[MixinPlatformAgentDefault:SecureJarResource(smoothboot)]
[28Dec2025 23:05:22.918] [main/DEBUG] [mixin/]: Registering mixin config: smoothboot.mixins.json
[28Dec2025 23:05:22.918] [main/DEBUG] [mixin/]: Adding mixin platform agents for container SecureJarResource(skilltree)
[28Dec2025 23:05:22.918] [main/DEBUG] [mixin/]: Instancing new MixinPlatformAgentMinecraftForge for SecureJarResource(skilltree)
[28Dec2025 23:05:22.918] [main/DEBUG] [mixin/]: MixinPlatformAgentMinecraftForge rejected container SecureJarResource(skilltree)
[28Dec2025 23:05:22.918] [main/DEBUG] [mixin/]: Instancing new MixinPlatformAgentDefault for SecureJarResource(skilltree)
[28Dec2025 23:05:22.918] [main/DEBUG] [mixin/]: MixinPlatformAgentDefault accepted container SecureJarResource(skilltree)
[28Dec2025 23:05:22.918] [main/DEBUG] [mixin/]: Processing prepare() for PlatformAgent[MixinPlatformAgentDefault:SecureJarResource(skilltree)]
[28Dec2025 23:05:22.918] [main/DEBUG] [mixin/]: Registering mixin config: skilltree.mixins.json
[28Dec2025 23:05:22.919] [main/DEBUG] [mixin/]: Adding mixin platform agents for container SecureJarResource(atmospheric)
[28Dec2025 23:05:22.919] [main/DEBUG] [mixin/]: Instancing new MixinPlatformAgentMinecraftForge for SecureJarResource(atmospheric)
[28Dec2025 23:05:22.919] [main/DEBUG] [mixin/]: MixinPlatformAgentMinecraftForge rejected container SecureJarResource(atmospheric)
[28Dec2025 23:05:22.919] [main/DEBUG] [mixin/]: Instancing new MixinPlatformAgentDefault for SecureJarResource(atmospheric)
[28Dec2025 23:05:22.919] [main/DEBUG] [mixin/]: MixinPlatformAgentDefault accepted container SecureJarResource(atmospheric)
[28Dec2025 23:05:22.919] [main/DEBUG] [mixin/]: Processing prepare() for PlatformAgent[MixinPlatformAgentDefault:SecureJarResource(atmospheric)]
[28Dec2025 23:05:22.919] [main/DEBUG] [mixin/]: Registering mixin config: atmospheric.mixins.json
[28Dec2025 23:05:22.919] [main/DEBUG] [mixin/]: Adding mixin platform agents for container SecureJarResource(easy_villagers)
[28Dec2025 23:05:22.919] [main/DEBUG] [mixin/]: Instancing new MixinPlatformAgentMinecraftForge for SecureJarResource(easy_villagers)
[28Dec2025 23:05:22.919] [main/DEBUG] [mixin/]: MixinPlatformAgentMinecraftForge rejected container SecureJarResource(easy_villagers)
[28Dec2025 23:05:22.919] [main/DEBUG] [mixin/]: Instancing new MixinPlatformAgentDefault for SecureJarResource(easy_villagers)
[28Dec2025 23:05:22.920] [main/DEBUG] [mixin/]: MixinPlatformAgentDefault accepted container SecureJarResource(easy_villagers)
[28Dec2025 23:05:22.920] [main/DEBUG] [mixin/]: Processing prepare() for PlatformAgent[MixinPlatformAgentDefault:SecureJarResource(easy_villagers)]
[28Dec2025 23:05:22.920] [main/DEBUG] [mixin/]: Adding mixin platform agents for container SecureJarResource(iceberg)
[28Dec2025 23:05:22.920] [main/DEBUG] [mixin/]: Instancing new MixinPlatformAgentMinecraftForge for SecureJarResource(iceberg)
[28Dec2025 23:05:22.920] [main/DEBUG] [mixin/]: MixinPlatformAgentMinecraftForge rejected container SecureJarResource(iceberg)
[28Dec2025 23:05:22.920] [main/DEBUG] [mixin/]: Instancing new MixinPlatformAgentDefault for SecureJarResource(iceberg)
[28Dec2025 23:05:22.920] [main/DEBUG] [mixin/]: MixinPlatformAgentDefault accepted container SecureJarResource(iceberg)
[28Dec2025 23:05:22.920] [main/DEBUG] [mixin/]: Processing prepare() for PlatformAgent[MixinPlatformAgentDefault:SecureJarResource(iceberg)]
[28Dec2025 23:05:22.920] [main/DEBUG] [mixin/]: Registering mixin config: iceberg.mixins.json
[28Dec2025 23:05:22.921] [main/DEBUG] [mixin/]: Adding mixin platform agents for container SecureJarResource(brutalbosses)
[28Dec2025 23:05:22.921] [main/DEBUG] [mixin/]: Instancing new MixinPlatformAgentMinecraftForge for SecureJarResource(brutalbosses)
[28Dec2025 23:05:22.921] [main/DEBUG] [mixin/]: MixinPlatformAgentMinecraftForge rejected container SecureJarResource(brutalbosses)
[28Dec2025 23:05:22.921] [main/DEBUG] [mixin/]: Instancing new MixinPlatformAgentDefault for SecureJarResource(brutalbosses)
[28Dec2025 23:05:22.921] [main/DEBUG] [mixin/]: MixinPlatformAgentDefault accepted container SecureJarResource(brutalbosses)
[28Dec2025 23:05:22.921] [main/DEBUG] [mixin/]: Processing prepare() for PlatformAgent[MixinPlatformAgentDefault:SecureJarResource(brutalbosses)]
[28Dec2025 23:05:22.921] [main/DEBUG] [mixin/]: Registering mixin config: brutalbosses.mixins.json
[28Dec2025 23:05:22.921] [main/DEBUG] [mixin/]: Compatibility level JAVA_8 specified by brutalbosses.mixins.json is lower than the default level supported by the current mixin service (JAVA_16).
[28Dec2025 23:05:22.921] [main/DEBUG] [mixin/]: Adding mixin platform agents for container SecureJarResource(quark)
[28Dec2025 23:05:22.921] [main/DEBUG] [mixin/]: Instancing new MixinPlatformAgentMinecraftForge for SecureJarResource(quark)
[28Dec2025 23:05:22.921] [main/DEBUG] [mixin/]: MixinPlatformAgentMinecraftForge rejected container SecureJarResource(quark)
[28Dec2025 23:05:22.921] [main/DEBUG] [mixin/]: Instancing new MixinPlatformAgentDefault for SecureJarResource(quark)
[28Dec2025 23:05:22.921] [main/DEBUG] [mixin/]: MixinPlatformAgentDefault accepted container SecureJarResource(quark)
[28Dec2025 23:05:22.922] [main/DEBUG] [mixin/]: Processing prepare() for PlatformAgent[MixinPlatformAgentDefault:SecureJarResource(quark)]
[28Dec2025 23:05:22.922] [main/DEBUG] [mixin/]: Registering mixin config: quark.mixins.json
[28Dec2025 23:05:22.922] [main/DEBUG] [mixin/]: Registering mixin config: quark_integrations.mixins.json
[28Dec2025 23:05:22.922] [main/DEBUG] [mixin/]: Adding mixin platform agents for container SecureJarResource(ars_elemental)
[28Dec2025 23:05:22.922] [main/DEBUG] [mixin/]: Instancing new MixinPlatformAgentMinecraftForge for SecureJarResource(ars_elemental)
[28Dec2025 23:05:22.922] [main/DEBUG] [mixin/]: MixinPlatformAgentMinecraftForge rejected container SecureJarResource(ars_elemental)
[28Dec2025 23:05:22.922] [main/DEBUG] [mixin/]: Instancing new MixinPlatformAgentDefault for SecureJarResource(ars_elemental)
[28Dec2025 23:05:22.922] [main/DEBUG] [mixin/]: MixinPlatformAgentDefault accepted container SecureJarResource(ars_elemental)
[28Dec2025 23:05:22.922] [main/DEBUG] [mixin/]: Processing prepare() for PlatformAgent[MixinPlatformAgentDefault:SecureJarResource(ars_elemental)]
[28Dec2025 23:05:22.922] [main/DEBUG] [mixin/]: Registering mixin config: ars_elemental.mixins.json
[28Dec2025 23:05:22.923] [main/DEBUG] [mixin/]: Adding mixin platform agents for container SecureJarResource(storagedrawers)
[28Dec2025 23:05:22.923] [main/DEBUG] [mixin/]: Instancing new MixinPlatformAgentMinecraftForge for SecureJarResource(storagedrawers)
[28Dec2025 23:05:22.923] [main/DEBUG] [mixin/]: MixinPlatformAgentMinecraftForge rejected container SecureJarResource(storagedrawers)
[28Dec2025 23:05:22.923] [main/DEBUG] [mixin/]: Instancing new MixinPlatformAgentDefault for SecureJarResource(storagedrawers)
[28Dec2025 23:05:22.923] [main/DEBUG] [mixin/]: MixinPlatformAgentDefault accepted container SecureJarResource(storagedrawers)
[28Dec2025 23:05:22.923] [main/DEBUG] [mixin/]: Processing prepare() for PlatformAgent[MixinPlatformAgentDefault:SecureJarResource(storagedrawers)]
[28Dec2025 23:05:22.923] [main/DEBUG] [mixin/]: Adding mixin platform agents for container SecureJarResource(immersive_paintings)
[28Dec2025 23:05:22.923] [main/DEBUG] [mixin/]: Instancing new MixinPlatformAgentMinecraftForge for SecureJarResource(immersive_paintings)
[28Dec2025 23:05:22.923] [main/DEBUG] [mixin/]: MixinPlatformAgentMinecraftForge rejected container SecureJarResource(immersive_paintings)
[28Dec2025 23:05:22.923] [main/DEBUG] [mixin/]: Instancing new MixinPlatformAgentDefault for SecureJarResource(immersive_paintings)
[28Dec2025 23:05:22.923] [main/DEBUG] [mixin/]: MixinPlatformAgentDefault accepted container SecureJarResource(immersive_paintings)
[28Dec2025 23:05:22.923] [main/DEBUG] [mixin/]: Processing prepare() for PlatformAgent[MixinPlatformAgentDefault:SecureJarResource(immersive_paintings)]
[28Dec2025 23:05:22.923] [main/DEBUG] [mixin/]: Registering mixin config: immersive_paintings.mixin.json
[28Dec2025 23:05:22.924] [main/DEBUG] [mixin/]: Compatibility level JAVA_16 specified by immersive_paintings.mixin.json is higher than the maximum level supported by this version of mixin (JAVA_13).
[28Dec2025 23:05:22.924] [main/DEBUG] [mixin/]: Adding mixin platform agents for container SecureJarResource(irons_spellbooks)
[28Dec2025 23:05:22.924] [main/DEBUG] [mixin/]: Instancing new MixinPlatformAgentMinecraftForge for SecureJarResource(irons_spellbooks)
[28Dec2025 23:05:22.924] [main/DEBUG] [mixin/]: MixinPlatformAgentMinecraftForge rejected container SecureJarResource(irons_spellbooks)
[28Dec2025 23:05:22.924] [main/DEBUG] [mixin/]: Instancing new MixinPlatformAgentDefault for SecureJarResource(irons_spellbooks)
[28Dec2025 23:05:22.924] [main/DEBUG] [mixin/]: MixinPlatformAgentDefault accepted container SecureJarResource(irons_spellbooks)
[28Dec2025 23:05:22.924] [main/DEBUG] [mixin/]: Processing prepare() for PlatformAgent[MixinPlatformAgentDefault:SecureJarResource(irons_spellbooks)]
[28Dec2025 23:05:22.924] [main/DEBUG] [mixin/]: Registering mixin config: mixins.irons_spellbooks.json
[28Dec2025 23:05:22.925] [main/DEBUG] [mixin/]: Adding mixin platform agents for container SecureJarResource(doespotatotick)
[28Dec2025 23:05:22.925] [main/DEBUG] [mixin/]: Instancing new MixinPlatformAgentMinecraftForge for SecureJarResource(doespotatotick)
[28Dec2025 23:05:22.925] [main/DEBUG] [mixin/]: MixinPlatformAgentMinecraftForge rejected container SecureJarResource(doespotatotick)
[28Dec2025 23:05:22.925] [main/DEBUG] [mixin/]: Instancing new MixinPlatformAgentDefault for SecureJarResource(doespotatotick)
[28Dec2025 23:05:22.925] [main/DEBUG] [mixin/]: MixinPlatformAgentDefault accepted container SecureJarResource(doespotatotick)
[28Dec2025 23:05:22.925] [main/DEBUG] [mixin/]: Processing prepare() for PlatformAgent[MixinPlatformAgentDefault:SecureJarResource(doespotatotick)]
[28Dec2025 23:05:22.925] [main/DEBUG] [mixin/]: Registering mixin config: doespotatotick.mixins.json
[28Dec2025 23:05:22.925] [main/DEBUG] [mixin/]: Compatibility level JAVA_8 specified by doespotatotick.mixins.json is lower than the default level supported by the current mixin service (JAVA_16).
[28Dec2025 23:05:22.925] [main/DEBUG] [mixin/]: Adding mixin platform agents for container SecureJarResource(endlessbiomes)
[28Dec2025 23:05:22.925] [main/DEBUG] [mixin/]: Instancing new MixinPlatformAgentMinecraftForge for SecureJarResource(endlessbiomes)
[28Dec2025 23:05:22.925] [main/DEBUG] [mixin/]: MixinPlatformAgentMinecraftForge rejected container SecureJarResource(endlessbiomes)
[28Dec2025 23:05:22.925] [main/DEBUG] [mixin/]: Instancing new MixinPlatformAgentDefault for SecureJarResource(endlessbiomes)
[28Dec2025 23:05:22.925] [main/DEBUG] [mixin/]: MixinPlatformAgentDefault accepted container SecureJarResource(endlessbiomes)
[28Dec2025 23:05:22.925] [main/DEBUG] [mixin/]: Processing prepare() for PlatformAgent[MixinPlatformAgentDefault:SecureJarResource(endlessbiomes)]
[28Dec2025 23:05:22.925] [main/DEBUG] [mixin/]: Adding mixin platform agents for container SecureJarResource(upgradedcore)
[28Dec2025 23:05:22.925] [main/DEBUG] [mixin/]: Instancing new MixinPlatformAgentMinecraftForge for SecureJarResource(upgradedcore)
[28Dec2025 23:05:22.925] [main/DEBUG] [mixin/]: MixinPlatformAgentMinecraftForge rejected container SecureJarResource(upgradedcore)
[28Dec2025 23:05:22.925] [main/DEBUG] [mixin/]: Instancing new MixinPlatformAgentDefault for SecureJarResource(upgradedcore)
[28Dec2025 23:05:22.925] [main/DEBUG] [mixin/]: MixinPlatformAgentDefault accepted container SecureJarResource(upgradedcore)
[28Dec2025 23:05:22.925] [main/DEBUG] [mixin/]: Processing prepare() for PlatformAgent[MixinPlatformAgentDefault:SecureJarResource(upgradedcore)]
[28Dec2025 23:05:22.925] [main/DEBUG] [mixin/]: Adding mixin platform agents for container SecureJarResource(minecolonies)
[28Dec2025 23:05:22.925] [main/DEBUG] [mixin/]: Instancing new MixinPlatformAgentMinecraftForge for SecureJarResource(minecolonies)
[28Dec2025 23:05:22.925] [main/DEBUG] [mixin/]: MixinPlatformAgentMinecraftForge rejected container SecureJarResource(minecolonies)
[28Dec2025 23:05:22.925] [main/DEBUG] [mixin/]: Instancing new MixinPlatformAgentDefault for SecureJarResource(minecolonies)
[28Dec2025 23:05:22.925] [main/DEBUG] [mixin/]: MixinPlatformAgentDefault accepted container SecureJarResource(minecolonies)
[28Dec2025 23:05:22.925] [main/DEBUG] [mixin/]: Processing prepare() for PlatformAgent[MixinPlatformAgentDefault:SecureJarResource(minecolonies)]
[28Dec2025 23:05:22.925] [main/DEBUG] [mixin/]: Adding mixin platform agents for container SecureJarResource(wabi_sabi_structures)
[28Dec2025 23:05:22.925] [main/DEBUG] [mixin/]: Instancing new MixinPlatformAgentMinecraftForge for SecureJarResource(wabi_sabi_structures)
[28Dec2025 23:05:22.925] [main/DEBUG] [mixin/]: MixinPlatformAgentMinecraftForge rejected container SecureJarResource(wabi_sabi_structures)
[28Dec2025 23:05:22.925] [main/DEBUG] [mixin/]: Instancing new MixinPlatformAgentDefault for SecureJarResource(wabi_sabi_structures)
[28Dec2025 23:05:22.925] [main/DEBUG] [mixin/]: MixinPlatformAgentDefault accepted container SecureJarResource(wabi_sabi_structures)
[28Dec2025 23:05:22.925] [main/DEBUG] [mixin/]: Processing prepare() for PlatformAgent[MixinPlatformAgentDefault:SecureJarResource(wabi_sabi_structures)]
[28Dec2025 23:05:22.925] [main/DEBUG] [mixin/]: Adding mixin platform agents for container SecureJarResource(alexsdelight)
[28Dec2025 23:05:22.925] [main/DEBUG] [mixin/]: Instancing new MixinPlatformAgentMinecraftForge for SecureJarResource(alexsdelight)
[28Dec2025 23:05:22.925] [main/DEBUG] [mixin/]: MixinPlatformAgentMinecraftForge rejected container SecureJarResource(alexsdelight)
[28Dec2025 23:05:22.925] [main/DEBUG] [mixin/]: Instancing new MixinPlatformAgentDefault for SecureJarResource(alexsdelight)
[28Dec2025 23:05:22.925] [main/DEBUG] [mixin/]: MixinPlatformAgentDefault accepted container SecureJarResource(alexsdelight)
[28Dec2025 23:05:22.925] [main/DEBUG] [mixin/]: Processing prepare() for PlatformAgent[MixinPlatformAgentDefault:SecureJarResource(alexsdelight)]
[28Dec2025 23:05:22.925] [main/DEBUG] [mixin/]: Adding mixin platform agents for container SecureJarResource(ferritecore)
[28Dec2025 23:05:22.925] [main/DEBUG] [mixin/]: Instancing new MixinPlatformAgentMinecraftForge for SecureJarResource(ferritecore)
[28Dec2025 23:05:22.926] [main/DEBUG] [mixin/]: MixinPlatformAgentMinecraftForge rejected container SecureJarResource(ferritecore)
[28Dec2025 23:05:22.926] [main/DEBUG] [mixin/]: Instancing new MixinPlatformAgentDefault for SecureJarResource(ferritecore)
[28Dec2025 23:05:22.926] [main/DEBUG] [mixin/]: MixinPlatformAgentDefault accepted container SecureJarResource(ferritecore)
[28Dec2025 23:05:22.926] [main/DEBUG] [mixin/]: Processing prepare() for PlatformAgent[MixinPlatformAgentDefault:SecureJarResource(ferritecore)]
[28Dec2025 23:05:22.926] [main/DEBUG] [mixin/]: Registering mixin config: ferritecore.predicates.mixin.json
[28Dec2025 23:05:22.926] [main/DEBUG] [mixin/]: Registering mixin config: ferritecore.fastmap.mixin.json
[28Dec2025 23:05:22.927] [main/DEBUG] [mixin/]: Registering mixin config: ferritecore.mrl.mixin.json
[28Dec2025 23:05:22.927] [main/DEBUG] [mixin/]: Registering mixin config: ferritecore.dedupmultipart.mixin.json
[28Dec2025 23:05:22.928] [main/DEBUG] [mixin/]: Registering mixin config: ferritecore.blockstatecache.mixin.json
[28Dec2025 23:05:22.928] [main/DEBUG] [mixin/]: Registering mixin config: ferritecore.dedupbakedquad.mixin.json
[28Dec2025 23:05:22.929] [main/DEBUG] [mixin/]: Registering mixin config: ferritecore.threaddetec.mixin.json
[28Dec2025 23:05:22.929] [main/DEBUG] [mixin/]: Adding mixin platform agents for container SecureJarResource(apexcore)
[28Dec2025 23:05:22.929] [main/DEBUG] [mixin/]: Instancing new MixinPlatformAgentMinecraftForge for SecureJarResource(apexcore)
[28Dec2025 23:05:22.929] [main/DEBUG] [mixin/]: MixinPlatformAgentMinecraftForge rejected container SecureJarResource(apexcore)
[28Dec2025 23:05:22.929] [main/DEBUG] [mixin/]: Instancing new MixinPlatformAgentDefault for SecureJarResource(apexcore)
[28Dec2025 23:05:22.929] [main/DEBUG] [mixin/]: MixinPlatformAgentDefault accepted container SecureJarResource(apexcore)
[28Dec2025 23:05:22.929] [main/DEBUG] [mixin/]: Processing prepare() for PlatformAgent[MixinPlatformAgentDefault:SecureJarResource(apexcore)]
[28Dec2025 23:05:22.929] [main/DEBUG] [mixin/]: Registering mixin config: apexcore.mixins.json
[28Dec2025 23:05:22.930] [main/DEBUG] [mixin/]: Adding mixin platform agents for container SecureJarResource(majruszsenchantments)
[28Dec2025 23:05:22.930] [main/DEBUG] [mixin/]: Instancing new MixinPlatformAgentMinecraftForge for SecureJarResource(majruszsenchantments)
[28Dec2025 23:05:22.930] [main/DEBUG] [mixin/]: MixinPlatformAgentMinecraftForge rejected container SecureJarResource(majruszsenchantments)
[28Dec2025 23:05:22.930] [main/DEBUG] [mixin/]: Instancing new MixinPlatformAgentDefault for SecureJarResource(majruszsenchantments)
[28Dec2025 23:05:22.930] [main/DEBUG] [mixin/]: MixinPlatformAgentDefault accepted container SecureJarResource(majruszsenchantments)
[28Dec2025 23:05:22.930] [main/DEBUG] [mixin/]: Processing prepare() for PlatformAgent[MixinPlatformAgentDefault:SecureJarResource(majruszsenchantments)]
[28Dec2025 23:05:22.930] [main/DEBUG] [mixin/]: Registering mixin config: majruszsenchantments-common.mixins.json
[28Dec2025 23:05:22.930] [main/DEBUG] [mixin/]: Adding mixin platform agents for container SecureJarResource(badoptimizations)
[28Dec2025 23:05:22.930] [main/DEBUG] [mixin/]: Instancing new MixinPlatformAgentMinecraftForge for SecureJarResource(badoptimizations)
[28Dec2025 23:05:22.930] [main/DEBUG] [mixin/]: MixinPlatformAgentMinecraftForge rejected container SecureJarResource(badoptimizations)
[28Dec2025 23:05:22.930] [main/DEBUG] [mixin/]: Instancing new MixinPlatformAgentDefault for SecureJarResource(badoptimizations)
[28Dec2025 23:05:22.930] [main/DEBUG] [mixin/]: MixinPlatformAgentDefault accepted container SecureJarResource(badoptimizations)
[28Dec2025 23:05:22.930] [main/DEBUG] [mixin/]: Processing prepare() for PlatformAgent[MixinPlatformAgentDefault:SecureJarResource(badoptimizations)]
[28Dec2025 23:05:22.930] [main/DEBUG] [mixin/]: Registering mixin config: forge-badoptimizations.mixins-common.json
[28Dec2025 23:05:22.931] [main/DEBUG] [mixin/]: Registering mixin config: forge-badoptimizations.mixins-forge.json
[28Dec2025 23:05:22.932] [main/DEBUG] [mixin/]: Adding mixin platform agents for container SecureJarResource(packetfixer)
[28Dec2025 23:05:22.932] [main/DEBUG] [mixin/]: Instancing new MixinPlatformAgentMinecraftForge for SecureJarResource(packetfixer)
[28Dec2025 23:05:22.932] [main/DEBUG] [mixin/]: MixinPlatformAgentMinecraftForge rejected container SecureJarResource(packetfixer)
[28Dec2025 23:05:22.932] [main/DEBUG] [mixin/]: Instancing new MixinPlatformAgentDefault for SecureJarResource(packetfixer)
[28Dec2025 23:05:22.932] [main/DEBUG] [mixin/]: MixinPlatformAgentDefault accepted container SecureJarResource(packetfixer)
[28Dec2025 23:05:22.932] [main/DEBUG] [mixin/]: Processing prepare() for PlatformAgent[MixinPlatformAgentDefault:SecureJarResource(packetfixer)]
[28Dec2025 23:05:22.932] [main/DEBUG] [mixin/]: Registering mixin config: packetfixer.v1_18.forge.mixins.json
[28Dec2025 23:05:22.932] [main/DEBUG] [mixin/]: Registering mixin config: packetfixer.v1_19.forge.mixins.json
[28Dec2025 23:05:22.933] [main/DEBUG] [mixin/]: Registering mixin config: packetfixer.v1_19_3.forge.mixins.json
[28Dec2025 23:05:22.934] [main/DEBUG] [mixin/]: Registering mixin config: packetfixer.v1_19_4.forge.mixins.json
[28Dec2025 23:05:22.934] [main/DEBUG] [mixin/]: Registering mixin config: packetfixer.v1_20_2.forge.mixins.json
[28Dec2025 23:05:22.935] [main/DEBUG] [mixin/]: Adding mixin platform agents for container SecureJarResource(valhelsia_core)
[28Dec2025 23:05:22.935] [main/DEBUG] [mixin/]: Instancing new MixinPlatformAgentMinecraftForge for SecureJarResource(valhelsia_core)
[28Dec2025 23:05:22.935] [main/DEBUG] [mixin/]: MixinPlatformAgentMinecraftForge rejected container SecureJarResource(valhelsia_core)
[28Dec2025 23:05:22.935] [main/DEBUG] [mixin/]: Instancing new MixinPlatformAgentDefault for SecureJarResource(valhelsia_core)
[28Dec2025 23:05:22.935] [main/DEBUG] [mixin/]: MixinPlatformAgentDefault accepted container SecureJarResource(valhelsia_core)
[28Dec2025 23:05:22.935] [main/DEBUG] [mixin/]: Processing prepare() for PlatformAgent[MixinPlatformAgentDefault:SecureJarResource(valhelsia_core)]
[28Dec2025 23:05:22.935] [main/DEBUG] [mixin/]: Registering mixin config: valhelsia_core.mixins.json
[28Dec2025 23:05:22.936] [main/DEBUG] [mixin/]: Compatibility level JAVA_16 specified by valhelsia_core.mixins.json is higher than the maximum level supported by this version of mixin (JAVA_13).
[28Dec2025 23:05:22.936] [main/DEBUG] [mixin/]: Adding mixin platform agents for container SecureJarResource(overflowingbars)
[28Dec2025 23:05:22.936] [main/DEBUG] [mixin/]: Instancing new MixinPlatformAgentMinecraftForge for SecureJarResource(overflowingbars)
[28Dec2025 23:05:22.936] [main/DEBUG] [mixin/]: MixinPlatformAgentMinecraftForge rejected container SecureJarResource(overflowingbars)
[28Dec2025 23:05:22.936] [main/DEBUG] [mixin/]: Instancing new MixinPlatformAgentDefault for SecureJarResource(overflowingbars)
[28Dec2025 23:05:22.936] [main/DEBUG] [mixin/]: MixinPlatformAgentDefault accepted container SecureJarResource(overflowingbars)
[28Dec2025 23:05:22.936] [main/DEBUG] [mixin/]: Processing prepare() for PlatformAgent[MixinPlatformAgentDefault:SecureJarResource(overflowingbars)]
[28Dec2025 23:05:22.936] [main/DEBUG] [mixin/]: Registering mixin config: overflowingbars.common.mixins.json
[28Dec2025 23:05:22.936] [main/DEBUG] [mixin/]: Adding mixin platform agents for container SecureJarResource(undead_unleashed)
[28Dec2025 23:05:22.936] [main/DEBUG] [mixin/]: Instancing new MixinPlatformAgentMinecraftForge for SecureJarResource(undead_unleashed)
[28Dec2025 23:05:22.936] [main/DEBUG] [mixin/]: MixinPlatformAgentMinecraftForge rejected container SecureJarResource(undead_unleashed)
[28Dec2025 23:05:22.936] [main/DEBUG] [mixin/]: Instancing new MixinPlatformAgentDefault for SecureJarResource(undead_unleashed)
[28Dec2025 23:05:22.936] [main/DEBUG] [mixin/]: MixinPlatformAgentDefault accepted container SecureJarResource(undead_unleashed)
[28Dec2025 23:05:22.936] [main/DEBUG] [mixin/]: Processing prepare() for PlatformAgent[MixinPlatformAgentDefault:SecureJarResource(undead_unleashed)]
[28Dec2025 23:05:22.936] [main/DEBUG] [mixin/]: Adding mixin platform agents for container SecureJarResource(MixinSquared.beta._6)
[28Dec2025 23:05:22.936] [main/DEBUG] [mixin/]: Instancing new MixinPlatformAgentMinecraftForge for SecureJarResource(MixinSquared.beta._6)
[28Dec2025 23:05:22.936] [main/DEBUG] [mixin/]: MixinPlatformAgentMinecraftForge rejected container SecureJarResource(MixinSquared.beta._6)
[28Dec2025 23:05:22.936] [main/DEBUG] [mixin/]: Instancing new MixinPlatformAgentDefault for SecureJarResource(MixinSquared.beta._6)
[28Dec2025 23:05:22.936] [main/DEBUG] [mixin/]: MixinPlatformAgentDefault accepted container SecureJarResource(MixinSquared.beta._6)
[28Dec2025 23:05:22.936] [main/DEBUG] [mixin/]: Processing prepare() for PlatformAgent[MixinPlatformAgentDefault:SecureJarResource(MixinSquared.beta._6)]
[28Dec2025 23:05:22.936] [main/DEBUG] [mixin/]: Adding mixin platform agents for container SecureJarResource(Registrate.MC1._19)
[28Dec2025 23:05:22.936] [main/DEBUG] [mixin/]: Instancing new MixinPlatformAgentMinecraftForge for SecureJarResource(Registrate.MC1._19)
[28Dec2025 23:05:22.937] [main/DEBUG] [mixin/]: MixinPlatformAgentMinecraftForge rejected container SecureJarResource(Registrate.MC1._19)
[28Dec2025 23:05:22.937] [main/DEBUG] [mixin/]: Instancing new MixinPlatformAgentDefault for SecureJarResource(Registrate.MC1._19)
[28Dec2025 23:05:22.937] [main/DEBUG] [mixin/]: MixinPlatformAgentDefault accepted container SecureJarResource(Registrate.MC1._19)
[28Dec2025 23:05:22.937] [main/DEBUG] [mixin/]: Processing prepare() for PlatformAgent[MixinPlatformAgentDefault:SecureJarResource(Registrate.MC1._19)]
[28Dec2025 23:05:22.937] [main/DEBUG] [mixin/]: Adding mixin platform agents for container SecureJarResource(jankson)
[28Dec2025 23:05:22.937] [main/DEBUG] [mixin/]: Instancing new MixinPlatformAgentMinecraftForge for SecureJarResource(jankson)
[28Dec2025 23:05:22.937] [main/DEBUG] [mixin/]: MixinPlatformAgentMinecraftForge rejected container SecureJarResource(jankson)
[28Dec2025 23:05:22.937] [main/DEBUG] [mixin/]: Instancing new MixinPlatformAgentDefault for SecureJarResource(jankson)
[28Dec2025 23:05:22.937] [main/DEBUG] [mixin/]: MixinPlatformAgentDefault accepted container SecureJarResource(jankson)
[28Dec2025 23:05:22.937] [main/DEBUG] [mixin/]: Processing prepare() for PlatformAgent[MixinPlatformAgentDefault:SecureJarResource(jankson)]
[28Dec2025 23:05:22.937] [main/DEBUG] [mixin/]: Adding mixin platform agents for container SecureJarResource(mixinextras)
[28Dec2025 23:05:22.937] [main/DEBUG] [mixin/]: Instancing new MixinPlatformAgentMinecraftForge for SecureJarResource(mixinextras)
[28Dec2025 23:05:22.937] [main/DEBUG] [mixin/]: MixinPlatformAgentMinecraftForge rejected container SecureJarResource(mixinextras)
[28Dec2025 23:05:22.937] [main/DEBUG] [mixin/]: Instancing new MixinPlatformAgentDefault for SecureJarResource(mixinextras)
[28Dec2025 23:05:22.937] [main/DEBUG] [mixin/]: MixinPlatformAgentDefault accepted container SecureJarResource(mixinextras)
[28Dec2025 23:05:22.937] [main/DEBUG] [mixin/]: Processing prepare() for PlatformAgent[MixinPlatformAgentDefault:SecureJarResource(mixinextras)]
[28Dec2025 23:05:22.937] [main/DEBUG] [mixin/]: Registering mixin config: mixinextras.init.mixins.json
[28Dec2025 23:05:22.937] [main/DEBUG] [mixin/]: Adding mixin platform agents for container SecureJarResource(Reflect)
[28Dec2025 23:05:22.937] [main/DEBUG] [mixin/]: Instancing new MixinPlatformAgentMinecraftForge for SecureJarResource(Reflect)
[28Dec2025 23:05:22.937] [main/DEBUG] [mixin/]: MixinPlatformAgentMinecraftForge rejected container SecureJarResource(Reflect)
[28Dec2025 23:05:22.937] [main/DEBUG] [mixin/]: Instancing new MixinPlatformAgentDefault for SecureJarResource(Reflect)
[28Dec2025 23:05:22.937] [main/DEBUG] [mixin/]: MixinPlatformAgentDefault accepted container SecureJarResource(Reflect)
[28Dec2025 23:05:22.937] [main/DEBUG] [mixin/]: Processing prepare() for PlatformAgent[MixinPlatformAgentDefault:SecureJarResource(Reflect)]
[28Dec2025 23:05:22.937] [main/DEBUG] [mixin/]: Adding mixin platform agents for container SecureJarResource(json.path)
[28Dec2025 23:05:22.937] [main/DEBUG] [mixin/]: Instancing new MixinPlatformAgentMinecraftForge for SecureJarResource(json.path)
[28Dec2025 23:05:22.937] [main/DEBUG] [mixin/]: MixinPlatformAgentMinecraftForge rejected container SecureJarResource(json.path)
[28Dec2025 23:05:22.937] [main/DEBUG] [mixin/]: Instancing new MixinPlatformAgentDefault for SecureJarResource(json.path)
[28Dec2025 23:05:22.937] [main/DEBUG] [mixin/]: MixinPlatformAgentDefault accepted container SecureJarResource(json.path)
[28Dec2025 23:05:22.937] [main/DEBUG] [mixin/]: Processing prepare() for PlatformAgent[MixinPlatformAgentDefault:SecureJarResource(json.path)]
[28Dec2025 23:05:22.937] [main/DEBUG] [mixin/]: Adding mixin platform agents for container SecureJarResource(MathParser.org.mXparser)
[28Dec2025 23:05:22.937] [main/DEBUG] [mixin/]: Instancing new MixinPlatformAgentMinecraftForge for SecureJarResource(MathParser.org.mXparser)
[28Dec2025 23:05:22.937] [main/DEBUG] [mixin/]: MixinPlatformAgentMinecraftForge rejected container SecureJarResource(MathParser.org.mXparser)
[28Dec2025 23:05:22.937] [main/DEBUG] [mixin/]: Instancing new MixinPlatformAgentDefault for SecureJarResource(MathParser.org.mXparser)
[28Dec2025 23:05:22.937] [main/DEBUG] [mixin/]: MixinPlatformAgentDefault accepted container SecureJarResource(MathParser.org.mXparser)
[28Dec2025 23:05:22.937] [main/DEBUG] [mixin/]: Processing prepare() for PlatformAgent[MixinPlatformAgentDefault:SecureJarResource(MathParser.org.mXparser)]
[28Dec2025 23:05:22.937] [main/DEBUG] [mixin/]: Adding mixin platform agents for container SecureJarResource(mixinsquared)
[28Dec2025 23:05:22.937] [main/DEBUG] [mixin/]: Instancing new MixinPlatformAgentMinecraftForge for SecureJarResource(mixinsquared)
[28Dec2025 23:05:22.937] [main/DEBUG] [mixin/]: MixinPlatformAgentMinecraftForge rejected container SecureJarResource(mixinsquared)
[28Dec2025 23:05:22.937] [main/DEBUG] [mixin/]: Instancing new MixinPlatformAgentDefault for SecureJarResource(mixinsquared)
[28Dec2025 23:05:22.937] [main/DEBUG] [mixin/]: MixinPlatformAgentDefault accepted container SecureJarResource(mixinsquared)
[28Dec2025 23:05:22.937] [main/DEBUG] [mixin/]: Processing prepare() for PlatformAgent[MixinPlatformAgentDefault:SecureJarResource(mixinsquared)]
[28Dec2025 23:05:22.937] [main/DEBUG] [mixin/]: Registering mixin config: mixinsquared.init.mixins.json
[28Dec2025 23:05:22.938] [main/DEBUG] [mixin/]: Adding mixin platform agents for container SecureJarResource(MixinExtras)
[28Dec2025 23:05:22.938] [main/DEBUG] [mixin/]: Instancing new MixinPlatformAgentMinecraftForge for SecureJarResource(MixinExtras)
[28Dec2025 23:05:22.938] [main/DEBUG] [mixin/]: MixinPlatformAgentMinecraftForge rejected container SecureJarResource(MixinExtras)
[28Dec2025 23:05:22.938] [main/DEBUG] [mixin/]: Instancing new MixinPlatformAgentDefault for SecureJarResource(MixinExtras)
[28Dec2025 23:05:22.938] [main/DEBUG] [mixin/]: MixinPlatformAgentDefault accepted container SecureJarResource(MixinExtras)
[28Dec2025 23:05:22.938] [main/DEBUG] [mixin/]: Processing prepare() for PlatformAgent[MixinPlatformAgentDefault:SecureJarResource(MixinExtras)]
[28Dec2025 23:05:22.938] [main/DEBUG] [mixin/]: inject() running with 304 agents
[28Dec2025 23:05:22.938] [main/DEBUG] [mixin/]: Processing inject() for PlatformAgent[MixinPlatformAgentDefault:ModLauncher Root Container(ModLauncher:4f56a0a2)]
[28Dec2025 23:05:22.938] [main/DEBUG] [mixin/]: Processing inject() for PlatformAgent[MixinPlatformAgentDefault:SecureJarResource(saturn)]
[28Dec2025 23:05:22.938] [main/DEBUG] [mixin/]: Processing inject() for PlatformAgent[MixinPlatformAgentDefault:SecureJarResource(kubejs)]
[28Dec2025 23:05:22.938] [main/DEBUG] [mixin/]: Processing inject() for PlatformAgent[MixinPlatformAgentDefault:SecureJarResource(betterdungeons)]
[28Dec2025 23:05:22.938] [main/DEBUG] [mixin/]: Processing inject() for PlatformAgent[MixinPlatformAgentDefault:SecureJarResource(alexsmobs)]
[28Dec2025 23:05:22.938] [main/DEBUG] [mixin/]: Processing inject() for PlatformAgent[MixinPlatformAgentDefault:SecureJarResource(openpartiesandclaims)]
[28Dec2025 23:05:22.938] [main/DEBUG] [mixin/]: Processing inject() for PlatformAgent[MixinPlatformAgentDefault:SecureJarResource(additionalentityattributes)]
[28Dec2025 23:05:22.938] [main/DEBUG] [mixin/]: Processing inject() for PlatformAgent[MixinPlatformAgentDefault:SecureJarResource(oriacs)]
[28Dec2025 23:05:22.938] [main/DEBUG] [mixin/]: Processing inject() for PlatformAgent[MixinPlatformAgentDefault:SecureJarResource(playeranimator)]
[28Dec2025 23:05:22.938] [main/DEBUG] [mixin/]: Processing inject() for PlatformAgent[MixinPlatformAgentDefault:SecureJarResource(majruszsdifficulty)]
[28Dec2025 23:05:22.938] [main/DEBUG] [mixin/]: Processing inject() for PlatformAgent[MixinPlatformAgentDefault:SecureJarResource(entitycollisionfpsfix)]
[28Dec2025 23:05:22.938] [main/DEBUG] [mixin/]: Processing inject() for PlatformAgent[MixinPlatformAgentDefault:SecureJarResource(nerb)]
[28Dec2025 23:05:22.938] [main/DEBUG] [mixin/]: Processing inject() for PlatformAgent[MixinPlatformAgentDefault:SecureJarResource(apoli)]
[28Dec2025 23:05:22.938] [main/DEBUG] [mixin/]: Processing inject() for PlatformAgent[MixinPlatformAgentDefault:SecureJarResource(stalwart_dungeons)]
[28Dec2025 23:05:22.938] [main/DEBUG] [mixin/]: Processing inject() for PlatformAgent[MixinPlatformAgentDefault:SecureJarResource(rubidium)]
[28Dec2025 23:05:22.938] [main/DEBUG] [mixin/]: Processing inject() for PlatformAgent[MixinPlatformAgentDefault:SecureJarResource(doapi)]
[28Dec2025 23:05:22.938] [main/DEBUG] [mixin/]: Processing inject() for PlatformAgent[MixinPlatformAgentDefault:SecureJarResource(modernfix)]
[28Dec2025 23:05:22.938] [main/DEBUG] [mixin/]: Processing inject() for PlatformAgent[MixinPlatformAgentDefault:SecureJarResource(gateways)]
[28Dec2025 23:05:22.938] [main/DEBUG] [mixin/]: Processing inject() for PlatformAgent[MixinPlatformAgentDefault:SecureJarResource(yungsapi)]
[28Dec2025 23:05:22.938] [main/DEBUG] [mixin/]: Processing inject() for PlatformAgent[MixinPlatformAgentDefault:SecureJarResource(maxhealthfix)]
[28Dec2025 23:05:22.938] [main/DEBUG] [mixin/]: Processing inject() for PlatformAgent[MixinPlatformAgentDefault:SecureJarResource(upgradednetherite_items)]
[28Dec2025 23:05:22.938] [main/DEBUG] [mixin/]: Processing inject() for PlatformAgent[MixinPlatformAgentDefault:SecureJarResource(vinery)]
[28Dec2025 23:05:22.938] [main/DEBUG] [mixin/]: Processing inject() for PlatformAgent[MixinPlatformAgentDefault:SecureJarResource(apotheosis)]
[28Dec2025 23:05:22.938] [main/DEBUG] [mixin/]: Processing inject() for PlatformAgent[MixinPlatformAgentDefault:SecureJarResource(savage_and_ravage)]
[28Dec2025 23:05:22.938] [main/DEBUG] [mixin/]: Processing inject() for PlatformAgent[MixinPlatformAgentDefault:SecureJarResource(clayworks)]
[28Dec2025 23:05:22.938] [main/DEBUG] [mixin/]: Processing inject() for PlatformAgent[MixinPlatformAgentDefault:SecureJarResource(balm)]
[28Dec2025 23:05:22.938] [main/DEBUG] [mixin/]: Processing inject() for PlatformAgent[MixinPlatformAgentDefault:SecureJarResource(immersive_armors)]
[28Dec2025 23:05:22.938] [main/DEBUG] [mixin/]: Processing inject() for PlatformAgent[MixinPlatformAgentDefault:SecureJarResource(jeresources)]
[28Dec2025 23:05:22.938] [main/DEBUG] [mixin/]: Processing inject() for PlatformAgent[MixinPlatformAgentDefault:SecureJarResource(cloth_config)]
[28Dec2025 23:05:22.938] [main/DEBUG] [mixin/]: Processing inject() for PlatformAgent[MixinPlatformAgentDefault:SecureJarResource(betterfortresses)]
[28Dec2025 23:05:22.938] [main/DEBUG] [mixin/]: Processing inject() for PlatformAgent[MixinPlatformAgentDefault:SecureJarResource(ctov)]
[28Dec2025 23:05:22.938] [main/DEBUG] [mixin/]: Processing inject() for PlatformAgent[MixinPlatformAgentDefault:SecureJarResource(autoleveling)]
[28Dec2025 23:05:22.938] [main/DEBUG] [mixin/]: Processing inject() for PlatformAgent[MixinPlatformAgentDefault:SecureJarResource(leavesbegone)]
[28Dec2025 23:05:22.938] [main/DEBUG] [mixin/]: Processing inject() for PlatformAgent[MixinPlatformAgentDefault:SecureJarResource(iter_rpg)]
[28Dec2025 23:05:22.938] [main/DEBUG] [mixin/]: Processing inject() for PlatformAgent[MixinPlatformAgentDefault:SecureJarResource(supplementaries)]
[28Dec2025 23:05:22.938] [main/DEBUG] [mixin/]: Processing inject() for PlatformAgent[MixinPlatformAgentDefault:SecureJarResource(stylecolonies)]
[28Dec2025 23:05:22.938] [main/DEBUG] [mixin/]: Processing inject() for PlatformAgent[MixinPlatformAgentDefault:SecureJarResource(upgradednetherite)]
[28Dec2025 23:05:22.938] [main/DEBUG] [mixin/]: Processing inject() for PlatformAgent[MixinPlatformAgentDefault:SecureJarResource(advancementplaques)]
[28Dec2025 23:05:22.938] [main/DEBUG] [mixin/]: Processing inject() for PlatformAgent[MixinPlatformAgentDefault:SecureJarResource(corpse)]
[28Dec2025 23:05:22.938] [main/DEBUG] [mixin/]: Processing inject() for PlatformAgent[MixinPlatformAgentDefault:SecureJarResource(solapplepie)]
[28Dec2025 23:05:22.939] [main/DEBUG] [mixin/]: Processing inject() for PlatformAgent[MixinPlatformAgentDefault:SecureJarResource(structure_gel)]
[28Dec2025 23:05:22.939] [main/DEBUG] [mixin/]: Processing inject() for PlatformAgent[MixinPlatformAgentDefault:SecureJarResource(ftbxmodcompat)]
[28Dec2025 23:05:22.939] [main/DEBUG] [mixin/]: Processing inject() for PlatformAgent[MixinPlatformAgentDefault:SecureJarResource(combatroll)]
[28Dec2025 23:05:22.939] [main/DEBUG] [mixin/]: Processing inject() for PlatformAgent[MixinPlatformAgentDefault:SecureJarResource(morevillagers)]
[28Dec2025 23:05:22.939] [main/DEBUG] [mixin/]: Processing inject() for PlatformAgent[MixinPlatformAgentDefault:SecureJarResource(repurposed_structures)]
[28Dec2025 23:05:22.939] [main/DEBUG] [mixin/]: Processing inject() for PlatformAgent[MixinPlatformAgentDefault:SecureJarResource(explorify)]
[28Dec2025 23:05:22.939] [main/DEBUG] [mixin/]: Processing inject() for PlatformAgent[MixinPlatformAgentDefault:SecureJarResource(ironfurnaces)]
[28Dec2025 23:05:22.939] [main/DEBUG] [mixin/]: Processing inject() for PlatformAgent[MixinPlatformAgentDefault:SecureJarResource(dungeons_plus)]
[28Dec2025 23:05:22.939] [main/DEBUG] [mixin/]: Processing inject() for PlatformAgent[MixinPlatformAgentDefault:SecureJarResource(unusualend)]
[28Dec2025 23:05:22.939] [main/DEBUG] [mixin/]: Processing inject() for PlatformAgent[MixinPlatformAgentDefault:SecureJarResource(darkerdepths)]
[28Dec2025 23:05:22.939] [main/DEBUG] [mixin/]: Processing inject() for PlatformAgent[MixinPlatformAgentDefault:SecureJarResource(servercore)]
[28Dec2025 23:05:22.939] [main/DEBUG] [mixin/]: Processing inject() for PlatformAgent[MixinPlatformAgentDefault:SecureJarResource(highlighter)]
[28Dec2025 23:05:22.939] [main/DEBUG] [mixin/]: Processing inject() for PlatformAgent[MixinPlatformAgentDefault:SecureJarResource(reeses_sodium_options)]
[28Dec2025 23:05:22.939] [main/DEBUG] [mixin/]: Processing inject() for PlatformAgent[MixinPlatformAgentDefault:SecureJarResource(mcsa)]
[28Dec2025 23:05:22.939] [main/DEBUG] [mixin/]: Processing inject() for PlatformAgent[MixinPlatformAgentDefault:SecureJarResource(curios)]
[28Dec2025 23:05:22.939] [main/DEBUG] [mixin/]: Processing inject() for PlatformAgent[MixinPlatformAgentDefault:SecureJarResource(origins)]
[28Dec2025 23:05:22.939] [main/DEBUG] [mixin/]: Processing inject() for PlatformAgent[MixinPlatformAgentDefault:SecureJarResource(gamestages)]
[28Dec2025 23:05:22.939] [main/DEBUG] [mixin/]: Processing inject() for PlatformAgent[MixinPlatformAgentDefault:SecureJarResource(rightclickharvest)]
[28Dec2025 23:05:22.939] [main/DEBUG] [mixin/]: Processing inject() for PlatformAgent[MixinPlatformAgentDefault:SecureJarResource(noisium)]
[28Dec2025 23:05:22.939] [main/DEBUG] [mixin/]: Processing inject() for PlatformAgent[MixinPlatformAgentDefault:SecureJarResource(dragonenchants)]
[28Dec2025 23:05:22.939] [main/DEBUG] [mixin/]: Processing inject() for PlatformAgent[MixinPlatformAgentDefault:SecureJarResource(cumulus_menus)]
[28Dec2025 23:05:22.939] [main/DEBUG] [mixin/]: Processing inject() for PlatformAgent[MixinPlatformAgentDefault:SecureJarResource(worldedit)]
[28Dec2025 23:05:22.939] [main/DEBUG] [mixin/]: Processing inject() for PlatformAgent[MixinPlatformAgentDefault:SecureJarResource(constructionwand)]
[28Dec2025 23:05:22.939] [main/DEBUG] [mixin/]: Processing inject() for PlatformAgent[MixinPlatformAgentDefault:SecureJarResource(pluto)]
[28Dec2025 23:05:22.939] [main/DEBUG] [mixin/]: Processing inject() for PlatformAgent[MixinPlatformAgentDefault:SecureJarResource(apothiccurios)]
[28Dec2025 23:05:22.939] [main/DEBUG] [mixin/]: Processing inject() for PlatformAgent[MixinPlatformAgentDefault:SecureJarResource(betterwithminecolonies)]
[28Dec2025 23:05:22.939] [main/DEBUG] [mixin/]: Processing inject() for PlatformAgent[MixinPlatformAgentDefault:SecureJarResource(betterendisland)]
[28Dec2025 23:05:22.939] [main/DEBUG] [mixin/]: Processing inject() for PlatformAgent[MixinPlatformAgentDefault:SecureJarResource(nitrogen_internals)]
[28Dec2025 23:05:22.939] [main/DEBUG] [mixin/]: Processing inject() for PlatformAgent[MixinPlatformAgentDefault:SecureJarResource(celestisynth)]
[28Dec2025 23:05:22.939] [main/DEBUG] [mixin/]: Processing inject() for PlatformAgent[MixinPlatformAgentDefault:SecureJarResource(deep_aether)]
[28Dec2025 23:05:22.939] [main/DEBUG] [mixin/]: Processing inject() for PlatformAgent[MixinPlatformAgentDefault:SecureJarResource(toms_storage)]
[28Dec2025 23:05:22.939] [main/DEBUG] [mixin/]: Processing inject() for PlatformAgent[MixinPlatformAgentDefault:SecureJarResource(dynamictrees)]
[28Dec2025 23:05:22.939] [main/DEBUG] [mixin/]: Processing inject() for PlatformAgent[MixinPlatformAgentDefault:SecureJarResource(bettermineshafts)]
[28Dec2025 23:05:22.939] [main/DEBUG] [mixin/]: Processing inject() for PlatformAgent[MixinPlatformAgentDefault:SecureJarResource(geckolib3)]
[28Dec2025 23:05:22.939] [main/DEBUG] [mixin/]: Processing inject() for PlatformAgent[MixinPlatformAgentDefault:SecureJarResource(majruszlibrary)]
[28Dec2025 23:05:22.939] [main/DEBUG] [mixin/]: Processing inject() for PlatformAgent[MixinPlatformAgentDefault:SecureJarResource(betterjungletemples)]
[28Dec2025 23:05:22.939] [main/DEBUG] [mixin/]: Processing inject() for PlatformAgent[MixinPlatformAgentDefault:SecureJarResource(elytraslot)]
[28Dec2025 23:05:22.939] [main/DEBUG] [mixin/]: Processing inject() for PlatformAgent[MixinPlatformAgentDefault:SecureJarResource(mowziesmobs)]
[28Dec2025 23:05:22.939] [main/DEBUG] [mixin/]: Processing inject() for PlatformAgent[MixinPlatformAgentDefault:SecureJarResource(humancompanions)]
[28Dec2025 23:05:22.939] [main/DEBUG] [mixin/]: Processing inject() for PlatformAgent[MixinPlatformAgentDefault:SecureJarResource(ftblibrary)]
[28Dec2025 23:05:22.939] [main/DEBUG] [mixin/]: Processing inject() for PlatformAgent[MixinPlatformAgentDefault:SecureJarResource(mutantmonsters)]
[28Dec2025 23:05:22.939] [main/DEBUG] [mixin/]: Processing inject() for PlatformAgent[MixinPlatformAgentDefault:SecureJarResource(jei)]
[28Dec2025 23:05:22.939] [main/DEBUG] [mixin/]: Processing inject() for PlatformAgent[MixinPlatformAgentDefault:SecureJarResource(multipiston)]
[28Dec2025 23:05:22.939] [main/DEBUG] [mixin/]: Processing inject() for PlatformAgent[MixinPlatformAgentDefault:SecureJarResource(attributefix)]
[28Dec2025 23:05:22.939] [main/DEBUG] [mixin/]: Processing inject() for PlatformAgent[MixinPlatformAgentDefault:SecureJarResource(pehkui)]
[28Dec2025 23:05:22.939] [main/DEBUG] [mixin/]: Processing inject() for PlatformAgent[MixinPlatformAgentDefault:SecureJarResource(goblintraders)]
[28Dec2025 23:05:22.939] [main/DEBUG] [mixin/]: Processing inject() for PlatformAgent[MixinPlatformAgentDefault:SecureJarResource(libraryferret)]
[28Dec2025 23:05:22.939] [main/DEBUG] [mixin/]: Processing inject() for PlatformAgent[MixinPlatformAgentDefault:SecureJarResource(caelus)]
[28Dec2025 23:05:22.939] [main/DEBUG] [mixin/]: Processing inject() for PlatformAgent[MixinPlatformAgentDefault:SecureJarResource(paxi)]
[28Dec2025 23:05:22.939] [main/DEBUG] [mixin/]: Processing inject() for PlatformAgent[MixinPlatformAgentDefault:SecureJarResource(ringsofascension)]
[28Dec2025 23:05:22.939] [main/DEBUG] [mixin/]: Processing inject() for PlatformAgent[MixinPlatformAgentDefault:SecureJarResource(apotheotic_additions)]
[28Dec2025 23:05:22.939] [main/DEBUG] [mixin/]: Processing inject() for PlatformAgent[MixinPlatformAgentDefault:SecureJarResource(fastasyncworldsave)]
[28Dec2025 23:05:22.939] [main/DEBUG] [mixin/]: Processing inject() for PlatformAgent[MixinPlatformAgentDefault:SecureJarResource(naturescompass)]
[28Dec2025 23:05:22.939] [main/DEBUG] [mixin/]: Processing inject() for PlatformAgent[MixinPlatformAgentDefault:SecureJarResource(craterlib)]
[28Dec2025 23:05:22.939] [main/DEBUG] [mixin/]: Processing inject() for PlatformAgent[MixinPlatformAgentDefault:SecureJarResource(starlight)]
[28Dec2025 23:05:22.939] [main/DEBUG] [mixin/]: Processing inject() for PlatformAgent[MixinPlatformAgentDefault:SecureJarResource(corpsecurioscompat)]
[28Dec2025 23:05:22.939] [main/DEBUG] [mixin/]: Processing inject() for PlatformAgent[MixinPlatformAgentDefault:SecureJarResource(medieval_paintings)]
[28Dec2025 23:05:22.939] [main/DEBUG] [mixin/]: Processing inject() for PlatformAgent[MixinPlatformAgentDefault:SecureJarResource(ars_nouveau)]
[28Dec2025 23:05:22.939] [main/DEBUG] [mixin/]: Processing inject() for PlatformAgent[MixinPlatformAgentDefault:SecureJarResource(crafttweaker)]
[28Dec2025 23:05:22.939] [main/DEBUG] [mixin/]: Processing inject() for PlatformAgent[MixinPlatformAgentDefault:SecureJarResource(memoryleakfix)]
[28Dec2025 23:05:22.939] [main/DEBUG] [mixin/]: Processing inject() for PlatformAgent[MixinPlatformAgentDefault:SecureJarResource(dungeons_arise_seven_seas)]
[28Dec2025 23:05:22.939] [main/DEBUG] [mixin/]: Processing inject() for PlatformAgent[MixinPlatformAgentDefault:SecureJarResource(rubidium_extras)]
[28Dec2025 23:05:22.939] [main/DEBUG] [mixin/]: Processing inject() for PlatformAgent[MixinPlatformAgentDefault:SecureJarResource(forge)]
[28Dec2025 23:05:22.939] [main/DEBUG] [mixin/]: Processing inject() for PlatformAgent[MixinPlatformAgentDefault:SecureJarResource(infernalmobs)]
[28Dec2025 23:05:22.939] [main/DEBUG] [mixin/]: Processing inject() for PlatformAgent[MixinPlatformAgentDefault:SecureJarResource(ironchest)]
[28Dec2025 23:05:22.939] [main/DEBUG] [mixin/]: Processing inject() for PlatformAgent[MixinPlatformAgentDefault:SecureJarResource(dungeons_arise)]
[28Dec2025 23:05:22.939] [main/DEBUG] [mixin/]: Processing inject() for PlatformAgent[MixinPlatformAgentDefault:SecureJarResource(sons_of_sins)]
[28Dec2025 23:05:22.939] [main/DEBUG] [mixin/]: Processing inject() for PlatformAgent[MixinPlatformAgentDefault:SecureJarResource(minecraft)]
[28Dec2025 23:05:22.939] [main/DEBUG] [mixin/]: Processing inject() for PlatformAgent[MixinPlatformAgentDefault:SecureJarResource(terrablender)]
[28Dec2025 23:05:22.939] [main/DEBUG] [mixin/]: Processing inject() for PlatformAgent[MixinPlatformAgentDefault:SecureJarResource(bettercombat)]
[28Dec2025 23:05:22.939] [main/DEBUG] [mixin/]: Processing inject() for PlatformAgent[MixinPlatformAgentDefault:SecureJarResource(mousetweaks)]
[28Dec2025 23:05:22.939] [main/DEBUG] [mixin/]: Processing inject() for PlatformAgent[MixinPlatformAgentDefault:SecureJarResource(commonality)]
[28Dec2025 23:05:22.939] [main/DEBUG] [mixin/]: Processing inject() for PlatformAgent[MixinPlatformAgentDefault:SecureJarResource(awesomedungeonnether)]
[28Dec2025 23:05:22.939] [main/DEBUG] [mixin/]: Processing inject() for PlatformAgent[MixinPlatformAgentDefault:SecureJarResource(ftbquests)]
[28Dec2025 23:05:22.939] [main/DEBUG] [mixin/]: Processing inject() for PlatformAgent[MixinPlatformAgentDefault:SecureJarResource(necronomicon)]
[28Dec2025 23:05:22.939] [main/DEBUG] [mixin/]: Processing inject() for PlatformAgent[MixinPlatformAgentDefault:SecureJarResource(knightquest)]
[28Dec2025 23:05:22.939] [main/DEBUG] [mixin/]: Processing inject() for PlatformAgent[MixinPlatformAgentDefault:SecureJarResource(itemproductionlib)]
[28Dec2025 23:05:22.939] [main/DEBUG] [mixin/]: Processing inject() for PlatformAgent[MixinPlatformAgentDefault:SecureJarResource(spectrelib)]
[28Dec2025 23:05:22.939] [main/DEBUG] [mixin/]: Processing inject() for PlatformAgent[MixinPlatformAgentDefault:SecureJarResource(corgilib)]
[28Dec2025 23:05:22.939] [main/DEBUG] [mixin/]: Processing inject() for PlatformAgent[MixinPlatformAgentDefault:SecureJarResource(fastpaintings)]
[28Dec2025 23:05:22.939] [main/DEBUG] [mixin/]: Processing inject() for PlatformAgent[MixinPlatformAgentDefault:SecureJarResource(aeroblender)]
[28Dec2025 23:05:22.939] [main/DEBUG] [mixin/]: Processing inject() for PlatformAgent[MixinPlatformAgentDefault:SecureJarResource(domum_ornamentum)]
[28Dec2025 23:05:22.939] [main/DEBUG] [mixin/]: Processing inject() for PlatformAgent[MixinPlatformAgentDefault:SecureJarResource(calio)]
[28Dec2025 23:05:22.939] [main/DEBUG] [mixin/]: Processing inject() for PlatformAgent[MixinPlatformAgentDefault:SecureJarResource(betterfpsdist)]
[28Dec2025 23:05:22.939] [main/DEBUG] [mixin/]: Processing inject() for PlatformAgent[MixinPlatformAgentDefault:SecureJarResource(brewinandchewin)]
[28Dec2025 23:05:22.939] [main/DEBUG] [mixin/]: Processing inject() for PlatformAgent[MixinPlatformAgentDefault:SecureJarResource(farmersrespite)]
[28Dec2025 23:05:22.939] [main/DEBUG] [mixin/]: Processing inject() for PlatformAgent[MixinPlatformAgentDefault:SecureJarResource(whisperwoods)]
[28Dec2025 23:05:22.939] [main/DEBUG] [mixin/]: Processing inject() for PlatformAgent[MixinPlatformAgentDefault:SecureJarResource(ecologics)]
[28Dec2025 23:05:22.939] [main/DEBUG] [mixin/]: Processing inject() for PlatformAgent[MixinPlatformAgentDefault:SecureJarResource(xaerominimap)]
[28Dec2025 23:05:22.939] [main/DEBUG] [mixin/]: Processing inject() for PlatformAgent[MixinPlatformAgentDefault:SecureJarResource(shadowizardlib)]
[28Dec2025 23:05:22.939] [main/DEBUG] [mixin/]: Processing inject() for PlatformAgent[MixinPlatformAgentDefault:SecureJarResource(bocchium)]
[28Dec2025 23:05:22.939] [main/DEBUG] [mixin/]: Processing inject() for PlatformAgent[MixinPlatformAgentDefault:SecureJarResource(autoreglib)]
[28Dec2025 23:05:22.939] [main/DEBUG] [mixin/]: Processing inject() for PlatformAgent[MixinPlatformAgentDefault:SecureJarResource(polymorph)]
[28Dec2025 23:05:22.939] [main/DEBUG] [mixin/]: Processing inject() for PlatformAgent[MixinPlatformAgentDefault:SecureJarResource(entityculling)]
[28Dec2025 23:05:22.939] [main/DEBUG] [mixin/]: Processing inject() for PlatformAgent[MixinPlatformAgentDefault:SecureJarResource(canary)]
[28Dec2025 23:05:22.939] [main/DEBUG] [mixin/]: Processing inject() for PlatformAgent[MixinPlatformAgentDefault:SecureJarResource(strictly_origins)]
[28Dec2025 23:05:22.939] [main/DEBUG] [mixin/]: Processing inject() for PlatformAgent[MixinPlatformAgentDefault:SecureJarResource(mythic)]
[28Dec2025 23:05:22.939] [main/DEBUG] [mixin/]: Processing inject() for PlatformAgent[MixinPlatformAgentDefault:SecureJarResource(structurize)]
[28Dec2025 23:05:22.939] [main/DEBUG] [mixin/]: Processing inject() for PlatformAgent[MixinPlatformAgentDefault:SecureJarResource(immediatelyfast)]
[28Dec2025 23:05:22.939] [main/DEBUG] [mixin/]: Processing inject() for PlatformAgent[MixinPlatformAgentDefault:SecureJarResource(tlc)]
[28Dec2025 23:05:22.939] [main/DEBUG] [mixin/]: Processing inject() for PlatformAgent[MixinPlatformAgentDefault:SecureJarResource(appleskin)]
[28Dec2025 23:05:22.939] [main/DEBUG] [mixin/]: Processing inject() for PlatformAgent[MixinPlatformAgentDefault:SecureJarResource(lootr)]
[28Dec2025 23:05:22.939] [main/DEBUG] [mixin/]: Processing inject() for PlatformAgent[MixinPlatformAgentDefault:SecureJarResource(biomemusic)]
[28Dec2025 23:05:22.939] [main/DEBUG] [mixin/]: Processing inject() for PlatformAgent[MixinPlatformAgentDefault:SecureJarResource(upgradednetherite_ultimate)]
[28Dec2025 23:05:22.939] [main/DEBUG] [mixin/]: Processing inject() for PlatformAgent[MixinPlatformAgentDefault:SecureJarResource(puzzleslib)]
[28Dec2025 23:05:22.939] [main/DEBUG] [mixin/]: Processing inject() for PlatformAgent[MixinPlatformAgentDefault:SecureJarResource(aquaculture)]
[28Dec2025 23:05:22.939] [main/DEBUG] [mixin/]: Processing inject() for PlatformAgent[MixinPlatformAgentDefault:SecureJarResource(byg)]
[28Dec2025 23:05:22.939] [main/DEBUG] [mixin/]: Processing inject() for PlatformAgent[MixinPlatformAgentDefault:SecureJarResource(delightful)]
[28Dec2025 23:05:22.939] [main/DEBUG] [mixin/]: Processing inject() for PlatformAgent[MixinPlatformAgentDefault:SecureJarResource(chunksending)]
[28Dec2025 23:05:22.939] [main/DEBUG] [mixin/]: Processing inject() for PlatformAgent[MixinPlatformAgentDefault:SecureJarResource(phantasm)]
[28Dec2025 23:05:22.939] [main/DEBUG] [mixin/]: Processing inject() for PlatformAgent[MixinPlatformAgentDefault:SecureJarResource(aquamirae)]
[28Dec2025 23:05:22.939] [main/DEBUG] [mixin/]: Processing inject() for PlatformAgent[MixinPlatformAgentDefault:SecureJarResource(defaultoptions)]
[28Dec2025 23:05:22.939] [main/DEBUG] [mixin/]: Processing inject() for PlatformAgent[MixinPlatformAgentDefault:SecureJarResource(xpbook)]
[28Dec2025 23:05:22.939] [main/DEBUG] [mixin/]: Processing inject() for PlatformAgent[MixinPlatformAgentDefault:SecureJarResource(totw_modded)]
[28Dec2025 23:05:22.939] [main/DEBUG] [mixin/]: Processing inject() for PlatformAgent[MixinPlatformAgentDefault:SecureJarResource(skyvillages)]
[28Dec2025 23:05:22.940] [main/DEBUG] [mixin/]: Processing inject() for PlatformAgent[MixinPlatformAgentDefault:SecureJarResource(blue_skies)]
[28Dec2025 23:05:22.940] [main/DEBUG] [mixin/]: Processing inject() for PlatformAgent[MixinPlatformAgentDefault:SecureJarResource(transmog)]
[28Dec2025 23:05:22.940] [main/DEBUG] [mixin/]: Processing inject() for PlatformAgent[MixinPlatformAgentDefault:SecureJarResource(ars_additions)]
[28Dec2025 23:05:22.940] [main/DEBUG] [mixin/]: Processing inject() for PlatformAgent[MixinPlatformAgentDefault:SecureJarResource(recipeessentials)]
[28Dec2025 23:05:22.940] [main/DEBUG] [mixin/]: Processing inject() for PlatformAgent[MixinPlatformAgentDefault:SecureJarResource(aether)]
[28Dec2025 23:05:22.940] [main/DEBUG] [mixin/]: Processing inject() for PlatformAgent[MixinPlatformAgentDefault:SecureJarResource(galosphere)]
[28Dec2025 23:05:22.940] [main/DEBUG] [mixin/]: Processing inject() for PlatformAgent[MixinPlatformAgentDefault:SecureJarResource(towntalk)]
[28Dec2025 23:05:22.940] [main/DEBUG] [mixin/]: Processing inject() for PlatformAgent[MixinPlatformAgentDefault:SecureJarResource(betteroceanmonuments)]
[28Dec2025 23:05:22.940] [main/DEBUG] [mixin/]: Processing inject() for PlatformAgent[MixinPlatformAgentDefault:SecureJarResource(connectivity)]
[28Dec2025 23:05:22.940] [main/DEBUG] [mixin/]: Processing inject() for PlatformAgent[MixinPlatformAgentDefault:SecureJarResource(immersive_aircraft)]
[28Dec2025 23:05:22.940] [main/DEBUG] [mixin/]: Processing inject() for PlatformAgent[MixinPlatformAgentDefault:SecureJarResource(incendium)]
[28Dec2025 23:05:22.940] [main/DEBUG] [mixin/]: Processing inject() for PlatformAgent[MixinPlatformAgentDefault:SecureJarResource(gpumemleakfix)]
[28Dec2025 23:05:22.940] [main/DEBUG] [mixin/]: Processing inject() for PlatformAgent[MixinPlatformAgentDefault:SecureJarResource(sophisticatedcore)]
[28Dec2025 23:05:22.940] [main/DEBUG] [mixin/]: Processing inject() for PlatformAgent[MixinPlatformAgentDefault:SecureJarResource(insanelib)]
[28Dec2025 23:05:22.940] [main/DEBUG] [mixin/]: Processing inject() for PlatformAgent[MixinPlatformAgentDefault:SecureJarResource(structureessentials)]
[28Dec2025 23:05:22.940] [main/DEBUG] [mixin/]: Processing inject() for PlatformAgent[MixinPlatformAgentDefault:SecureJarResource(controlling)]
[28Dec2025 23:05:22.940] [main/DEBUG] [mixin/]: Processing inject() for PlatformAgent[MixinPlatformAgentDefault:SecureJarResource(xaeroworldmap)]
[28Dec2025 23:05:22.940] [main/DEBUG] [mixin/]: Processing inject() for PlatformAgent[MixinPlatformAgentDefault:SecureJarResource(citadel)]
[28Dec2025 23:05:22.940] [main/DEBUG] [mixin/]: Processing inject() for PlatformAgent[MixinPlatformAgentDefault:SecureJarResource(placebo)]
[28Dec2025 23:05:22.940] [main/DEBUG] [mixin/]: Processing inject() for PlatformAgent[MixinPlatformAgentDefault:SecureJarResource(prism)]
[28Dec2025 23:05:22.940] [main/DEBUG] [mixin/]: Processing inject() for PlatformAgent[MixinPlatformAgentDefault:SecureJarResource(lootintegrations)]
[28Dec2025 23:05:22.940] [main/DEBUG] [mixin/]: Processing inject() for PlatformAgent[MixinPlatformAgentDefault:SecureJarResource(item_obliterator)]
[28Dec2025 23:05:22.940] [main/DEBUG] [mixin/]: Processing inject() for PlatformAgent[MixinPlatformAgentDefault:SecureJarResource(bakery)]
[28Dec2025 23:05:22.940] [main/DEBUG] [mixin/]: Processing inject() for PlatformAgent[MixinPlatformAgentDefault:SecureJarResource(bookshelf)]
[28Dec2025 23:05:22.940] [main/DEBUG] [mixin/]: Processing inject() for PlatformAgent[MixinPlatformAgentDefault:SecureJarResource(sophisticatedbackpacks)]
[28Dec2025 23:05:22.940] [main/DEBUG] [mixin/]: Processing inject() for PlatformAgent[MixinPlatformAgentDefault:SecureJarResource(royalvariations)]
[28Dec2025 23:05:22.940] [main/DEBUG] [mixin/]: Processing inject() for PlatformAgent[MixinPlatformAgentDefault:SecureJarResource(twigs)]
[28Dec2025 23:05:22.940] [main/DEBUG] [mixin/]: Processing inject() for PlatformAgent[MixinPlatformAgentDefault:SecureJarResource(relics)]
[28Dec2025 23:05:22.940] [main/DEBUG] [mixin/]: Processing inject() for PlatformAgent[MixinPlatformAgentDefault:SecureJarResource(progressivebosses)]
[28Dec2025 23:05:22.940] [main/DEBUG] [mixin/]: Processing inject() for PlatformAgent[MixinPlatformAgentDefault:SecureJarResource(takesapillage)]
[28Dec2025 23:05:22.940] [main/DEBUG] [mixin/]: Processing inject() for PlatformAgent[MixinPlatformAgentDefault:SecureJarResource(bygonenether)]
[28Dec2025 23:05:22.940] [main/DEBUG] [mixin/]: Processing inject() for PlatformAgent[MixinPlatformAgentDefault:SecureJarResource(carryon)]
[28Dec2025 23:05:22.940] [main/DEBUG] [mixin/]: Processing inject() for PlatformAgent[MixinPlatformAgentDefault:SecureJarResource(melody)]
[28Dec2025 23:05:22.940] [main/DEBUG] [mixin/]: Processing inject() for PlatformAgent[MixinPlatformAgentDefault:SecureJarResource(ftbteams)]
[28Dec2025 23:05:22.940] [main/DEBUG] [mixin/]: Processing inject() for PlatformAgent[MixinPlatformAgentDefault:SecureJarResource(dragonmounts)]
[28Dec2025 23:05:22.940] [main/DEBUG] [mixin/]: Processing inject() for PlatformAgent[MixinPlatformAgentDefault:SecureJarResource(dummmmmmy)]
[28Dec2025 23:05:22.940] [main/DEBUG] [mixin/]: Processing inject() for PlatformAgent[MixinPlatformAgentDefault:SecureJarResource(twilightforest)]
[28Dec2025 23:05:22.940] [main/DEBUG] [mixin/]: Processing inject() for PlatformAgent[MixinPlatformAgentDefault:SecureJarResource(konkrete)]
[28Dec2025 23:05:22.940] [main/DEBUG] [mixin/]: Processing inject() for PlatformAgent[MixinPlatformAgentDefault:SecureJarResource(enemyexpansion)]
[28Dec2025 23:05:22.940] [main/DEBUG] [mixin/]: Processing inject() for PlatformAgent[MixinPlatformAgentDefault:SecureJarResource(collectionofsingiro)]
[28Dec2025 23:05:22.940] [main/DEBUG] [mixin/]: Processing inject() for PlatformAgent[MixinPlatformAgentDefault:SecureJarResource(farmersdelight)]
[28Dec2025 23:05:22.940] [main/DEBUG] [mixin/]: Processing inject() for PlatformAgent[MixinPlatformAgentDefault:SecureJarResource(getittogetherdrops)]
[28Dec2025 23:05:22.940] [main/DEBUG] [mixin/]: Processing inject() for PlatformAgent[MixinPlatformAgentDefault:SecureJarResource(endrem)]
[28Dec2025 23:05:22.940] [main/DEBUG] [mixin/]: Processing inject() for PlatformAgent[MixinPlatformAgentDefault:SecureJarResource(longnbtkiller)]
[28Dec2025 23:05:22.940] [main/DEBUG] [mixin/]: Processing inject() for PlatformAgent[MixinPlatformAgentDefault:SecureJarResource(dungeons_enhanced)]
[28Dec2025 23:05:22.940] [main/DEBUG] [mixin/]: Processing inject() for PlatformAgent[MixinPlatformAgentDefault:SecureJarResource(lionfishapi)]
[28Dec2025 23:05:22.940] [main/DEBUG] [mixin/]: Processing inject() for PlatformAgent[MixinPlatformAgentDefault:SecureJarResource(cataclysm)]
[28Dec2025 23:05:22.940] [main/DEBUG] [mixin/]: Processing inject() for PlatformAgent[MixinPlatformAgentDefault:SecureJarResource(memorysettings)]
[28Dec2025 23:05:22.940] [main/DEBUG] [mixin/]: Processing inject() for PlatformAgent[MixinPlatformAgentDefault:SecureJarResource(blockui)]
[28Dec2025 23:05:22.940] [main/DEBUG] [mixin/]: Processing inject() for PlatformAgent[MixinPlatformAgentDefault:SecureJarResource(patchouli)]
[28Dec2025 23:05:22.940] [main/DEBUG] [mixin/]: Processing inject() for PlatformAgent[MixinPlatformAgentDefault:SecureJarResource(origins_classes)]
[28Dec2025 23:05:22.940] [main/DEBUG] [mixin/]: Processing inject() for PlatformAgent[MixinPlatformAgentDefault:SecureJarResource(dramaticdoors)]
[28Dec2025 23:05:22.940] [main/DEBUG] [mixin/]: Processing inject() for PlatformAgent[MixinPlatformAgentDefault:SecureJarResource(woodworks)]
[28Dec2025 23:05:22.940] [main/DEBUG] [mixin/]: Processing inject() for PlatformAgent[MixinPlatformAgentDefault:SecureJarResource(betterthirdperson)]
[28Dec2025 23:05:22.940] [main/DEBUG] [mixin/]: Processing inject() for PlatformAgent[MixinPlatformAgentDefault:SecureJarResource(elevatorid)]
[28Dec2025 23:05:22.940] [main/DEBUG] [mixin/]: Processing inject() for PlatformAgent[MixinPlatformAgentDefault:SecureJarResource(ftbultimine)]
[28Dec2025 23:05:22.940] [main/DEBUG] [mixin/]: Processing inject() for PlatformAgent[MixinPlatformAgentDefault:SecureJarResource(nightconfigfixes)]
[28Dec2025 23:05:22.940] [main/DEBUG] [mixin/]: Processing inject() for PlatformAgent[MixinPlatformAgentDefault:SecureJarResource(betterstrongholds)]
[28Dec2025 23:05:22.940] [main/DEBUG] [mixin/]: Processing inject() for PlatformAgent[MixinPlatformAgentDefault:SecureJarResource(enigmaticlegacy)]
[28Dec2025 23:05:22.940] [main/DEBUG] [mixin/]: Processing inject() for PlatformAgent[MixinPlatformAgentDefault:SecureJarResource(architectury)]
[28Dec2025 23:05:22.940] [main/DEBUG] [mixin/]: Processing inject() for PlatformAgent[MixinPlatformAgentDefault:SecureJarResource(deeperdarker)]
[28Dec2025 23:05:22.940] [main/DEBUG] [mixin/]: Processing inject() for PlatformAgent[MixinPlatformAgentDefault:SecureJarResource(aiimprovements)]
[28Dec2025 23:05:22.940] [main/DEBUG] [mixin/]: Processing inject() for PlatformAgent[MixinPlatformAgentDefault:SecureJarResource(cupboard)]
[28Dec2025 23:05:22.940] [main/DEBUG] [mixin/]: Processing inject() for PlatformAgent[MixinPlatformAgentDefault:SecureJarResource(smallships)]
[28Dec2025 23:05:22.940] [main/DEBUG] [mixin/]: Processing inject() for PlatformAgent[MixinPlatformAgentDefault:SecureJarResource(letmedespawn)]
[28Dec2025 23:05:22.940] [main/DEBUG] [mixin/]: Processing inject() for PlatformAgent[MixinPlatformAgentDefault:SecureJarResource(t_and_t)]
[28Dec2025 23:05:22.940] [main/DEBUG] [mixin/]: Processing inject() for PlatformAgent[MixinPlatformAgentDefault:SecureJarResource(toomanyglyphs)]
[28Dec2025 23:05:22.940] [main/DEBUG] [mixin/]: Processing inject() for PlatformAgent[MixinPlatformAgentDefault:SecureJarResource(yeetusexperimentus)]
[28Dec2025 23:05:22.940] [main/DEBUG] [mixin/]: Processing inject() for PlatformAgent[MixinPlatformAgentDefault:SecureJarResource(dreadsteel)]
[28Dec2025 23:05:22.940] [main/DEBUG] [mixin/]: Processing inject() for PlatformAgent[MixinPlatformAgentDefault:SecureJarResource(betteradvancements)]
[28Dec2025 23:05:22.940] [main/DEBUG] [mixin/]: Processing inject() for PlatformAgent[MixinPlatformAgentDefault:SecureJarResource(majruszsaccessories)]
[28Dec2025 23:05:22.940] [main/DEBUG] [mixin/]: Processing inject() for PlatformAgent[MixinPlatformAgentDefault:SecureJarResource(bhmenu)]
[28Dec2025 23:05:22.940] [main/DEBUG] [mixin/]: Processing inject() for PlatformAgent[MixinPlatformAgentDefault:SecureJarResource(rhino)]
[28Dec2025 23:05:22.940] [main/DEBUG] [mixin/]: Processing inject() for PlatformAgent[MixinPlatformAgentDefault:SecureJarResource(trashslot)]
[28Dec2025 23:05:22.940] [main/DEBUG] [mixin/]: Processing inject() for PlatformAgent[MixinPlatformAgentDefault:SecureJarResource(awesomedungeonend)]
[28Dec2025 23:05:22.940] [main/DEBUG] [mixin/]: Processing inject() for PlatformAgent[MixinPlatformAgentDefault:SecureJarResource(octolib)]
[28Dec2025 23:05:22.940] [main/DEBUG] [mixin/]: Processing inject() for PlatformAgent[MixinPlatformAgentDefault:SecureJarResource(itemfilters)]
[28Dec2025 23:05:22.940] [main/DEBUG] [mixin/]: Processing inject() for PlatformAgent[MixinPlatformAgentDefault:SecureJarResource(hiccups_legacy)]
[28Dec2025 23:05:22.940] [main/DEBUG] [mixin/]: Processing inject() for PlatformAgent[MixinPlatformAgentDefault:SecureJarResource(simplerpc)]
[28Dec2025 23:05:22.940] [main/DEBUG] [mixin/]: Processing inject() for PlatformAgent[MixinPlatformAgentDefault:SecureJarResource(obscure_api)]
[28Dec2025 23:05:22.940] [main/DEBUG] [mixin/]: Processing inject() for PlatformAgent[MixinPlatformAgentDefault:SecureJarResource(structorytowers)]
[28Dec2025 23:05:22.940] [main/DEBUG] [mixin/]: Processing inject() for PlatformAgent[MixinPlatformAgentDefault:SecureJarResource(waystones)]
[28Dec2025 23:05:22.940] [main/DEBUG] [mixin/]: Processing inject() for PlatformAgent[MixinPlatformAgentDefault:SecureJarResource(fantasyfurniture)]
[28Dec2025 23:05:22.940] [main/DEBUG] [mixin/]: Processing inject() for PlatformAgent[MixinPlatformAgentDefault:SecureJarResource(clumps)]
[28Dec2025 23:05:22.940] [main/DEBUG] [mixin/]: Processing inject() for PlatformAgent[MixinPlatformAgentDefault:SecureJarResource(structory)]
[28Dec2025 23:05:22.940] [main/DEBUG] [mixin/]: Processing inject() for PlatformAgent[MixinPlatformAgentDefault:SecureJarResource(comforts)]
[28Dec2025 23:05:22.940] [main/DEBUG] [mixin/]: Processing inject() for PlatformAgent[MixinPlatformAgentDefault:SecureJarResource(decorative_blocks)]
[28Dec2025 23:05:22.940] [main/DEBUG] [mixin/]: Processing inject() for PlatformAgent[MixinPlatformAgentDefault:SecureJarResource(enigmaticaddons)]
[28Dec2025 23:05:22.940] [main/DEBUG] [mixin/]: Processing inject() for PlatformAgent[MixinPlatformAgentDefault:SecureJarResource(myserveriscompatible)]
[28Dec2025 23:05:22.940] [main/DEBUG] [mixin/]: Processing inject() for PlatformAgent[MixinPlatformAgentDefault:SecureJarResource(dungeoncrawl)]
[28Dec2025 23:05:22.940] [main/DEBUG] [mixin/]: Processing inject() for PlatformAgent[MixinPlatformAgentDefault:SecureJarResource(badmobs)]
[28Dec2025 23:05:22.940] [main/DEBUG] [mixin/]: Processing inject() for PlatformAgent[MixinPlatformAgentDefault:SecureJarResource(knightlib)]
[28Dec2025 23:05:22.940] [main/DEBUG] [mixin/]: Processing inject() for PlatformAgent[MixinPlatformAgentDefault:SecureJarResource(lazydfu)]
[28Dec2025 23:05:22.940] [main/DEBUG] [mixin/]: Processing inject() for PlatformAgent[MixinPlatformAgentDefault:SecureJarResource(explorerscompass)]
[28Dec2025 23:05:22.940] [main/DEBUG] [mixin/]: Processing inject() for PlatformAgent[MixinPlatformAgentDefault:SecureJarResource(betterdeserttemples)]
[28Dec2025 23:05:22.940] [main/DEBUG] [mixin/]: Processing inject() for PlatformAgent[MixinPlatformAgentDefault:SecureJarResource(bosses_of_mass_destruction)]
[28Dec2025 23:05:22.940] [main/DEBUG] [mixin/]: Processing inject() for PlatformAgent[MixinPlatformAgentDefault:SecureJarResource(blueprint)]
[28Dec2025 23:05:22.940] [main/DEBUG] [mixin/]: Processing inject() for PlatformAgent[MixinPlatformAgentDefault:SecureJarResource(azurelib)]
[28Dec2025 23:05:22.940] [main/DEBUG] [mixin/]: Processing inject() for PlatformAgent[MixinPlatformAgentDefault:SecureJarResource(dungeons_andtaverns_mr)]
[28Dec2025 23:05:22.940] [main/DEBUG] [mixin/]: Processing inject() for PlatformAgent[MixinPlatformAgentDefault:SecureJarResource(ftbchunks)]
[28Dec2025 23:05:22.940] [main/DEBUG] [mixin/]: Processing inject() for PlatformAgent[MixinPlatformAgentDefault:SecureJarResource(travelerstitles)]
[28Dec2025 23:05:22.940] [main/DEBUG] [mixin/]: Processing inject() for PlatformAgent[MixinPlatformAgentDefault:SecureJarResource(toofast)]
[28Dec2025 23:05:22.941] [main/DEBUG] [mixin/]: Processing inject() for PlatformAgent[MixinPlatformAgentDefault:SecureJarResource(raided)]
[28Dec2025 23:05:22.941] [main/DEBUG] [mixin/]: Processing inject() for PlatformAgent[MixinPlatformAgentDefault:SecureJarResource(meetyourfight)]
[28Dec2025 23:05:22.941] [main/DEBUG] [mixin/]: Processing inject() for PlatformAgent[MixinPlatformAgentDefault:SecureJarResource(enchdesc)]
[28Dec2025 23:05:22.941] [main/DEBUG] [mixin/]: Processing inject() for PlatformAgent[MixinPlatformAgentDefault:SecureJarResource(simplyswords)]
[28Dec2025 23:05:22.941] [main/DEBUG] [mixin/]: Processing inject() for PlatformAgent[MixinPlatformAgentDefault:SecureJarResource(moonlight)]
[28Dec2025 23:05:22.941] [main/DEBUG] [mixin/]: Processing inject() for PlatformAgent[MixinPlatformAgentDefault:SecureJarResource(eccentrictome)]
[28Dec2025 23:05:22.941] [main/DEBUG] [mixin/]: Processing inject() for PlatformAgent[MixinPlatformAgentDefault:SecureJarResource(itemstages)]
[28Dec2025 23:05:22.941] [main/DEBUG] [mixin/]: Processing inject() for PlatformAgent[MixinPlatformAgentDefault:SecureJarResource(jade)]
[28Dec2025 23:05:22.941] [main/DEBUG] [mixin/]: Processing inject() for PlatformAgent[MixinPlatformAgentDefault:SecureJarResource(cisco_mod)]
[28Dec2025 23:05:22.941] [main/DEBUG] [mixin/]: Processing inject() for PlatformAgent[MixinPlatformAgentDefault:SecureJarResource(culllessleaves)]
[28Dec2025 23:05:22.941] [main/DEBUG] [mixin/]: Processing inject() for PlatformAgent[MixinPlatformAgentDefault:SecureJarResource(hoporp)]
[28Dec2025 23:05:22.941] [main/DEBUG] [mixin/]: Processing inject() for PlatformAgent[MixinPlatformAgentDefault:SecureJarResource(forbidden_arcanus)]
[28Dec2025 23:05:22.941] [main/DEBUG] [mixin/]: Processing inject() for PlatformAgent[MixinPlatformAgentDefault:SecureJarResource(nethersdelight)]
[28Dec2025 23:05:22.941] [main/DEBUG] [mixin/]: Processing inject() for PlatformAgent[MixinPlatformAgentDefault:SecureJarResource(smoothboot)]
[28Dec2025 23:05:22.941] [main/DEBUG] [mixin/]: Processing inject() for PlatformAgent[MixinPlatformAgentDefault:SecureJarResource(skilltree)]
[28Dec2025 23:05:22.941] [main/DEBUG] [mixin/]: Processing inject() for PlatformAgent[MixinPlatformAgentDefault:SecureJarResource(atmospheric)]
[28Dec2025 23:05:22.941] [main/DEBUG] [mixin/]: Processing inject() for PlatformAgent[MixinPlatformAgentDefault:SecureJarResource(easy_villagers)]
[28Dec2025 23:05:22.941] [main/DEBUG] [mixin/]: Processing inject() for PlatformAgent[MixinPlatformAgentDefault:SecureJarResource(iceberg)]
[28Dec2025 23:05:22.941] [main/DEBUG] [mixin/]: Processing inject() for PlatformAgent[MixinPlatformAgentDefault:SecureJarResource(brutalbosses)]
[28Dec2025 23:05:22.941] [main/DEBUG] [mixin/]: Processing inject() for PlatformAgent[MixinPlatformAgentDefault:SecureJarResource(quark)]
[28Dec2025 23:05:22.941] [main/DEBUG] [mixin/]: Processing inject() for PlatformAgent[MixinPlatformAgentDefault:SecureJarResource(ars_elemental)]
[28Dec2025 23:05:22.941] [main/DEBUG] [mixin/]: Processing inject() for PlatformAgent[MixinPlatformAgentDefault:SecureJarResource(storagedrawers)]
[28Dec2025 23:05:22.941] [main/DEBUG] [mixin/]: Processing inject() for PlatformAgent[MixinPlatformAgentDefault:SecureJarResource(immersive_paintings)]
[28Dec2025 23:05:22.941] [main/DEBUG] [mixin/]: Processing inject() for PlatformAgent[MixinPlatformAgentDefault:SecureJarResource(irons_spellbooks)]
[28Dec2025 23:05:22.941] [main/DEBUG] [mixin/]: Processing inject() for PlatformAgent[MixinPlatformAgentDefault:SecureJarResource(doespotatotick)]
[28Dec2025 23:05:22.941] [main/DEBUG] [mixin/]: Processing inject() for PlatformAgent[MixinPlatformAgentDefault:SecureJarResource(endlessbiomes)]
[28Dec2025 23:05:22.941] [main/DEBUG] [mixin/]: Processing inject() for PlatformAgent[MixinPlatformAgentDefault:SecureJarResource(upgradedcore)]
[28Dec2025 23:05:22.941] [main/DEBUG] [mixin/]: Processing inject() for PlatformAgent[MixinPlatformAgentDefault:SecureJarResource(minecolonies)]
[28Dec2025 23:05:22.941] [main/DEBUG] [mixin/]: Processing inject() for PlatformAgent[MixinPlatformAgentDefault:SecureJarResource(wabi_sabi_structures)]
[28Dec2025 23:05:22.941] [main/DEBUG] [mixin/]: Processing inject() for PlatformAgent[MixinPlatformAgentDefault:SecureJarResource(alexsdelight)]
[28Dec2025 23:05:22.941] [main/DEBUG] [mixin/]: Processing inject() for PlatformAgent[MixinPlatformAgentDefault:SecureJarResource(ferritecore)]
[28Dec2025 23:05:22.941] [main/DEBUG] [mixin/]: Processing inject() for PlatformAgent[MixinPlatformAgentDefault:SecureJarResource(apexcore)]
[28Dec2025 23:05:22.941] [main/DEBUG] [mixin/]: Processing inject() for PlatformAgent[MixinPlatformAgentDefault:SecureJarResource(majruszsenchantments)]
[28Dec2025 23:05:22.941] [main/DEBUG] [mixin/]: Processing inject() for PlatformAgent[MixinPlatformAgentDefault:SecureJarResource(badoptimizations)]
[28Dec2025 23:05:22.941] [main/DEBUG] [mixin/]: Processing inject() for PlatformAgent[MixinPlatformAgentDefault:SecureJarResource(packetfixer)]
[28Dec2025 23:05:22.941] [main/DEBUG] [mixin/]: Processing inject() for PlatformAgent[MixinPlatformAgentDefault:SecureJarResource(valhelsia_core)]
[28Dec2025 23:05:22.941] [main/DEBUG] [mixin/]: Processing inject() for PlatformAgent[MixinPlatformAgentDefault:SecureJarResource(overflowingbars)]
[28Dec2025 23:05:22.941] [main/DEBUG] [mixin/]: Processing inject() for PlatformAgent[MixinPlatformAgentDefault:SecureJarResource(undead_unleashed)]
[28Dec2025 23:05:22.941] [main/DEBUG] [mixin/]: Processing inject() for PlatformAgent[MixinPlatformAgentDefault:SecureJarResource(MixinSquared.beta._6)]
[28Dec2025 23:05:22.941] [main/DEBUG] [mixin/]: Processing inject() for PlatformAgent[MixinPlatformAgentDefault:SecureJarResource(Registrate.MC1._19)]
[28Dec2025 23:05:22.941] [main/DEBUG] [mixin/]: Processing inject() for PlatformAgent[MixinPlatformAgentDefault:SecureJarResource(jankson)]
[28Dec2025 23:05:22.941] [main/DEBUG] [mixin/]: Processing inject() for PlatformAgent[MixinPlatformAgentDefault:SecureJarResource(mixinextras)]
[28Dec2025 23:05:22.941] [main/DEBUG] [mixin/]: Processing inject() for PlatformAgent[MixinPlatformAgentDefault:SecureJarResource(Reflect)]
[28Dec2025 23:05:22.941] [main/DEBUG] [mixin/]: Processing inject() for PlatformAgent[MixinPlatformAgentDefault:SecureJarResource(json.path)]
[28Dec2025 23:05:22.941] [main/DEBUG] [mixin/]: Processing inject() for PlatformAgent[MixinPlatformAgentDefault:SecureJarResource(MathParser.org.mXparser)]
[28Dec2025 23:05:22.941] [main/DEBUG] [mixin/]: Processing inject() for PlatformAgent[MixinPlatformAgentDefault:SecureJarResource(mixinsquared)]
[28Dec2025 23:05:22.941] [main/DEBUG] [mixin/]: Processing inject() for PlatformAgent[MixinPlatformAgentDefault:SecureJarResource(MixinExtras)]
[28Dec2025 23:05:22.963] [main/DEBUG] [mixin/]: Preparing mixins for MixinEnvironment[PREINIT]
[28Dec2025 23:05:22.968] [main/INFO] [mixin/]: Successfully loaded Mixin Connector [ca.spottedleaf.starlight.mixin.MixinConnector]
[28Dec2025 23:05:22.969] [main/INFO] [mixin/]: Successfully loaded Mixin Connector [com.aizistral.enigmaticlegacy.MixinConnector]
[28Dec2025 23:05:22.970] [main/INFO] [cpw.mods.modlauncher.LaunchServiceHandler/MODLAUNCHER]: Launching target 'forgeserver' with arguments [nogui]
[28Dec2025 23:05:22.973] [main/DEBUG] [mixin/]: Preparing mixins for MixinEnvironment[DEFAULT]
[28Dec2025 23:05:22.973] [main/DEBUG] [mixin/]: Selecting config saturn.mixins.json
[28Dec2025 23:05:22.984] [main/INFO] [com.abdelaziz.saturn.common.Saturn/]: Loaded Saturn config file with 4 configurable options
[28Dec2025 23:05:22.988] [main/DEBUG] [mixin/]: Selecting config kubejs-forge.mixins.json
[28Dec2025 23:05:22.989] [main/DEBUG] [mixin/]: Selecting config kubejs-common.mixins.json
[28Dec2025 23:05:22.990] [main/DEBUG] [mixin/]: Selecting config betterdungeons.mixins.json
[28Dec2025 23:05:22.991] [main/DEBUG] [mixin/]: Selecting config betterdungeons_forge.mixins.json
[28Dec2025 23:05:22.991] [main/DEBUG] [mixin/]: Selecting config additionalentityattributes.mixins.json
[28Dec2025 23:05:22.992] [main/DEBUG] [mixin/]: Selecting config oriacs.mixins.json
[28Dec2025 23:05:22.992] [main/DEBUG] [mixin/]: Selecting config playerAnimator-common.mixins.json
[28Dec2025 23:05:22.994] [main/DEBUG] [mixin/]: Selecting config majruszsdifficulty-common.mixins.json
[28Dec2025 23:05:22.995] [main/DEBUG] [mixin/]: Selecting config majruszsdifficulty-forge.mixins.json
[28Dec2025 23:05:22.995] [main/DEBUG] [mixin/]: Selecting config entitycollisionfpsfix.mixins.json
[28Dec2025 23:05:22.996] [main/DEBUG] [mixin/]: Selecting config entitycollisionfpsfix.forge.mixins.json
[28Dec2025 23:05:22.997] [main/DEBUG] [mixin/]: Selecting config nerb-common.mixins.json
[28Dec2025 23:05:22.997] [main/DEBUG] [mixin/]: Selecting config nerb.mixins.json
[28Dec2025 23:05:22.998] [main/WARN] [mixin/]: Reference map 'nerb-forge-refmap.json' for nerb.mixins.json could not be read. If this is a development environment you can ignore this message
[28Dec2025 23:05:22.998] [main/DEBUG] [mixin/]: Selecting config apoli.mixins.json
[28Dec2025 23:05:23.001] [main/DEBUG] [mixin/]: Selecting config rubidium.mixins.json
[28Dec2025 23:05:23.007] [main/INFO] [Rubidium/]: Loaded configuration file for Rubidium: 30 options available, 0 override(s) found
[28Dec2025 23:05:23.008] [main/DEBUG] [mixin/]: Selecting config rubidium.compat.mixins.json
[28Dec2025 23:05:23.009] [main/DEBUG] [mixin/]: Selecting config doapi-common.mixins.json
[28Dec2025 23:05:23.009] [main/DEBUG] [mixin/]: Selecting config doapi.mixins.json
[28Dec2025 23:05:23.010] [main/DEBUG] [mixin/]: Selecting config modernfix-common.mixins.json
[28Dec2025 23:05:23.047] [main/WARN] [ModernFixConfig/]: ModelDataManager bugfixes have been disabled to prevent broken rendering with Rubidium installed. Please migrate to Embeddium.
[28Dec2025 23:05:23.049] [main/INFO] [ModernFix/]: Loaded configuration file for ModernFix 5.18.1+mc1.19.2: 87 options available, 3 override(s) found
[28Dec2025 23:05:23.050] [main/WARN] [ModernFix/]: Option 'mixin.bugfix.model_data_manager_cme' overriden (by mods [rubidium]) to 'false'
[28Dec2025 23:05:23.050] [main/WARN] [ModernFix/]: Option 'mixin.bugfix.item_cache_flag' overriden (by mods [canary]) to 'false'
[28Dec2025 23:05:23.050] [main/WARN] [ModernFix/]: Option 'mixin.perf.thread_priorities' overriden (by mods [smoothboot]) to 'false'
[28Dec2025 23:05:23.050] [main/INFO] [ModernFix/]: Applying Nashorn fix
[28Dec2025 23:05:23.060] [main/INFO] [ModernFix/]: Applied Forge config corruption patch
[28Dec2025 23:05:23.078] [main/DEBUG] [mixin/]: Selecting config modernfix-forge.mixins.json
[28Dec2025 23:05:23.079] [main/DEBUG] [mixin/]: Selecting config yungsapi.mixins.json
[28Dec2025 23:05:23.080] [main/DEBUG] [mixin/]: Selecting config yungsapi_forge.mixins.json
[28Dec2025 23:05:23.080] [main/DEBUG] [mixin/]: Selecting config maxhealthfix.common.mixins.json
[28Dec2025 23:05:23.081] [main/DEBUG] [mixin/]: Selecting config maxhealthfix.forge.mixins.json
[28Dec2025 23:05:23.081] [main/DEBUG] [mixin/]: Selecting config vinery-common.mixins.json
[28Dec2025 23:05:23.082] [main/DEBUG] [mixin/]: Selecting config vinery.mixins.json
[28Dec2025 23:05:23.082] [main/WARN] [mixin/]: Reference map 'vinery-forge-refmap.json' for vinery.mixins.json could not be read. If this is a development environment you can ignore this message
[28Dec2025 23:05:23.082] [main/DEBUG] [mixin/]: Selecting config apotheosis.mixins.json
[28Dec2025 23:05:23.083] [main/DEBUG] [mixin/]: Selecting config savage_and_ravage.mixins.json
[28Dec2025 23:05:23.083] [main/DEBUG] [mixin/]: Selecting config balm.mixins.json
[28Dec2025 23:05:23.084] [main/DEBUG] [mixin/]: Selecting config immersive_armors.mixins.json
[28Dec2025 23:05:23.084] [main/DEBUG] [mixin/]: Selecting config betterfortresses.mixins.json
[28Dec2025 23:05:23.085] [main/DEBUG] [mixin/]: Selecting config betterfortresses_forge.mixins.json
[28Dec2025 23:05:23.085] [main/DEBUG] [mixin/]: Selecting config autoleveling.mixins.json
[28Dec2025 23:05:23.086] [main/DEBUG] [mixin/]: Selecting config leavesbegone.common.mixins.json
[28Dec2025 23:05:23.086] [main/DEBUG] [mixin/]: Selecting config supplementaries-common.mixins.json
[28Dec2025 23:05:23.087] [main/DEBUG] [mixin/]: Selecting config supplementaries.mixins.json
[28Dec2025 23:05:23.088] [main/DEBUG] [mixin/]: Selecting config upgradednetherite.mixins.json
[28Dec2025 23:05:23.088] [main/DEBUG] [mixin/]: Selecting config structure_gel.mixins.json
[28Dec2025 23:05:23.089] [main/DEBUG] [mixin/]: Selecting config combatroll.mixins.json
[28Dec2025 23:05:23.089] [main/DEBUG] [mixin/]: Selecting config morevillagers-common.mixins.json
[28Dec2025 23:05:23.089] [main/DEBUG] [mixin/]: Selecting config morevillagers.mixins.json
[28Dec2025 23:05:23.090] [main/WARN] [mixin/]: Reference map 'morevillagers-forge-forge-refmap.json' for morevillagers.mixins.json could not be read. If this is a development environment you can ignore this message
[28Dec2025 23:05:23.090] [main/DEBUG] [mixin/]: Selecting config repurposed_structures.mixins.json
[28Dec2025 23:05:23.090] [main/DEBUG] [mixin/]: Selecting config dungeons_plus.mixins.json
[28Dec2025 23:05:23.091] [main/DEBUG] [mixin/]: Selecting config darkerdepths.mixins.json
[28Dec2025 23:05:23.091] [main/DEBUG] [mixin/]: Selecting config servercore.common.mixins.json
[28Dec2025 23:05:23.100] [main/INFO] [com.teampotato.redirector.Redirector/]: Redirecting sc_libs/com/electronwill/nightconfig/core/io/WritingMode
[28Dec2025 23:05:23.101] [main/INFO] [com.teampotato.redirector.Redirector/]: Redirecting sc_libs/com/electronwill/nightconfig/core/io/ParsingMode
[28Dec2025 23:05:23.105] [main/INFO] [com.teampotato.redirector.Redirector/]: Redirecting sc_libs/com/electronwill/nightconfig/core/io/IndentStyle
[28Dec2025 23:05:23.105] [main/INFO] [com.teampotato.redirector.Redirector/]: Redirecting sc_libs/com/electronwill/nightconfig/core/io/NewlineStyle
[28Dec2025 23:05:23.119] [main/INFO] [com.teampotato.redirector.Redirector/]: Redirecting me/wesley1808/servercore/common/config/Config$Table
[28Dec2025 23:05:23.125] [main/DEBUG] [mixin/]: Selecting config highlighter.mixins.json
[28Dec2025 23:05:23.125] [main/DEBUG] [mixin/]: Selecting config reeses_sodium_options.mixins.json
[28Dec2025 23:05:23.126] [main/DEBUG] [mixin/]: Selecting config curios.mixins.json
[28Dec2025 23:05:23.126] [main/DEBUG] [mixin/]: Selecting config origins.mixins.json
[28Dec2025 23:05:23.127] [main/DEBUG] [mixin/]: Selecting config noisium.mixins.json
[28Dec2025 23:05:23.128] [main/DEBUG] [mixin/]: Selecting config cumulus_menus.mixins.json
[28Dec2025 23:05:23.128] [main/DEBUG] [mixin/]: Selecting config pluto.mixins.json
[28Dec2025 23:05:23.129] [main/DEBUG] [mixin/]: Selecting config apothiccurios.mixins.json
[28Dec2025 23:05:23.130] [main/DEBUG] [mixin/]: Selecting config betterendisland.mixins.json
[28Dec2025 23:05:23.131] [main/DEBUG] [mixin/]: Selecting config betterendisland_forge.mixins.json
[28Dec2025 23:05:23.131] [main/DEBUG] [mixin/]: Selecting config nitrogen_internals.mixins.json
[28Dec2025 23:05:23.132] [main/WARN] [mixin/]: Reference map 'nitrogen_internals.refmap.json' for nitrogen_internals.mixins.json could not be read. If this is a development environment you can ignore this message
[28Dec2025 23:05:23.132] [main/DEBUG] [mixin/]: Selecting config celestisynth.mixins.json
[28Dec2025 23:05:23.133] [main/DEBUG] [mixin/]: Selecting config deep_aether.mixins.json
[28Dec2025 23:05:23.133] [main/DEBUG] [mixin/]: Selecting config bettermineshafts.mixins.json
[28Dec2025 23:05:23.134] [main/DEBUG] [mixin/]: Selecting config bettermineshafts_forge.mixins.json
[28Dec2025 23:05:23.134] [main/DEBUG] [mixin/]: Selecting config majruszlibrary-common.mixins.json
[28Dec2025 23:05:23.135] [main/DEBUG] [mixin/]: Selecting config majruszlibrary-forge.mixins.json
[28Dec2025 23:05:23.135] [main/DEBUG] [mixin/]: Selecting config betterjungletemples.mixins.json
[28Dec2025 23:05:23.136] [main/DEBUG] [mixin/]: Selecting config betterjungletemples_forge.mixins.json
[28Dec2025 23:05:23.136] [main/DEBUG] [mixin/]: Selecting config elytraslot-integrations.mixins.json
[28Dec2025 23:05:23.137] [main/DEBUG] [mixin/]: Selecting config ftblibrary-common.mixins.json
[28Dec2025 23:05:23.138] [main/DEBUG] [mixin/]: Selecting config mutantmonsters.common.mixins.json
[28Dec2025 23:05:23.139] [main/DEBUG] [mixin/]: Selecting config attributefix.mixins.json
[28Dec2025 23:05:23.139] [main/DEBUG] [mixin/]: Selecting config pehkui.mixins.json
[28Dec2025 23:05:23.141] [main/DEBUG] [mixin/]: Selecting config goblintraders.mixins.json
[28Dec2025 23:05:23.142] [main/DEBUG] [mixin/]: Selecting config caelus.mixins.json
[28Dec2025 23:05:23.142] [main/DEBUG] [mixin/]: Selecting config paxi.mixins.json
[28Dec2025 23:05:23.142] [main/DEBUG] [mixin/]: Selecting config paxi_forge.mixins.json
[28Dec2025 23:05:23.143] [main/DEBUG] [mixin/]: Selecting config fastasyncworldsave.mixins.json
[28Dec2025 23:05:23.143] [main/DEBUG] [mixin/]: Selecting config craterlib.mixins.json
[28Dec2025 23:05:23.143] [main/DEBUG] [mixin/]: Selecting config craterlib.forge.mixins.json
[28Dec2025 23:05:23.144] [main/DEBUG] [mixin/]: Selecting config starlight.mixins.json
[28Dec2025 23:05:23.144] [main/DEBUG] [mixin/]: Selecting config corpsecurioscompat.mixins.json
[28Dec2025 23:05:23.145] [main/DEBUG] [mixin/]: Selecting config ars_nouveau.mixins.json
[28Dec2025 23:05:23.154] [main/DEBUG] [mixin/]: Registering new injector for @Inject with org.spongepowered.asm.mixin.injection.struct.CallbackInjectionInfo
[28Dec2025 23:05:23.155] [main/DEBUG] [mixin/]: Registering new injector for @ModifyArg with org.spongepowered.asm.mixin.injection.struct.ModifyArgInjectionInfo
[28Dec2025 23:05:23.156] [main/DEBUG] [mixin/]: Registering new injector for @ModifyArgs with org.spongepowered.asm.mixin.injection.struct.ModifyArgsInjectionInfo
[28Dec2025 23:05:23.156] [main/DEBUG] [mixin/]: Registering new injector for @Redirect with org.spongepowered.asm.mixin.injection.struct.RedirectInjectionInfo
[28Dec2025 23:05:23.157] [main/DEBUG] [mixin/]: Registering new injector for @ModifyVariable with org.spongepowered.asm.mixin.injection.struct.ModifyVariableInjectionInfo
[28Dec2025 23:05:23.158] [main/DEBUG] [mixin/]: Registering new injector for @ModifyConstant with org.spongepowered.asm.mixin.injection.struct.ModifyConstantInjectionInfo
[28Dec2025 23:05:23.159] [main/DEBUG] [mixin/]: Registering new injector for @ModifyExpressionValue with shadowed.llamalad7.mixinextras.injector.ModifyExpressionValueInjectionInfo
[28Dec2025 23:05:23.159] [main/DEBUG] [mixin/]: Registering new injector for @ModifyReceiver with shadowed.llamalad7.mixinextras.injector.ModifyReceiverInjectionInfo
[28Dec2025 23:05:23.160] [main/DEBUG] [mixin/]: Registering new injector for @ModifyReturnValue with shadowed.llamalad7.mixinextras.injector.ModifyReturnValueInjectionInfo
[28Dec2025 23:05:23.162] [main/DEBUG] [mixin/]: Registering new injector for @WrapOperation with shadowed.llamalad7.mixinextras.injector.wrapoperation.WrapOperationInjectionInfo
[28Dec2025 23:05:23.163] [main/DEBUG] [mixin/]: Registering new injector for @WrapWithCondition with shadowed.llamalad7.mixinextras.injector.WrapWithConditionInjectionInfo
[28Dec2025 23:05:23.164] [main/DEBUG] [mixin/]: Selecting config crafttweaker.mixins.json
[28Dec2025 23:05:23.165] [main/DEBUG] [mixin/]: Selecting config crafttweaker.forge.mixins.json
[28Dec2025 23:05:23.165] [main/DEBUG] [mixin/]: Selecting config memoryleakfix.mixins.json
[28Dec2025 23:05:23.172] [main/DEBUG] [mixin/]: Registering new injector for @ModifyExpressionValue with ca.fxco.memoryleakfix.mixinextras.injector.ModifyExpressionValueInjectionInfo
[28Dec2025 23:05:23.173] [main/DEBUG] [mixin/]: Registering new injector for @ModifyReceiver with ca.fxco.memoryleakfix.mixinextras.injector.ModifyReceiverInjectionInfo
[28Dec2025 23:05:23.174] [main/DEBUG] [mixin/]: Registering new injector for @ModifyReturnValue with ca.fxco.memoryleakfix.mixinextras.injector.ModifyReturnValueInjectionInfo
[28Dec2025 23:05:23.176] [main/DEBUG] [mixin/]: Registering new injector for @WrapOperation with ca.fxco.memoryleakfix.mixinextras.injector.wrapoperation.WrapOperationInjectionInfo
[28Dec2025 23:05:23.176] [main/DEBUG] [mixin/]: Registering new injector for @WrapWithCondition with ca.fxco.memoryleakfix.mixinextras.injector.WrapWithConditionInjectionInfo
[28Dec2025 23:05:23.177] [main/DEBUG] [mixin/]: Registering new injector for @SugarWrapper with ca.fxco.memoryleakfix.mixinextras.sugar.impl.SugarWrapperInjectionInfo
[28Dec2025 23:05:23.180] [main/DEBUG] [mixin/]: Selecting config rubidium_extras.mixins.json
[28Dec2025 23:05:23.181] [main/DEBUG] [mixin/]: Selecting config terrablender.mixins.json
[28Dec2025 23:05:23.181] [main/DEBUG] [mixin/]: Selecting config terrablender_forge.mixins.json
[28Dec2025 23:05:23.181] [main/DEBUG] [mixin/]: Selecting config bettercombat.mixins.json
[28Dec2025 23:05:23.182] [main/DEBUG] [mixin/]: Selecting config mousetweaks.mixins.json
[28Dec2025 23:05:23.183] [main/DEBUG] [mixin/]: Selecting config necronomicon.forge.mixins.json
[28Dec2025 23:05:23.183] [main/DEBUG] [mixin/]: Selecting config itemproductionlib.mixins.json
[28Dec2025 23:05:23.184] [main/DEBUG] [mixin/]: Selecting config corgilib.mixins.json
[28Dec2025 23:05:23.184] [main/DEBUG] [mixin/]: Selecting config corgilib.forge.mixins.json
[28Dec2025 23:05:23.184] [main/WARN] [mixin/]: Reference map '${refmap_target}refmap.json' for corgilib.forge.mixins.json could not be read. If this is a development environment you can ignore this message
[28Dec2025 23:05:23.184] [main/DEBUG] [mixin/]: Selecting config fastpaintings.mixins.json
[28Dec2025 23:05:23.185] [main/DEBUG] [mixin/]: Selecting config fastpaintings-forge.mixins.json
[28Dec2025 23:05:23.186] [main/WARN] [mixin/]: Reference map 'fastpaintings-forge-refmap.json' for fastpaintings-forge.mixins.json could not be read. If this is a development environment you can ignore this message
[28Dec2025 23:05:23.186] [main/DEBUG] [mixin/]: Selecting config aeroblender.mixins.json
[28Dec2025 23:05:23.186] [main/DEBUG] [mixin/]: Selecting config betterfpsdist.mixins.json
[28Dec2025 23:05:23.187] [main/DEBUG] [mixin/]: Selecting config brewinandchewin.mixins.json
[28Dec2025 23:05:23.187] [main/DEBUG] [mixin/]: Selecting config farmersrespite.mixins.json
[28Dec2025 23:05:23.188] [main/DEBUG] [mixin/]: Selecting config mixin.imdlib-whisperwoods.json
[28Dec2025 23:05:23.189] [main/DEBUG] [mixin/]: Selecting config whisperwoods.mixins.json
[28Dec2025 23:05:23.189] [main/DEBUG] [mixin/]: Selecting config whisperwoods-forge.mixins.json
[28Dec2025 23:05:23.190] [main/DEBUG] [mixin/]: Selecting config ecologics-common.mixins.json
[28Dec2025 23:05:23.190] [main/DEBUG] [mixin/]: Selecting config ecologics.mixins.json
[28Dec2025 23:05:23.190] [main/DEBUG] [mixin/]: Selecting config bocchium.mixins.json
[28Dec2025 23:05:23.191] [main/DEBUG] [mixin/]: Selecting config polymorph.mixins.json
[28Dec2025 23:05:23.191] [main/DEBUG] [mixin/]: Selecting config polymorph-integrations.forge.mixins.json
[28Dec2025 23:05:23.193] [main/INFO] [com.teampotato.redirector.Redirector/]: Redirecting com/illusivesoulworks/polymorph/common/integration/PolymorphIntegrations$Mod
[28Dec2025 23:05:23.194] [main/INFO] [com.teampotato.redirector.Redirector/]: Redirecting com/illusivesoulworks/polymorph/common/integration/PolymorphIntegrations$Loader
[28Dec2025 23:05:23.196] [main/DEBUG] [Polymorph/]: Loaded com.illusivesoulworks.polymorph.platform.ForgeIntegrationPlatform@60f1f95b for service interface com.illusivesoulworks.polymorph.platform.services.IIntegrationPlatform
[28Dec2025 23:05:23.197] [main/DEBUG] [Polymorph/]: Loaded com.illusivesoulworks.polymorph.platform.ForgeClientPlatform@24749ad3 for service interface com.illusivesoulworks.polymorph.platform.services.IClientPlatform
[28Dec2025 23:05:23.198] [main/DEBUG] [Polymorph/]: Loaded com.illusivesoulworks.polymorph.platform.ForgePlatform@245dbd09 for service interface com.illusivesoulworks.polymorph.platform.services.IPlatform
[28Dec2025 23:05:23.203] [main/DEBUG] [mixin/]: Selecting config entityculling.mixins.json
[28Dec2025 23:05:23.203] [main/DEBUG] [mixin/]: Selecting config canary.mixins.json
[28Dec2025 23:05:23.215] [main/WARN] [CanaryConfig/]: Mod 'pluto' attempted to override option 'mixin.world.player_chunk_tick', which doesn't exist, ignoring
[28Dec2025 23:05:23.218] [main/INFO] [Canary/]: Loaded configuration file for Canary: 117 options available, 1 override(s) found
[28Dec2025 23:05:23.220] [main/DEBUG] [mixin/]: Selecting config immediatelyfast-forge.mixins.json
[28Dec2025 23:05:23.230] [main/DEBUG] [mixin/]: Selecting config immediatelyfast-common.mixins.json
[28Dec2025 23:05:23.231] [main/DEBUG] [mixin/]: Selecting config tlc.mixins.json
[28Dec2025 23:05:23.231] [main/WARN] [mixin/]: Reference map 'tlc.refmap.json' for tlc.mixins.json could not be read. If this is a development environment you can ignore this message
[28Dec2025 23:05:23.232] [main/DEBUG] [mixin/]: Selecting config lootr.mixins.json
[28Dec2025 23:05:23.232] [main/DEBUG] [mixin/]: Selecting config biomemusic.mixins.json
[28Dec2025 23:05:23.233] [main/DEBUG] [mixin/]: Selecting config puzzleslib.common.mixins.json
[28Dec2025 23:05:23.235] [main/DEBUG] [mixin/]: Selecting config puzzleslib.forge.mixins.json
[28Dec2025 23:05:23.235] [main/DEBUG] [mixin/]: Selecting config byg.mixins.json
[28Dec2025 23:05:23.237] [main/DEBUG] [mixin/]: Selecting config byg_forge.mixins.json
[28Dec2025 23:05:23.238] [main/DEBUG] [mixin/]: Selecting config chunksending.mixins.json
[28Dec2025 23:05:23.238] [main/DEBUG] [mixin/]: Selecting config aquamirae.mixins.json
[28Dec2025 23:05:23.239] [main/DEBUG] [mixin/]: Selecting config defaultoptions.mixins.json
[28Dec2025 23:05:23.239] [main/DEBUG] [mixin/]: Selecting config blue_skies.mixins.json
[28Dec2025 23:05:23.240] [main/DEBUG] [mixin/]: Selecting config mixins.transmog.common.json
[28Dec2025 23:05:23.240] [main/DEBUG] [mixin/]: Selecting config mixins.transmog.forge.json
[28Dec2025 23:05:23.241] [main/DEBUG] [mixin/]: Selecting config ars_additions.mixins.json
[28Dec2025 23:05:23.241] [main/DEBUG] [mixin/]: Selecting config recipeessentials.mixins.json
[28Dec2025 23:05:23.242] [main/DEBUG] [mixin/]: Selecting config aether.mixins.json
[28Dec2025 23:05:23.243] [main/DEBUG] [mixin/]: Selecting config galosphere.mixins.json
[28Dec2025 23:05:23.244] [main/DEBUG] [mixin/]: Selecting config betteroceanmonuments.mixins.json
[28Dec2025 23:05:23.244] [main/DEBUG] [mixin/]: Selecting config betteroceanmonuments_forge.mixins.json
[28Dec2025 23:05:23.245] [main/DEBUG] [mixin/]: Selecting config connectivity.mixins.json
[28Dec2025 23:05:23.247] [main/DEBUG] [mixin/]: Selecting config immersive_aircraft.mixins.json
[28Dec2025 23:05:23.248] [main/DEBUG] [mixin/]: Selecting config gpumemleakfix.mixins.json
[28Dec2025 23:05:23.248] [main/DEBUG] [mixin/]: Selecting config insanelib.mixins.json
[28Dec2025 23:05:23.249] [main/WARN] [mixin/]: Reference map 'insanelib.refmap.json' for insanelib.mixins.json could not be read. If this is a development environment you can ignore this message
[28Dec2025 23:05:23.249] [main/DEBUG] [mixin/]: Selecting config structureessentials.mixins.json
[28Dec2025 23:05:23.251] [main/DEBUG] [mixin/]: Selecting config controlling.mixins.json
[28Dec2025 23:05:23.251] [main/DEBUG] [mixin/]: Selecting config controlling.forge.mixins.json
[28Dec2025 23:05:23.253] [main/DEBUG] [mixin/]: Selecting config citadel.mixins.json
[28Dec2025 23:05:23.254] [main/DEBUG] [mixin/]: Selecting config placebo.mixins.json
[28Dec2025 23:05:23.255] [main/DEBUG] [mixin/]: Selecting config prism.mixins.json
[28Dec2025 23:05:23.255] [main/DEBUG] [mixin/]: Selecting config lootintegrations.mixins.json
[28Dec2025 23:05:23.256] [main/DEBUG] [mixin/]: Selecting config item_obliterator.mixins.json
[28Dec2025 23:05:23.257] [main/DEBUG] [mixin/]: Selecting config bakery-common.mixins.json
[28Dec2025 23:05:23.258] [main/DEBUG] [mixin/]: Selecting config bakery.mixins.json
[28Dec2025 23:05:23.258] [main/WARN] [mixin/]: Reference map 'Bakery-forge-refmap.json' for bakery.mixins.json could not be read. If this is a development environment you can ignore this message
[28Dec2025 23:05:23.259] [main/DEBUG] [mixin/]: Selecting config bookshelf.common.mixins.json
[28Dec2025 23:05:23.259] [main/DEBUG] [mixin/]: Selecting config bookshelf.forge.mixins.json
[28Dec2025 23:05:23.260] [main/DEBUG] [mixin/]: Selecting config twigs.mixins.json
[28Dec2025 23:05:23.261] [main/DEBUG] [mixin/]: Selecting config relics.mixins.json
[28Dec2025 23:05:23.262] [main/DEBUG] [mixin/]: Selecting config progressivebosses.mixins.json
[28Dec2025 23:05:23.263] [main/DEBUG] [mixin/]: Selecting config takesapillage.mixins.json
[28Dec2025 23:05:23.263] [main/DEBUG] [mixin/]: Selecting config bygonenether.mixins.json
[28Dec2025 23:05:23.264] [main/DEBUG] [mixin/]: Selecting config carryon.mixins.json
[28Dec2025 23:05:23.272] [main/INFO] [com.teampotato.redirector.Redirector/]: Redirecting com/llamalad7/mixinextras/service/MixinExtrasVersion
[28Dec2025 23:05:23.275] [main/INFO] [com.teampotato.redirector.Redirector/]: Redirecting com/llamalad7/mixinextras/lib/semver/VersionParser$CharType
[28Dec2025 23:05:23.284] [main/DEBUG] [MixinExtras|Service/]: com.llamalad7.mixinextras.service.MixinExtrasServiceImpl(version=0.5.0-rc.3) is taking over from null
[28Dec2025 23:05:23.295] [main/DEBUG] [mixin/]: Selecting config carryon.forge.mixins.json
[28Dec2025 23:05:23.296] [main/DEBUG] [mixin/]: Selecting config melody.mixins.json
[28Dec2025 23:05:23.297] [main/DEBUG] [mixin/]: Selecting config melody.forge.mixins.json
[28Dec2025 23:05:23.298] [main/DEBUG] [mixin/]: Selecting config dragonmounts.mixins.json
[28Dec2025 23:05:23.298] [main/DEBUG] [mixin/]: Selecting config dummmmmmy-common.mixins.json
[28Dec2025 23:05:23.299] [main/DEBUG] [mixin/]: Selecting config dummmmmmy.mixins.json
[28Dec2025 23:05:23.299] [main/WARN] [mixin/]: Reference map 'dummmmmmy-forge-refmap.json' for dummmmmmy.mixins.json could not be read. If this is a development environment you can ignore this message
[28Dec2025 23:05:23.300] [main/DEBUG] [mixin/]: Selecting config konkrete.mixin.json
[28Dec2025 23:05:23.300] [main/DEBUG] [mixin/]: Selecting config farmersdelight.mixins.json
[28Dec2025 23:05:23.301] [main/DEBUG] [mixin/]: Selecting config getittogetherdrops.mixins.json
[28Dec2025 23:05:23.301] [main/DEBUG] [mixin/]: Selecting config endrem.mixins.json
[28Dec2025 23:05:23.301] [main/DEBUG] [mixin/]: Selecting config longnbtkiller.mixins.json
[28Dec2025 23:05:23.302] [main/DEBUG] [mixin/]: Selecting config lionfishapi.mixins.json
[28Dec2025 23:05:23.302] [main/DEBUG] [mixin/]: Selecting config cataclysm.mixins.json
[28Dec2025 23:05:23.303] [main/DEBUG] [mixin/]: Selecting config memorysettings.mixins.json
[28Dec2025 23:05:23.305] [main/DEBUG] [mixin/]: Selecting config patchouli_xplat.mixins.json
[28Dec2025 23:05:23.306] [main/DEBUG] [mixin/]: Selecting config origins_classes.mixins.json
[28Dec2025 23:05:23.308] [main/DEBUG] [mixin/]: Selecting config forge-dramaticdoors_forge.mixins.json
[28Dec2025 23:05:23.320] [main/DEBUG] [mixin/]: Selecting config betterthirdperson.mixins.json
[28Dec2025 23:05:23.321] [main/DEBUG] [mixin/]: Selecting config ftbultimine-common.mixins.json
[28Dec2025 23:05:23.322] [main/DEBUG] [mixin/]: Selecting config nightconfigfixes.forge.mixins.json
[28Dec2025 23:05:23.327] [main/DEBUG] [mixin/]: Selecting config betterstrongholds.mixins.json
[28Dec2025 23:05:23.328] [main/DEBUG] [mixin/]: Selecting config betterstrongholds_forge.mixins.json
[28Dec2025 23:05:23.328] [main/DEBUG] [mixin/]: Selecting config architectury.mixins.json
[28Dec2025 23:05:23.330] [main/DEBUG] [mixin/]: Selecting config architectury-common.mixins.json
[28Dec2025 23:05:23.330] [main/DEBUG] [mixin/]: Selecting config mixins.deeperdarker.json
[28Dec2025 23:05:23.331] [main/DEBUG] [mixin/]: Selecting config cupboard.mixins.json
[28Dec2025 23:05:23.331] [main/DEBUG] [mixin/]: Selecting config smallships-common.mixins.json
[28Dec2025 23:05:23.332] [main/DEBUG] [mixin/]: Selecting config smallships-common-soft.mixins.json
[28Dec2025 23:05:23.332] [main/DEBUG] [mixin/]: Selecting config smallships.mixins.json
[28Dec2025 23:05:23.333] [main/WARN] [mixin/]: Reference map 'smallships-forge-refmap.json' for smallships.mixins.json could not be read. If this is a development environment you can ignore this message
[28Dec2025 23:05:23.333] [main/DEBUG] [mixin/]: Selecting config letmedespawn.mixins.json
[28Dec2025 23:05:23.333] [main/DEBUG] [mixin/]: Selecting config t_and_t.mixins.json
[28Dec2025 23:05:23.334] [main/DEBUG] [mixin/]: Selecting config toomanyglyphs.mixins.json
[28Dec2025 23:05:23.335] [main/DEBUG] [mixin/]: Selecting config yeetusexperimentus.mixins.json
[28Dec2025 23:05:23.335] [main/DEBUG] [mixin/]: Selecting config majruszsaccessories-common.mixins.json
[28Dec2025 23:05:23.336] [main/DEBUG] [mixin/]: Selecting config bhmenu.mixins.json
[28Dec2025 23:05:23.336] [main/DEBUG] [mixin/]: Selecting config rhino-common.mixins.json
[28Dec2025 23:05:23.336] [main/DEBUG] [mixin/]: Selecting config octolib.mixins.json
[28Dec2025 23:05:23.337] [main/WARN] [mixin/]: Reference map 'octolib.refmap.json' for octolib.mixins.json could not be read. If this is a development environment you can ignore this message
[28Dec2025 23:05:23.337] [main/DEBUG] [mixin/]: Selecting config itemfilters-common.mixins.json
[28Dec2025 23:05:23.338] [main/DEBUG] [mixin/]: Selecting config obscure_api.mixins.json
[28Dec2025 23:05:23.338] [main/DEBUG] [mixin/]: Selecting config waystones.mixins.json
[28Dec2025 23:05:23.339] [main/DEBUG] [mixin/]: Selecting config fantasyfurniture.mixins.json
[28Dec2025 23:05:23.339] [main/DEBUG] [mixin/]: Selecting config clumps.mixins.json
[28Dec2025 23:05:23.339] [main/DEBUG] [mixin/]: Selecting config comforts.mixins.json
[28Dec2025 23:05:23.340] [main/DEBUG] [mixin/]: Selecting config decorative_blocks.mixins.json
[28Dec2025 23:05:23.340] [main/DEBUG] [mixin/]: Selecting config enigmaticaddons.mixins.json
[28Dec2025 23:05:23.341] [main/DEBUG] [mixin/]: Selecting config myserveriscompatible.mixins.json
[28Dec2025 23:05:23.341] [main/DEBUG] [mixin/]: Selecting config lazydfu.mixins.json
[28Dec2025 23:05:23.342] [main/DEBUG] [mixin/]: Selecting config betterdeserttemples.mixins.json
[28Dec2025 23:05:23.342] [main/DEBUG] [mixin/]: Selecting config betterdeserttemples_forge.mixins.json
[28Dec2025 23:05:23.343] [main/DEBUG] [mixin/]: Selecting config mixins.bosses_of_mass_destruction.json
[28Dec2025 23:05:23.343] [main/DEBUG] [mixin/]: Selecting config blueprint.mixins.json
[28Dec2025 23:05:23.344] [main/DEBUG] [mixin/]: Selecting config azurelib.mixins.json
[28Dec2025 23:05:23.344] [main/DEBUG] [mixin/]: Selecting config ftbchunks-common.mixins.json
[28Dec2025 23:05:23.345] [main/DEBUG] [mixin/]: Selecting config travelerstitles.mixins.json
[28Dec2025 23:05:23.345] [main/DEBUG] [mixin/]: Selecting config travelerstitles_forge.mixins.json
[28Dec2025 23:05:23.346] [main/DEBUG] [mixin/]: Selecting config toofast.mixins.json
[28Dec2025 23:05:23.346] [main/DEBUG] [mixin/]: Selecting config simplyswords-common.mixins.json
[28Dec2025 23:05:23.346] [main/WARN] [mixin/]: Reference map 'simplyswords-common-refmap.json' for simplyswords-common.mixins.json could not be read. If this is a development environment you can ignore this message
[28Dec2025 23:05:23.346] [main/DEBUG] [mixin/]: Selecting config simplyswords.mixins.json
[28Dec2025 23:05:23.347] [main/WARN] [mixin/]: Reference map 'simplyswords-forge-refmap.json' for simplyswords.mixins.json could not be read. If this is a development environment you can ignore this message
[28Dec2025 23:05:23.347] [main/DEBUG] [mixin/]: Selecting config moonlight-common.mixins.json
[28Dec2025 23:05:23.347] [main/DEBUG] [mixin/]: Selecting config moonlight.mixins.json
[28Dec2025 23:05:23.348] [main/DEBUG] [mixin/]: Selecting config cull-less-leaves.mixins.json
[28Dec2025 23:05:23.348] [main/DEBUG] [mixin/]: Selecting config forbidden_arcanus.mixins.json
[28Dec2025 23:05:23.349] [main/DEBUG] [mixin/]: Selecting config nethersdelight.mixins.json
[28Dec2025 23:05:23.349] [main/DEBUG] [mixin/]: Selecting config smoothboot.mixins.json
[28Dec2025 23:05:23.349] [main/DEBUG] [mixin/]: Selecting config skilltree.mixins.json
[28Dec2025 23:05:23.350] [main/DEBUG] [mixin/]: Selecting config atmospheric.mixins.json
[28Dec2025 23:05:23.350] [main/DEBUG] [mixin/]: Selecting config iceberg.mixins.json
[28Dec2025 23:05:23.351] [main/DEBUG] [mixin/]: Selecting config brutalbosses.mixins.json
[28Dec2025 23:05:23.352] [main/DEBUG] [mixin/]: Selecting config quark.mixins.json
[28Dec2025 23:05:23.353] [main/DEBUG] [mixin/]: Selecting config quark_integrations.mixins.json
[28Dec2025 23:05:23.354] [main/DEBUG] [mixin/]: Selecting config ars_elemental.mixins.json
[28Dec2025 23:05:23.354] [main/DEBUG] [mixin/]: Selecting config immersive_paintings.mixin.json
[28Dec2025 23:05:23.354] [main/WARN] [mixin/]: Reference map 'immersive_paintings-common-refmap.json' for immersive_paintings.mixin.json could not be read. If this is a development environment you can ignore this message
[28Dec2025 23:05:23.355] [main/DEBUG] [mixin/]: Selecting config mixins.irons_spellbooks.json
[28Dec2025 23:05:23.355] [main/DEBUG] [mixin/]: Selecting config doespotatotick.mixins.json
[28Dec2025 23:05:23.355] [main/DEBUG] [mixin/]: Selecting config ferritecore.predicates.mixin.json
[28Dec2025 23:05:23.363] [main/INFO] [com.teampotato.redirector.Redirector/]: Redirecting malte0811/ferritecore/mixin/config/FerriteMixinConfig$LithiumSupportState
[28Dec2025 23:05:23.364] [main/DEBUG] [mixin/]: Selecting config ferritecore.fastmap.mixin.json
[28Dec2025 23:05:23.366] [main/DEBUG] [mixin/]: Selecting config ferritecore.mrl.mixin.json
[28Dec2025 23:05:23.367] [main/DEBUG] [mixin/]: Selecting config ferritecore.dedupmultipart.mixin.json
[28Dec2025 23:05:23.368] [main/DEBUG] [mixin/]: Selecting config ferritecore.blockstatecache.mixin.json
[28Dec2025 23:05:23.368] [main/DEBUG] [mixin/]: Selecting config ferritecore.dedupbakedquad.mixin.json
[28Dec2025 23:05:23.369] [main/DEBUG] [mixin/]: Selecting config ferritecore.threaddetec.mixin.json
[28Dec2025 23:05:23.370] [main/DEBUG] [mixin/]: Selecting config apexcore.mixins.json
[28Dec2025 23:05:23.371] [main/DEBUG] [mixin/]: Selecting config majruszsenchantments-common.mixins.json
[28Dec2025 23:05:23.371] [main/DEBUG] [mixin/]: Selecting config forge-badoptimizations.mixins-common.json
[28Dec2025 23:05:23.373] [main/INFO] [BadOptimizations/]: Loading config from /home/bryan/Minecraft-Medieval-RPG/config/badoptimizations.txt
[28Dec2025 23:05:23.373] [main/INFO] [BadOptimizations/]: Config version: 3
[28Dec2025 23:05:23.373] [main/INFO] [BadOptimizations/]: BadOptimizations config dump:
[28Dec2025 23:05:23.374] [main/INFO] [BadOptimizations/]: enable_toast_optimizations: true
[28Dec2025 23:05:23.374] [main/INFO] [BadOptimizations/]: ignore_mod_incompatibilities: false
[28Dec2025 23:05:23.374] [main/INFO] [BadOptimizations/]: lightmap_time_change_needed_for_update: 80
[28Dec2025 23:05:23.374] [main/INFO] [BadOptimizations/]: enable_lightmap_caching: true
[28Dec2025 23:05:23.374] [main/INFO] [BadOptimizations/]: enable_particle_manager_optimization: true
[28Dec2025 23:05:23.374] [main/INFO] [BadOptimizations/]: enable_entity_renderer_caching: true
[28Dec2025 23:05:23.374] [main/INFO] [BadOptimizations/]: log_config: true
[28Dec2025 23:05:23.375] [main/INFO] [BadOptimizations/]: enable_remove_redundant_fov_calculations: true
[28Dec2025 23:05:23.375] [main/INFO] [BadOptimizations/]: config_version: 3
[28Dec2025 23:05:23.375] [main/INFO] [BadOptimizations/]: enable_sky_angle_caching_in_worldrenderer: true
[28Dec2025 23:05:23.375] [main/INFO] [BadOptimizations/]: enable_block_entity_renderer_caching: true
[28Dec2025 23:05:23.375] [main/INFO] [BadOptimizations/]: skycolor_time_change_needed_for_update: 3
[28Dec2025 23:05:23.375] [main/INFO] [BadOptimizations/]: enable_entity_flag_caching: true
[28Dec2025 23:05:23.375] [main/INFO] [BadOptimizations/]: enable_debug_renderer_disable_if_not_needed: true
[28Dec2025 23:05:23.375] [main/INFO] [BadOptimizations/]: enable_sky_color_caching: true
[28Dec2025 23:05:23.375] [main/INFO] [BadOptimizations/]: enable_remove_tutorial_if_not_demo: true
[28Dec2025 23:05:23.375] [main/INFO] [BadOptimizations/]: show_f3_text: true
[28Dec2025 23:05:23.375] [main/INFO] [BadOptimizations/]: Disabled entity_renderer_caching because Twilight Forest is present
[28Dec2025 23:05:23.376] [main/DEBUG] [mixin/]: Selecting config forge-badoptimizations.mixins-forge.json
[28Dec2025 23:05:23.377] [main/DEBUG] [mixin/]: Selecting config packetfixer.v1_18.forge.mixins.json
[28Dec2025 23:05:23.378] [main/DEBUG] [mixin/]: Selecting config packetfixer.v1_19.forge.mixins.json
[28Dec2025 23:05:23.390] [main/INFO] [dev.tonimatas.packetfixer.mixins.v1_19_forge.MixinPlugin/]: Packet Fixer forge 1.19-1.19.2 has been applied successfully.
[28Dec2025 23:05:23.391] [main/DEBUG] [mixin/]: Selecting config packetfixer.v1_19_3.forge.mixins.json
[28Dec2025 23:05:23.392] [main/DEBUG] [mixin/]: Selecting config packetfixer.v1_19_4.forge.mixins.json
[28Dec2025 23:05:23.393] [main/DEBUG] [mixin/]: Selecting config packetfixer.v1_20_2.forge.mixins.json
[28Dec2025 23:05:23.394] [main/DEBUG] [mixin/]: Selecting config valhelsia_core.mixins.json
[28Dec2025 23:05:23.394] [main/DEBUG] [mixin/]: Selecting config overflowingbars.common.mixins.json
[28Dec2025 23:05:23.395] [main/DEBUG] [mixin/]: Selecting config mixinextras.init.mixins.json
[28Dec2025 23:05:23.395] [main/DEBUG] [mixin/]: Selecting config mixinsquared.init.mixins.json
[28Dec2025 23:05:23.401] [main/DEBUG] [mixin/]: Registering new target selector for @mixinsquared:handler with com.bawnorton.mixinsquared.selector.DynamicSelectorHandler
[28Dec2025 23:05:23.403] [main/DEBUG] [mixin/]: Selecting config enigmaticlegacy.mixins.json
[28Dec2025 23:05:23.404] [main/DEBUG] [mixin/]: Preparing saturn.mixins.json (33)
[28Dec2025 23:05:23.466] [main/DEBUG] [net.minecraftforge.coremod.transformer.CoreModBaseTransformer/COREMOD]: Transforming m_147207_ with desc (Lnet/minecraft/world/effect/MobEffectInstance;Lnet/minecraft/world/entity/Entity;)Z
[28Dec2025 23:05:23.510] [main/DEBUG] [net.minecraftforge.coremod.transformer.CoreModBaseTransformer/COREMOD]: Transforming m_6667_ with desc (Lnet/minecraft/world/damagesource/DamageSource;)V
[28Dec2025 23:05:23.533] [main/DEBUG] [net.minecraftforge.coremod.transformer.CoreModBaseTransformer/COREMOD]: Transforming m_6668_ with desc (Lnet/minecraft/world/damagesource/DamageSource;)V
[28Dec2025 23:05:23.543] [main/DEBUG] [net.minecraftforge.coremod.transformer.CoreModBaseTransformer/COREMOD]: Transforming m_20157_ with desc ()V
[28Dec2025 23:05:23.561] [main/DEBUG] [net.minecraftforge.coremod.transformer.CoreModBaseTransformer/COREMOD]: Transforming m_6673_ with desc (Lnet/minecraft/world/damagesource/DamageSource;)Z
[28Dec2025 23:05:23.564] [main/DEBUG] [net.minecraftforge.coremod.transformer.CoreModBaseTransformer/COREMOD]: Transforming net/minecraft/world/entity/Entity
[28Dec2025 23:05:23.589] [main/DEBUG] [net.minecraftforge.coremod.transformer.CoreModBaseTransformer/COREMOD]: Transforming net/minecraft/world/entity/Entity
[28Dec2025 23:05:23.608] [main/DEBUG] [net.minecraftforge.coremod.transformer.CoreModBaseTransformer/COREMOD]: Transforming jumpInFluid with desc (Lnet/minecraftforge/fluids/FluidType;)V
[28Dec2025 23:05:23.614] [main/DEBUG] [net.minecraftforge.coremod.transformer.CoreModBaseTransformer/COREMOD]: Transforming sinkInFluid with desc (Lnet/minecraftforge/fluids/FluidType;)V
[28Dec2025 23:05:23.616] [main/DEBUG] [net.minecraftforge.coremod.transformer.CoreModBaseTransformer/COREMOD]: Transforming m_5706_ with desc (Lnet/minecraft/world/entity/Entity;)V
[28Dec2025 23:05:23.624] [main/DEBUG] [net.minecraftforge.coremod.transformer.CoreModBaseTransformer/COREMOD]: Transforming net/minecraft/server/level/ServerPlayer
[28Dec2025 23:05:23.626] [main/DEBUG] [net.minecraftforge.coremod.transformer.CoreModBaseTransformer/COREMOD]: Transforming net/minecraft/server/level/ServerPlayer
[28Dec2025 23:05:23.639] [main/DEBUG] [net.minecraftforge.coremod.transformer.CoreModBaseTransformer/COREMOD]: Transforming net/minecraft/server/level/ServerPlayer
[28Dec2025 23:05:23.652] [main/DEBUG] [net.minecraftforge.coremod.transformer.CoreModBaseTransformer/COREMOD]: Transforming m_36204_ with desc (Lnet/minecraft/core/BlockPos;Lnet/minecraft/core/Direction;Lnet/minecraft/world/item/ItemStack;)Z
[28Dec2025 23:05:23.657] [main/DEBUG] [net.minecraftforge.coremod.transformer.CoreModBaseTransformer/COREMOD]: Transforming m_36170_ with desc (Lnet/minecraft/world/entity/player/PlayerModelPart;)Z
[28Dec2025 23:05:23.657] [main/DEBUG] [net.minecraftforge.coremod.transformer.CoreModBaseTransformer/COREMOD]: Transforming m_36170_ with desc (Lnet/minecraft/world/entity/player/PlayerModelPart;)Z
[28Dec2025 23:05:23.673] [main/DEBUG] [net.minecraftforge.coremod.transformer.CoreModBaseTransformer/COREMOD]: Transforming m_36204_ with desc (Lnet/minecraft/core/BlockPos;Lnet/minecraft/core/Direction;Lnet/minecraft/world/item/ItemStack;)Z
[28Dec2025 23:05:23.673] [main/DEBUG] [net.minecraftforge.coremod.transformer.CoreModBaseTransformer/COREMOD]: Transforming m_36170_ with desc (Lnet/minecraft/world/entity/player/PlayerModelPart;)Z
[28Dec2025 23:05:23.673] [main/DEBUG] [net.minecraftforge.coremod.transformer.CoreModBaseTransformer/COREMOD]: Transforming m_36170_ with desc (Lnet/minecraft/world/entity/player/PlayerModelPart;)Z
[28Dec2025 23:05:23.681] [main/DEBUG] [net.minecraftforge.coremod.transformer.CoreModBaseTransformer/COREMOD]: Transforming net/minecraft/server/MinecraftServer
[28Dec2025 23:05:23.684] [main/DEBUG] [net.minecraftforge.coremod.transformer.CoreModBaseTransformer/COREMOD]: Transforming net/minecraft/server/MinecraftServer
[28Dec2025 23:05:23.686] [main/DEBUG] [net.minecraftforge.coremod.transformer.CoreModBaseTransformer/COREMOD]: Transforming net/minecraft/server/MinecraftServer
[28Dec2025 23:05:23.691] [main/WARN] [mixin/]: Error loading class: net/minecraft/server/MinecraftServer (java.lang.IllegalArgumentException: Unsupported class file major version 69)
[28Dec2025 23:05:23.691] [main/WARN] [mixin/]: @Mixin target net.minecraft.server.MinecraftServer was not found saturn.mixins.json:allocations.server_directory.MinecraftServerMixin
[28Dec2025 23:05:23.696] [main/DEBUG] [mixin/]: Preparing kubejs-forge.mixins.json (7)
[28Dec2025 23:05:23.702] [main/DEBUG] [net.minecraftforge.coremod.transformer.CoreModBaseTransformer/COREMOD]: Transforming m_20157_ with desc ()V
[28Dec2025 23:05:23.704] [main/DEBUG] [net.minecraftforge.coremod.transformer.CoreModBaseTransformer/COREMOD]: Transforming m_6673_ with desc (Lnet/minecraft/world/damagesource/DamageSource;)Z
[28Dec2025 23:05:23.704] [main/DEBUG] [net.minecraftforge.coremod.transformer.CoreModBaseTransformer/COREMOD]: Transforming net/minecraft/world/entity/Entity
[28Dec2025 23:05:23.705] [main/DEBUG] [net.minecraftforge.coremod.transformer.CoreModBaseTransformer/COREMOD]: Transforming net/minecraft/world/entity/Entity
[28Dec2025 23:05:23.716] [main/DEBUG] [mixin/]: Preparing kubejs-common.mixins.json (50)
[28Dec2025 23:05:23.726] [main/DEBUG] [net.minecraftforge.coremod.transformer.CoreModBaseTransformer/COREMOD]: Transforming net/minecraft/world/damagesource/DamageSource
[28Dec2025 23:05:23.733] [main/DEBUG] [mixin/]: @Mixin target net/minecraft/world/item/crafting/Ingredient$TagValue is public in kubejs-common.mixins.json:IngredientTagValueMixin and should be specified in value
[28Dec2025 23:05:23.734] [main/DEBUG] [net.minecraftforge.coremod.transformer.CoreModBaseTransformer/COREMOD]: Transforming m_32017_ with desc (Lnet/minecraft/world/entity/item/ItemEntity;Lnet/minecraft/world/item/ItemStack;Lnet/minecraft/world/entity/item/ItemEntity;Lnet/minecraft/world/item/ItemStack;)V
[28Dec2025 23:05:23.738] [main/DEBUG] [net.minecraftforge.coremod.transformer.CoreModBaseTransformer/COREMOD]: Transforming net/minecraft/world/entity/item/ItemEntity
[28Dec2025 23:05:23.745] [main/DEBUG] [net.minecraftforge.coremod.transformer.CoreModBaseTransformer/COREMOD]: Transforming m_218868_ with desc ()Ljava/util/OptionalInt;
[28Dec2025 23:05:23.751] [main/DEBUG] [net.minecraftforge.coremod.transformer.CoreModBaseTransformer/COREMOD]: Transforming m_41787_ with desc ()V
[28Dec2025 23:05:23.754] [main/DEBUG] [net.minecraftforge.coremod.transformer.CoreModBaseTransformer/COREMOD]: Transforming net/minecraft/world/item/ItemStack
[28Dec2025 23:05:23.757] [main/DEBUG] [net.minecraftforge.coremod.transformer.CoreModBaseTransformer/COREMOD]: Transforming getEnchantmentLevel with desc (Lnet/minecraft/world/item/enchantment/Enchantment;)I
[28Dec2025 23:05:23.760] [main/INFO] [net.minecraftforge.coremod.CoreMod.placebo/COREMODLOG]: Patching IForgeItemStack#getEnchantmentLevel
[28Dec2025 23:05:23.762] [main/DEBUG] [net.minecraftforge.coremod.transformer.CoreModBaseTransformer/COREMOD]: Transforming getAllEnchantments with desc ()Ljava/util/Map;
[28Dec2025 23:05:23.764] [main/INFO] [net.minecraftforge.coremod.CoreMod.placebo/COREMODLOG]: Patching IForgeItemStack#getEnchantmentLevel
[28Dec2025 23:05:23.766] [main/DEBUG] [net.minecraftforge.coremod.transformer.CoreModBaseTransformer/COREMOD]: Transforming canEquip with desc (Lnet/minecraft/world/entity/EquipmentSlot;Lnet/minecraft/world/entity/Entity;)Z
[28Dec2025 23:05:23.770] [main/DEBUG] [net.minecraftforge.coremod.transformer.CoreModBaseTransformer/COREMOD]: Transforming getHighlightTip with desc (Lnet/minecraft/network/chat/Component;)Lnet/minecraft/network/chat/Component;
[28Dec2025 23:05:23.773] [main/DEBUG] [net.minecraftforge.coremod.transformer.CoreModBaseTransformer/COREMOD]: Transforming getFoodProperties with desc (Lnet/minecraft/world/entity/LivingEntity;)Lnet/minecraft/world/food/FoodProperties;
[28Dec2025 23:05:23.781] [main/DEBUG] [net.minecraftforge.coremod.transformer.CoreModBaseTransformer/COREMOD]: Transforming m_7740_ with desc (Lnet/minecraft/core/BlockPos;ZLnet/minecraft/world/entity/Entity;I)Z
[28Dec2025 23:05:23.790] [main/DEBUG] [net.minecraftforge.coremod.transformer.CoreModBaseTransformer/COREMOD]: Transforming net/minecraft/server/MinecraftServer
[28Dec2025 23:05:23.791] [main/DEBUG] [net.minecraftforge.coremod.transformer.CoreModBaseTransformer/COREMOD]: Transforming net/minecraft/server/MinecraftServer
[28Dec2025 23:05:23.791] [main/DEBUG] [net.minecraftforge.coremod.transformer.CoreModBaseTransformer/COREMOD]: Transforming net/minecraft/server/MinecraftServer
[28Dec2025 23:05:23.794] [main/WARN] [mixin/]: Error loading class: net/minecraft/server/MinecraftServer (java.lang.IllegalArgumentException: Unsupported class file major version 69)
[28Dec2025 23:05:23.794] [main/WARN] [mixin/]: @Mixin target net.minecraft.server.MinecraftServer was not found kubejs-common.mixins.json:MinecraftServerMixin
[28Dec2025 23:05:23.796] [main/DEBUG] [net.minecraftforge.coremod.transformer.CoreModBaseTransformer/COREMOD]: Transforming m_11229_ with desc (Lnet/minecraft/server/level/ServerPlayer;Lnet/minecraft/server/level/ServerLevel;)V
[28Dec2025 23:05:23.799] [main/DEBUG] [net.minecraftforge.coremod.transformer.CoreModBaseTransformer/COREMOD]: Transforming m_11229_ with desc (Lnet/minecraft/server/level/ServerPlayer;Lnet/minecraft/server/level/ServerLevel;)V
[28Dec2025 23:05:23.801] [main/DEBUG] [net.minecraftforge.coremod.transformer.CoreModBaseTransformer/COREMOD]: Transforming m_11229_ with desc (Lnet/minecraft/server/level/ServerPlayer;Lnet/minecraft/server/level/ServerLevel;)V
[28Dec2025 23:05:23.809] [main/DEBUG] [net.minecraftforge.coremod.transformer.CoreModBaseTransformer/COREMOD]: Transforming m_8793_ with desc (Ljava/util/function/BooleanSupplier;)V
[28Dec2025 23:05:23.813] [main/DEBUG] [net.minecraftforge.coremod.transformer.CoreModBaseTransformer/COREMOD]: Transforming m_143340_ with desc (Lnet/minecraft/core/BlockPos;)Z
[28Dec2025 23:05:23.817] [main/DEBUG] [net.minecraftforge.coremod.transformer.CoreModBaseTransformer/COREMOD]: Transforming net/minecraft/server/level/ServerLevel
[28Dec2025 23:05:23.822] [main/DEBUG] [net.minecraftforge.coremod.transformer.CoreModBaseTransformer/COREMOD]: Transforming m_7740_ with desc (Lnet/minecraft/core/BlockPos;ZLnet/minecraft/world/entity/Entity;I)Z
[28Dec2025 23:05:23.825] [main/DEBUG] [net.minecraftforge.coremod.transformer.CoreModBaseTransformer/COREMOD]: Transforming m_183134_ with desc (Lnet/minecraft/world/entity/Entity;Lnet/minecraft/world/phys/AABB;)Ljava/util/List;
[28Dec2025 23:05:23.834] [main/WARN] [mixin/]: Error loading class: net/minecraft/server/level/ServerLevel (java.lang.IllegalArgumentException: Unsupported class file major version 69)
[28Dec2025 23:05:23.835] [main/WARN] [mixin/]: @Mixin target net.minecraft.server.level.ServerLevel was not found kubejs-common.mixins.json:ServerLevelMixin
[28Dec2025 23:05:23.836] [main/DEBUG] [net.minecraftforge.coremod.transformer.CoreModBaseTransformer/COREMOD]: Transforming m_5706_ with desc (Lnet/minecraft/world/entity/Entity;)V
[28Dec2025 23:05:23.837] [main/DEBUG] [net.minecraftforge.coremod.transformer.CoreModBaseTransformer/COREMOD]: Transforming net/minecraft/server/level/ServerPlayer
[28Dec2025 23:05:23.837] [main/DEBUG] [net.minecraftforge.coremod.transformer.CoreModBaseTransformer/COREMOD]: Transforming net/minecraft/server/level/ServerPlayer
[28Dec2025 23:05:23.837] [main/DEBUG] [net.minecraftforge.coremod.transformer.CoreModBaseTransformer/COREMOD]: Transforming net/minecraft/server/level/ServerPlayer
[28Dec2025 23:05:23.846] [main/DEBUG] [net.minecraftforge.coremod.transformer.CoreModBaseTransformer/COREMOD]: Transforming net/minecraft/server/MinecraftServer
[28Dec2025 23:05:23.846] [main/DEBUG] [net.minecraftforge.coremod.transformer.CoreModBaseTransformer/COREMOD]: Transforming net/minecraft/server/MinecraftServer
[28Dec2025 23:05:23.847] [main/DEBUG] [net.minecraftforge.coremod.transformer.CoreModBaseTransformer/COREMOD]: Transforming net/minecraft/server/MinecraftServer
[28Dec2025 23:05:23.849] [main/WARN] [mixin/]: Error loading class: net/minecraft/server/MinecraftServer (java.lang.IllegalArgumentException: Unsupported class file major version 69)
[28Dec2025 23:05:23.849] [main/WARN] [mixin/]: @Mixin target net.minecraft.server.MinecraftServer was not found kubejs-common.mixins.json:inject_resources.MinecraftServerMixin
[28Dec2025 23:05:23.854] [main/DEBUG] [mixin/]: Preparing betterdungeons.mixins.json (6)
[28Dec2025 23:05:23.861] [main/DEBUG] [mixin/]: Preparing betterdungeons_forge.mixins.json (0)
[28Dec2025 23:05:23.861] [main/DEBUG] [mixin/]: Preparing additionalentityattributes.mixins.json (4)
[28Dec2025 23:05:23.862] [main/DEBUG] [mixin/]: Preparing oriacs.mixins.json (8)
[28Dec2025 23:05:23.864] [main/WARN] [mixin/]: Error loading class: com/simibubi/create/content/contraptions/components/fan/AirCurrent (java.lang.ClassNotFoundException: com.simibubi.create.content.contraptions.components.fan.AirCurrent)
[28Dec2025 23:05:23.864] [main/DEBUG] [mixin/]: Skipping virtual target com.simibubi.create.content.contraptions.components.fan.AirCurrent for oriacs.mixins.json:AirCurrentMixin
[28Dec2025 23:05:23.866] [main/DEBUG] [net.minecraftforge.coremod.transformer.CoreModBaseTransformer/COREMOD]: Transforming m_8107_ with desc ()V
[28Dec2025 23:05:23.885] [main/DEBUG] [mixin/]: Preparing playerAnimator-common.mixins.json (14)
[28Dec2025 23:05:23.885] [main/DEBUG] [mixin/]: Preparing majruszsdifficulty-common.mixins.json (7)
[28Dec2025 23:05:23.888] [main/DEBUG] [mixin/]: Preparing majruszsdifficulty-forge.mixins.json (1)
[28Dec2025 23:05:23.888] [main/DEBUG] [mixin/]: Preparing entitycollisionfpsfix.mixins.json (2)
[28Dec2025 23:05:23.888] [main/DEBUG] [mixin/]: Preparing entitycollisionfpsfix.forge.mixins.json (0)
[28Dec2025 23:05:23.888] [main/DEBUG] [mixin/]: Preparing nerb-common.mixins.json (4)
[28Dec2025 23:05:23.889] [main/DEBUG] [mixin/]: Preparing nerb.mixins.json (0)
[28Dec2025 23:05:23.889] [main/DEBUG] [mixin/]: Preparing apoli.mixins.json (47)
[28Dec2025 23:05:23.897] [main/DEBUG] [net.minecraftforge.coremod.transformer.CoreModBaseTransformer/COREMOD]: Transforming m_147103_ with desc ()V
[28Dec2025 23:05:23.903] [main/DEBUG] [net.minecraftforge.coremod.transformer.CoreModBaseTransformer/COREMOD]: Transforming m_147100_ with desc (Lnet/minecraft/world/entity/ExperienceOrb;)V
[28Dec2025 23:05:23.906] [main/DEBUG] [net.minecraftforge.coremod.transformer.CoreModBaseTransformer/COREMOD]: Transforming m_6123_ with desc (Lnet/minecraft/world/entity/player/Player;)V
[28Dec2025 23:05:23.915] [main/DEBUG] [net.minecraftforge.coremod.transformer.CoreModBaseTransformer/COREMOD]: Transforming net/minecraft/world/effect/MobEffectInstance
[28Dec2025 23:05:23.922] [main/DEBUG] [mixin/]: Preparing rubidium.mixins.json (55)
[28Dec2025 23:05:23.922] [main/DEBUG] [mixin/]: Preparing rubidium.compat.mixins.json (1)
[28Dec2025 23:05:23.922] [main/DEBUG] [mixin/]: Preparing doapi-common.mixins.json (3)
[28Dec2025 23:05:23.922] [main/DEBUG] [mixin/]: Preparing doapi.mixins.json (7)
[28Dec2025 23:05:23.924] [main/DEBUG] [net.minecraftforge.coremod.transformer.CoreModBaseTransformer/COREMOD]: Transforming m_8119_ with desc ()V
[28Dec2025 23:05:23.938] [main/DEBUG] [net.minecraftforge.coremod.transformer.CoreModBaseTransformer/COREMOD]: Transforming tryCatchFire with desc (Lnet/minecraft/world/level/Level;Lnet/minecraft/core/BlockPos;ILnet/minecraft/util/RandomSource;ILnet/minecraft/core/Direction;)V
[28Dec2025 23:05:23.941] [main/DEBUG] [net.minecraftforge.coremod.transformer.CoreModBaseTransformer/COREMOD]: Transforming m_221156_ with desc (Lnet/minecraft/world/level/LevelReader;Lnet/minecraft/core/BlockPos;)I
[28Dec2025 23:05:23.945] [main/DEBUG] [mixin/]: Preparing modernfix-common.mixins.json (91)
[28Dec2025 23:05:23.946] [main/DEBUG] [ModernFix/]: No rules matched mixin 'perf.compact_mojang_registries.MappedRegistryMixin', treating as foreign and disabling!
[28Dec2025 23:05:23.957] [main/DEBUG] [net.minecraftforge.coremod.transformer.CoreModBaseTransformer/COREMOD]: Transforming m_8793_ with desc (Ljava/util/function/BooleanSupplier;)V
[28Dec2025 23:05:23.958] [main/DEBUG] [net.minecraftforge.coremod.transformer.CoreModBaseTransformer/COREMOD]: Transforming m_143340_ with desc (Lnet/minecraft/core/BlockPos;)Z
[28Dec2025 23:05:23.958] [main/DEBUG] [net.minecraftforge.coremod.transformer.CoreModBaseTransformer/COREMOD]: Transforming net/minecraft/server/level/ServerLevel
[28Dec2025 23:05:23.961] [main/WARN] [mixin/]: Error loading class: net/minecraft/server/level/ServerLevel (java.lang.IllegalArgumentException: Unsupported class file major version 69)
[28Dec2025 23:05:23.961] [main/WARN] [mixin/]: @Mixin target net.minecraft.server.level.ServerLevel was not found modernfix-common.mixins.json:bugfix.chunk_deadlock.ServerLevelMixin
[28Dec2025 23:05:23.963] [main/DEBUG] [net.minecraftforge.coremod.transformer.CoreModBaseTransformer/COREMOD]: Transforming net/minecraft/server/MinecraftServer
[28Dec2025 23:05:23.964] [main/DEBUG] [net.minecraftforge.coremod.transformer.CoreModBaseTransformer/COREMOD]: Transforming net/minecraft/server/MinecraftServer
[28Dec2025 23:05:23.964] [main/DEBUG] [net.minecraftforge.coremod.transformer.CoreModBaseTransformer/COREMOD]: Transforming net/minecraft/server/MinecraftServer
[28Dec2025 23:05:23.966] [main/WARN] [mixin/]: Error loading class: net/minecraft/server/MinecraftServer (java.lang.IllegalArgumentException: Unsupported class file major version 69)
[28Dec2025 23:05:23.966] [main/WARN] [mixin/]: @Mixin target net.minecraft.server.MinecraftServer was not found modernfix-common.mixins.json:core.MinecraftServerMixin
[28Dec2025 23:05:23.972] [main/DEBUG] [net.minecraftforge.coremod.transformer.CoreModBaseTransformer/COREMOD]: Transforming net/minecraft/server/MinecraftServer
[28Dec2025 23:05:23.973] [main/DEBUG] [net.minecraftforge.coremod.transformer.CoreModBaseTransformer/COREMOD]: Transforming net/minecraft/server/MinecraftServer
[28Dec2025 23:05:23.973] [main/DEBUG] [net.minecraftforge.coremod.transformer.CoreModBaseTransformer/COREMOD]: Transforming net/minecraft/server/MinecraftServer
[28Dec2025 23:05:23.975] [main/WARN] [mixin/]: Error loading class: net/minecraft/server/MinecraftServer (java.lang.IllegalArgumentException: Unsupported class file major version 69)
[28Dec2025 23:05:23.975] [main/WARN] [mixin/]: @Mixin target net.minecraft.server.MinecraftServer was not found modernfix-common.mixins.json:perf.dedicated_reload_executor.MinecraftServerMixin
[28Dec2025 23:05:23.986] [main/DEBUG] [net.minecraftforge.coremod.transformer.CoreModBaseTransformer/COREMOD]: Transforming m_8793_ with desc (Ljava/util/function/BooleanSupplier;)V
[28Dec2025 23:05:23.986] [main/DEBUG] [net.minecraftforge.coremod.transformer.CoreModBaseTransformer/COREMOD]: Transforming m_143340_ with desc (Lnet/minecraft/core/BlockPos;)Z
[28Dec2025 23:05:23.986] [main/DEBUG] [net.minecraftforge.coremod.transformer.CoreModBaseTransformer/COREMOD]: Transforming net/minecraft/server/level/ServerLevel
[28Dec2025 23:05:23.988] [main/WARN] [mixin/]: Error loading class: net/minecraft/server/level/ServerLevel (java.lang.IllegalArgumentException: Unsupported class file major version 69)
[28Dec2025 23:05:23.988] [main/WARN] [mixin/]: @Mixin target net.minecraft.server.level.ServerLevel was not found modernfix-common.mixins.json:perf.cache_strongholds.ServerLevelMixin
[28Dec2025 23:05:23.989] [main/DEBUG] [net.minecraftforge.coremod.transformer.CoreModBaseTransformer/COREMOD]: Transforming net/minecraft/world/level/biome/Biome
[28Dec2025 23:05:24.002] [main/DEBUG] [mixin/]: Preparing modernfix-forge.mixins.json (50)
[28Dec2025 23:05:24.016] [main/DEBUG] [net.minecraftforge.coremod.transformer.CoreModBaseTransformer/COREMOD]: Transforming m_49881_ with desc (Lnet/minecraft/world/level/block/state/BlockState;Lnet/minecraft/world/level/Level;Lnet/minecraft/core/BlockPos;Lnet/minecraft/world/level/block/entity/BlockEntity;Lnet/minecraft/world/entity/Entity;Lnet/minecraft/world/item/ItemStack;)V
[28Dec2025 23:05:24.022] [main/DEBUG] [mixin/]: Preparing yungsapi.mixins.json (10)
[28Dec2025 23:05:24.024] [main/DEBUG] [yungsapi/]: Loaded com.yungnickyoung.minecraft.yungsapi.services.ForgePlatformHelper@17e323fd for service interface com.yungnickyoung.minecraft.yungsapi.services.IPlatformHelper
[28Dec2025 23:05:24.025] [main/DEBUG] [yungsapi/]: Loaded com.yungnickyoung.minecraft.yungsapi.services.ForgeAutoRegisterHelper@628b1538 for service interface com.yungnickyoung.minecraft.yungsapi.services.IAutoRegisterHelper
[28Dec2025 23:05:24.025] [main/DEBUG] [yungsapi/]: Loaded com.yungnickyoung.minecraft.yungsapi.services.ForgeBlockEntityTypeHelper@74597c37 for service interface com.yungnickyoung.minecraft.yungsapi.services.IBlockEntityTypeHelper
[28Dec2025 23:05:24.029] [main/DEBUG] [mixin/]: Preparing yungsapi_forge.mixins.json (1)
[28Dec2025 23:05:24.029] [main/DEBUG] [mixin/]: Preparing maxhealthfix.common.mixins.json (1)
[28Dec2025 23:05:24.030] [main/DEBUG] [mixin/]: Preparing maxhealthfix.forge.mixins.json (0)
[28Dec2025 23:05:24.030] [main/DEBUG] [mixin/]: Preparing vinery-common.mixins.json (11)
[28Dec2025 23:05:24.033] [main/DEBUG] [mixin/]: Preparing vinery.mixins.json (0)
[28Dec2025 23:05:24.033] [main/DEBUG] [mixin/]: Preparing apotheosis.mixins.json (37)
[28Dec2025 23:05:24.036] [main/DEBUG] [net.minecraftforge.coremod.transformer.CoreModBaseTransformer/COREMOD]: Transforming net/minecraft/world/inventory/AnvilMenu
[28Dec2025 23:05:24.072] [main/INFO] [net.minecraftforge.coremod.CoreMod.apotheosis/COREMODLOG]: Replaced 2 calls to Enchantment#getMaxLevel() in net/minecraft/world/inventory/AnvilMenu
[28Dec2025 23:05:24.079] [main/DEBUG] [net.minecraftforge.coremod.transformer.CoreModBaseTransformer/COREMOD]: Transforming getEnchantmentLevel with desc (Lnet/minecraft/world/item/enchantment/Enchantment;)I
[28Dec2025 23:05:24.079] [main/INFO] [net.minecraftforge.coremod.CoreMod.placebo/COREMODLOG]: Patching IForgeItemStack#getEnchantmentLevel
[28Dec2025 23:05:24.079] [main/DEBUG] [net.minecraftforge.coremod.transformer.CoreModBaseTransformer/COREMOD]: Transforming getAllEnchantments with desc ()Ljava/util/Map;
[28Dec2025 23:05:24.079] [main/INFO] [net.minecraftforge.coremod.CoreMod.placebo/COREMODLOG]: Patching IForgeItemStack#getEnchantmentLevel
[28Dec2025 23:05:24.080] [main/DEBUG] [net.minecraftforge.coremod.transformer.CoreModBaseTransformer/COREMOD]: Transforming canEquip with desc (Lnet/minecraft/world/entity/EquipmentSlot;Lnet/minecraft/world/entity/Entity;)Z
[28Dec2025 23:05:24.080] [main/DEBUG] [net.minecraftforge.coremod.transformer.CoreModBaseTransformer/COREMOD]: Transforming getHighlightTip with desc (Lnet/minecraft/network/chat/Component;)Lnet/minecraft/network/chat/Component;
[28Dec2025 23:05:24.080] [main/DEBUG] [net.minecraftforge.coremod.transformer.CoreModBaseTransformer/COREMOD]: Transforming getFoodProperties with desc (Lnet/minecraft/world/entity/LivingEntity;)Lnet/minecraft/world/food/FoodProperties;
[28Dec2025 23:05:24.088] [main/DEBUG] [mixin/]: Preparing savage_and_ravage.mixins.json (7)
[28Dec2025 23:05:24.092] [main/DEBUG] [mixin/]: Preparing balm.mixins.json (14)
[28Dec2025 23:05:24.096] [main/DEBUG] [net.minecraftforge.coremod.transformer.CoreModBaseTransformer/COREMOD]: Transforming net/minecraft/server/MinecraftServer
[28Dec2025 23:05:24.096] [main/DEBUG] [net.minecraftforge.coremod.transformer.CoreModBaseTransformer/COREMOD]: Transforming net/minecraft/server/MinecraftServer
[28Dec2025 23:05:24.097] [main/DEBUG] [net.minecraftforge.coremod.transformer.CoreModBaseTransformer/COREMOD]: Transforming net/minecraft/server/MinecraftServer
[28Dec2025 23:05:24.098] [main/WARN] [mixin/]: Error loading class: net/minecraft/server/MinecraftServer (java.lang.IllegalArgumentException: Unsupported class file major version 69)
[28Dec2025 23:05:24.098] [main/WARN] [mixin/]: @Mixin target net.minecraft.server.MinecraftServer was not found balm.mixins.json:MinecraftServerMixin
[28Dec2025 23:05:24.098] [main/DEBUG] [mixin/]: Preparing immersive_armors.mixins.json (10)
[28Dec2025 23:05:24.098] [main/DEBUG] [mixin/]: Preparing betterfortresses.mixins.json (6)
[28Dec2025 23:05:24.100] [main/DEBUG] [mixin/]: Preparing betterfortresses_forge.mixins.json (0)
[28Dec2025 23:05:24.100] [main/DEBUG] [mixin/]: Preparing autoleveling.mixins.json (4)
[28Dec2025 23:05:24.103] [main/WARN] [mixin/]: Error loading class: vazkii/neat/HealthBarRenderer (java.lang.ClassNotFoundException: vazkii.neat.HealthBarRenderer)
[28Dec2025 23:05:24.103] [main/WARN] [mixin/]: @Mixin target vazkii.neat.HealthBarRenderer was not found autoleveling.mixins.json:neat/HealthBarRendererMixin
[28Dec2025 23:05:24.103] [main/DEBUG] [mixin/]: Preparing leavesbegone.common.mixins.json (3)
[28Dec2025 23:05:24.105] [main/DEBUG] [net.minecraftforge.coremod.transformer.CoreModBaseTransformer/COREMOD]: Transforming net/minecraft/world/level/chunk/LevelChunk
[28Dec2025 23:05:24.108] [main/DEBUG] [net.minecraftforge.coremod.transformer.CoreModBaseTransformer/COREMOD]: Transforming net/minecraft/world/level/chunk/LevelChunk
[28Dec2025 23:05:24.112] [main/DEBUG] [net.minecraftforge.coremod.transformer.CoreModBaseTransformer/COREMOD]: Transforming m_8793_ with desc (Ljava/util/function/BooleanSupplier;)V
[28Dec2025 23:05:24.112] [main/DEBUG] [net.minecraftforge.coremod.transformer.CoreModBaseTransformer/COREMOD]: Transforming m_143340_ with desc (Lnet/minecraft/core/BlockPos;)Z
[28Dec2025 23:05:24.112] [main/DEBUG] [net.minecraftforge.coremod.transformer.CoreModBaseTransformer/COREMOD]: Transforming net/minecraft/server/level/ServerLevel
[28Dec2025 23:05:24.114] [main/WARN] [mixin/]: Error loading class: net/minecraft/server/level/ServerLevel (java.lang.IllegalArgumentException: Unsupported class file major version 69)
[28Dec2025 23:05:24.114] [main/WARN] [mixin/]: @Mixin target net.minecraft.server.level.ServerLevel was not found leavesbegone.common.mixins.json:ServerLevelMixin
[28Dec2025 23:05:24.114] [main/DEBUG] [mixin/]: Preparing supplementaries-common.mixins.json (64)
[28Dec2025 23:05:24.129] [main/DEBUG] [net.minecraftforge.coremod.transformer.CoreModBaseTransformer/COREMOD]: Transforming m_8119_ with desc ()V
[28Dec2025 23:05:24.154] [main/DEBUG] [net.minecraftforge.coremod.transformer.CoreModBaseTransformer/COREMOD]: Transforming m_7373_ with desc (Lnet/minecraft/world/item/ItemStack;Lnet/minecraft/world/level/Level;Ljava/util/List;Lnet/minecraft/world/item/TooltipFlag;)V
[28Dec2025 23:05:24.161] [main/DEBUG] [net.minecraftforge.coremod.transformer.CoreModBaseTransformer/COREMOD]: Transforming m_8793_ with desc (Ljava/util/function/BooleanSupplier;)V
[28Dec2025 23:05:24.161] [main/DEBUG] [net.minecraftforge.coremod.transformer.CoreModBaseTransformer/COREMOD]: Transforming m_143340_ with desc (Lnet/minecraft/core/BlockPos;)Z
[28Dec2025 23:05:24.161] [main/DEBUG] [net.minecraftforge.coremod.transformer.CoreModBaseTransformer/COREMOD]: Transforming net/minecraft/server/level/ServerLevel
[28Dec2025 23:05:24.163] [main/WARN] [mixin/]: Error loading class: net/minecraft/server/level/ServerLevel (java.lang.IllegalArgumentException: Unsupported class file major version 69)
[28Dec2025 23:05:24.163] [main/WARN] [mixin/]: @Mixin target net.minecraft.server.level.ServerLevel was not found supplementaries-common.mixins.json:ServerLevelMixin
[28Dec2025 23:05:24.167] [main/DEBUG] [mixin/]: Preparing supplementaries.mixins.json (20)
[28Dec2025 23:05:24.173] [main/DEBUG] [mixin/]: @Mixin target net/minecraft/world/entity/npc/VillagerTrades$TreasureMapForEmeralds is public in supplementaries.mixins.json:TreasureMapForEmeraldsMixin and should be specified in value
[28Dec2025 23:05:24.174] [main/DEBUG] [mixin/]: @Mixin target vectorwing.farmersdelight.common.block.TomatoVineBlock is public in supplementaries.mixins.json:CompatFarmersDelightMixin and should be specified in value
[28Dec2025 23:05:24.183] [main/DEBUG] [mixin/]: Preparing upgradednetherite.mixins.json (2)
[28Dec2025 23:05:24.184] [main/DEBUG] [mixin/]: Preparing structure_gel.mixins.json (14)
[28Dec2025 23:05:24.185] [main/DEBUG] [net.minecraftforge.coremod.transformer.CoreModBaseTransformer/COREMOD]: Transforming net/minecraft/world/level/levelgen/structure/Structure
[28Dec2025 23:05:24.189] [main/DEBUG] [net.minecraftforge.coremod.transformer.CoreModBaseTransformer/COREMOD]: Transforming net/minecraft/server/MinecraftServer
[28Dec2025 23:05:24.189] [main/DEBUG] [net.minecraftforge.coremod.transformer.CoreModBaseTransformer/COREMOD]: Transforming net/minecraft/server/MinecraftServer
[28Dec2025 23:05:24.189] [main/DEBUG] [net.minecraftforge.coremod.transformer.CoreModBaseTransformer/COREMOD]: Transforming net/minecraft/server/MinecraftServer
[28Dec2025 23:05:24.191] [main/WARN] [mixin/]: Error loading class: net/minecraft/server/MinecraftServer (java.lang.IllegalArgumentException: Unsupported class file major version 69)
[28Dec2025 23:05:24.191] [main/WARN] [mixin/]: @Mixin target net.minecraft.server.MinecraftServer was not found structure_gel.mixins.json:MinecraftServerMixin
[28Dec2025 23:05:24.191] [main/DEBUG] [mixin/]: Preparing combatroll.mixins.json (7)
[28Dec2025 23:05:24.193] [main/DEBUG] [mixin/]: Preparing morevillagers-common.mixins.json (2)
[28Dec2025 23:05:24.194] [main/DEBUG] [mixin/]: Preparing morevillagers.mixins.json (0)
[28Dec2025 23:05:24.194] [main/DEBUG] [mixin/]: Preparing repurposed_structures.mixins.json (28)
[28Dec2025 23:05:24.200] [main/DEBUG] [mixin/]: Preparing dungeons_plus.mixins.json (3)
[28Dec2025 23:05:24.201] [main/DEBUG] [mixin/]: Preparing darkerdepths.mixins.json (3)
[28Dec2025 23:05:24.203] [main/DEBUG] [mixin/]: Preparing servercore.common.mixins.json (61)
[28Dec2025 23:05:24.208] [main/DEBUG] [net.minecraftforge.coremod.transformer.CoreModBaseTransformer/COREMOD]: Transforming net/minecraft/server/MinecraftServer
[28Dec2025 23:05:24.208] [main/DEBUG] [net.minecraftforge.coremod.transformer.CoreModBaseTransformer/COREMOD]: Transforming net/minecraft/server/MinecraftServer
[28Dec2025 23:05:24.209] [main/DEBUG] [net.minecraftforge.coremod.transformer.CoreModBaseTransformer/COREMOD]: Transforming net/minecraft/server/MinecraftServer
[28Dec2025 23:05:24.210] [main/WARN] [mixin/]: Error loading class: net/minecraft/server/MinecraftServer (java.lang.IllegalArgumentException: Unsupported class file major version 69)
[28Dec2025 23:05:24.210] [main/WARN] [mixin/]: @Mixin target net.minecraft.server.MinecraftServer was not found servercore.common.mixins.json:MinecraftServerMixin
[28Dec2025 23:05:24.211] [main/DEBUG] [net.minecraftforge.coremod.transformer.CoreModBaseTransformer/COREMOD]: Transforming m_8793_ with desc (Ljava/util/function/BooleanSupplier;)V
[28Dec2025 23:05:24.212] [main/DEBUG] [net.minecraftforge.coremod.transformer.CoreModBaseTransformer/COREMOD]: Transforming m_143340_ with desc (Lnet/minecraft/core/BlockPos;)Z
[28Dec2025 23:05:24.212] [main/DEBUG] [net.minecraftforge.coremod.transformer.CoreModBaseTransformer/COREMOD]: Transforming net/minecraft/server/level/ServerLevel
[28Dec2025 23:05:24.213] [main/WARN] [mixin/]: Error loading class: net/minecraft/server/level/ServerLevel (java.lang.IllegalArgumentException: Unsupported class file major version 69)
[28Dec2025 23:05:24.213] [main/WARN] [mixin/]: @Mixin target net.minecraft.server.level.ServerLevel was not found servercore.common.mixins.json:features.activation_range.ServerLevelMixin
[28Dec2025 23:05:24.224] [main/DEBUG] [net.minecraftforge.coremod.transformer.CoreModBaseTransformer/COREMOD]: Transforming net/minecraft/server/MinecraftServer
[28Dec2025 23:05:24.225] [main/DEBUG] [net.minecraftforge.coremod.transformer.CoreModBaseTransformer/COREMOD]: Transforming net/minecraft/server/MinecraftServer
[28Dec2025 23:05:24.225] [main/DEBUG] [net.minecraftforge.coremod.transformer.CoreModBaseTransformer/COREMOD]: Transforming net/minecraft/server/MinecraftServer
[28Dec2025 23:05:24.226] [main/WARN] [mixin/]: Error loading class: net/minecraft/server/MinecraftServer (java.lang.IllegalArgumentException: Unsupported class file major version 69)
[28Dec2025 23:05:24.226] [main/WARN] [mixin/]: @Mixin target net.minecraft.server.MinecraftServer was not found servercore.common.mixins.json:features.misc.MinecraftServerMixin
[28Dec2025 23:05:24.227] [main/DEBUG] [net.minecraftforge.coremod.transformer.CoreModBaseTransformer/COREMOD]: Transforming m_8793_ with desc (Ljava/util/function/BooleanSupplier;)V
[28Dec2025 23:05:24.227] [main/DEBUG] [net.minecraftforge.coremod.transformer.CoreModBaseTransformer/COREMOD]: Transforming m_143340_ with desc (Lnet/minecraft/core/BlockPos;)Z
[28Dec2025 23:05:24.228] [main/DEBUG] [net.minecraftforge.coremod.transformer.CoreModBaseTransformer/COREMOD]: Transforming net/minecraft/server/level/ServerLevel
[28Dec2025 23:05:24.229] [main/WARN] [mixin/]: Error loading class: net/minecraft/server/level/ServerLevel (java.lang.IllegalArgumentException: Unsupported class file major version 69)
[28Dec2025 23:05:24.229] [main/WARN] [mixin/]: @Mixin target net.minecraft.server.level.ServerLevel was not found servercore.common.mixins.json:features.spawn_chunks.ServerLevelMixin
[28Dec2025 23:05:24.233] [main/DEBUG] [net.minecraftforge.coremod.transformer.CoreModBaseTransformer/COREMOD]: Transforming m_8793_ with desc (Ljava/util/function/BooleanSupplier;)V
[28Dec2025 23:05:24.234] [main/DEBUG] [net.minecraftforge.coremod.transformer.CoreModBaseTransformer/COREMOD]: Transforming m_143340_ with desc (Lnet/minecraft/core/BlockPos;)Z
[28Dec2025 23:05:24.234] [main/DEBUG] [net.minecraftforge.coremod.transformer.CoreModBaseTransformer/COREMOD]: Transforming net/minecraft/server/level/ServerLevel
[28Dec2025 23:05:24.235] [main/WARN] [mixin/]: Error loading class: net/minecraft/server/level/ServerLevel (java.lang.IllegalArgumentException: Unsupported class file major version 69)
[28Dec2025 23:05:24.235] [main/WARN] [mixin/]: @Mixin target net.minecraft.server.level.ServerLevel was not found servercore.common.mixins.json:optimizations.sync_loads.ServerLevelMixin
[28Dec2025 23:05:24.236] [main/DEBUG] [net.minecraftforge.coremod.transformer.CoreModBaseTransformer/COREMOD]: Transforming net/minecraft/world/level/block/LiquidBlock
[28Dec2025 23:05:24.239] [main/DEBUG] [net.minecraftforge.coremod.transformer.CoreModBaseTransformer/COREMOD]: Transforming m_8793_ with desc (Ljava/util/function/BooleanSupplier;)V
[28Dec2025 23:05:24.240] [main/DEBUG] [net.minecraftforge.coremod.transformer.CoreModBaseTransformer/COREMOD]: Transforming m_143340_ with desc (Lnet/minecraft/core/BlockPos;)Z
[28Dec2025 23:05:24.240] [main/DEBUG] [net.minecraftforge.coremod.transformer.CoreModBaseTransformer/COREMOD]: Transforming net/minecraft/server/level/ServerLevel
[28Dec2025 23:05:24.241] [main/WARN] [mixin/]: Error loading class: net/minecraft/server/level/ServerLevel (java.lang.IllegalArgumentException: Unsupported class file major version 69)
[28Dec2025 23:05:24.242] [main/WARN] [mixin/]: @Mixin target net.minecraft.server.level.ServerLevel was not found servercore.common.mixins.json:optimizations.ticking.chunk.random.ServerLevelMixin
[28Dec2025 23:05:24.242] [main/DEBUG] [mixin/]: Preparing highlighter.mixins.json (4)
[28Dec2025 23:05:24.242] [main/DEBUG] [mixin/]: Preparing reeses_sodium_options.mixins.json (7)
[28Dec2025 23:05:24.242] [main/DEBUG] [mixin/]: Preparing curios.mixins.json (8)
[28Dec2025 23:05:24.243] [main/DEBUG] [mixin/]: Preparing origins.mixins.json (10)
[28Dec2025 23:05:24.244] [main/DEBUG] [mixin/]: Preparing noisium.mixins.json (3)
[28Dec2025 23:05:24.246] [main/DEBUG] [mixin/]: Preparing cumulus_menus.mixins.json (4)
[28Dec2025 23:05:24.246] [main/DEBUG] [mixin/]: Preparing pluto.mixins.json (16)
[28Dec2025 23:05:24.248] [main/DEBUG] [net.minecraftforge.coremod.transformer.CoreModBaseTransformer/COREMOD]: Transforming m_8793_ with desc (Ljava/util/function/BooleanSupplier;)V
[28Dec2025 23:05:24.249] [main/DEBUG] [net.minecraftforge.coremod.transformer.CoreModBaseTransformer/COREMOD]: Transforming m_143340_ with desc (Lnet/minecraft/core/BlockPos;)Z
[28Dec2025 23:05:24.249] [main/DEBUG] [net.minecraftforge.coremod.transformer.CoreModBaseTransformer/COREMOD]: Transforming net/minecraft/server/level/ServerLevel
[28Dec2025 23:05:24.250] [main/WARN] [mixin/]: Error loading class: net/minecraft/server/level/ServerLevel (java.lang.IllegalArgumentException: Unsupported class file major version 69)
[28Dec2025 23:05:24.250] [main/WARN] [mixin/]: @Mixin target net.minecraft.server.level.ServerLevel was not found pluto.mixins.json:fast_entity_access.ServerLevelMixin
[28Dec2025 23:05:24.251] [main/DEBUG] [net.minecraftforge.coremod.transformer.CoreModBaseTransformer/COREMOD]: Transforming m_8543_ with desc ()V
[28Dec2025 23:05:24.258] [main/DEBUG] [mixin/]: Preparing apothiccurios.mixins.json (2)
[28Dec2025 23:05:24.258] [main/DEBUG] [mixin/]: Preparing betterendisland.mixins.json (8)
[28Dec2025 23:05:24.261] [main/DEBUG] [net.minecraftforge.coremod.transformer.CoreModBaseTransformer/COREMOD]: Transforming m_8793_ with desc (Ljava/util/function/BooleanSupplier;)V
[28Dec2025 23:05:24.262] [main/DEBUG] [net.minecraftforge.coremod.transformer.CoreModBaseTransformer/COREMOD]: Transforming m_143340_ with desc (Lnet/minecraft/core/BlockPos;)Z
[28Dec2025 23:05:24.262] [main/DEBUG] [net.minecraftforge.coremod.transformer.CoreModBaseTransformer/COREMOD]: Transforming net/minecraft/server/level/ServerLevel
[28Dec2025 23:05:24.263] [main/WARN] [mixin/]: Error loading class: net/minecraft/server/level/ServerLevel (java.lang.IllegalArgumentException: Unsupported class file major version 69)
[28Dec2025 23:05:24.263] [main/WARN] [mixin/]: @Mixin target net.minecraft.server.level.ServerLevel was not found betterendisland.mixins.json:EndergeticExpansionMixins
[28Dec2025 23:05:24.265] [main/DEBUG] [net.minecraftforge.coremod.transformer.CoreModBaseTransformer/COREMOD]: Transforming m_8793_ with desc (Ljava/util/function/BooleanSupplier;)V
[28Dec2025 23:05:24.265] [main/DEBUG] [net.minecraftforge.coremod.transformer.CoreModBaseTransformer/COREMOD]: Transforming m_143340_ with desc (Lnet/minecraft/core/BlockPos;)Z
[28Dec2025 23:05:24.265] [main/DEBUG] [net.minecraftforge.coremod.transformer.CoreModBaseTransformer/COREMOD]: Transforming net/minecraft/server/level/ServerLevel
[28Dec2025 23:05:24.267] [main/WARN] [mixin/]: Error loading class: net/minecraft/server/level/ServerLevel (java.lang.IllegalArgumentException: Unsupported class file major version 69)
[28Dec2025 23:05:24.267] [main/WARN] [mixin/]: @Mixin target net.minecraft.server.level.ServerLevel was not found betterendisland.mixins.json:ServerLevelMixin
[28Dec2025 23:05:24.268] [main/DEBUG] [mixin/]: Preparing betterendisland_forge.mixins.json (0)
[28Dec2025 23:05:24.268] [main/DEBUG] [mixin/]: Preparing nitrogen_internals.mixins.json (0)
[28Dec2025 23:05:24.268] [main/DEBUG] [mixin/]: Preparing celestisynth.mixins.json (8)
[28Dec2025 23:05:24.270] [main/DEBUG] [mixin/]: Preparing deep_aether.mixins.json (10)
[28Dec2025 23:05:24.272] [main/DEBUG] [mixin/]: Preparing bettermineshafts.mixins.json (4)
[28Dec2025 23:05:24.272] [main/DEBUG] [mixin/]: Preparing bettermineshafts_forge.mixins.json (0)
[28Dec2025 23:05:24.272] [main/DEBUG] [mixin/]: Preparing majruszlibrary-common.mixins.json (56)
[28Dec2025 23:05:24.277] [main/DEBUG] [net.minecraftforge.coremod.transformer.CoreModBaseTransformer/COREMOD]: Transforming m_8793_ with desc (Ljava/util/function/BooleanSupplier;)V
[28Dec2025 23:05:24.278] [main/DEBUG] [net.minecraftforge.coremod.transformer.CoreModBaseTransformer/COREMOD]: Transforming m_143340_ with desc (Lnet/minecraft/core/BlockPos;)Z
[28Dec2025 23:05:24.278] [main/DEBUG] [net.minecraftforge.coremod.transformer.CoreModBaseTransformer/COREMOD]: Transforming net/minecraft/server/level/ServerLevel
[28Dec2025 23:05:24.279] [main/WARN] [mixin/]: Error loading class: net/minecraft/server/level/ServerLevel (java.lang.IllegalArgumentException: Unsupported class file major version 69)
[28Dec2025 23:05:24.279] [main/WARN] [mixin/]: @Mixin target net.minecraft.server.level.ServerLevel was not found majruszlibrary-common.mixins.json:IMixinServerLevel
[28Dec2025 23:05:24.284] [main/DEBUG] [net.minecraftforge.coremod.transformer.CoreModBaseTransformer/COREMOD]: Transforming m_150157_ with desc (Lnet/minecraft/world/entity/Entity;)V
[28Dec2025 23:05:24.287] [main/DEBUG] [net.minecraftforge.coremod.transformer.CoreModBaseTransformer/COREMOD]: Transforming m_37145_ with desc (Lnet/minecraft/core/BlockPos;)V
[28Dec2025 23:05:24.289] [main/INFO] [net.minecraftforge.coremod.CoreMod.apotheosis/COREMODLOG]: Patching FishingHook#catchingFish
[28Dec2025 23:05:24.290] [main/DEBUG] [net.minecraftforge.coremod.transformer.CoreModBaseTransformer/COREMOD]: Transforming m_37156_ with desc (Lnet/minecraft/world/item/ItemStack;)I
[28Dec2025 23:05:24.300] [main/DEBUG] [net.minecraftforge.coremod.transformer.CoreModBaseTransformer/COREMOD]: Transforming net/minecraft/server/MinecraftServer
[28Dec2025 23:05:24.300] [main/DEBUG] [net.minecraftforge.coremod.transformer.CoreModBaseTransformer/COREMOD]: Transforming net/minecraft/server/MinecraftServer
[28Dec2025 23:05:24.300] [main/DEBUG] [net.minecraftforge.coremod.transformer.CoreModBaseTransformer/COREMOD]: Transforming net/minecraft/server/MinecraftServer
[28Dec2025 23:05:24.301] [main/WARN] [mixin/]: Error loading class: net/minecraft/server/MinecraftServer (java.lang.IllegalArgumentException: Unsupported class file major version 69)
[28Dec2025 23:05:24.301] [main/WARN] [mixin/]: @Mixin target net.minecraft.server.MinecraftServer was not found majruszlibrary-common.mixins.json:MixinMinecraftServer
[28Dec2025 23:05:24.303] [main/DEBUG] [net.minecraftforge.coremod.transformer.CoreModBaseTransformer/COREMOD]: Transforming m_37707_ with desc (II)Lnet/minecraft/core/BlockPos;
[28Dec2025 23:05:24.309] [main/DEBUG] [net.minecraftforge.coremod.transformer.CoreModBaseTransformer/COREMOD]: Transforming m_8793_ with desc (Ljava/util/function/BooleanSupplier;)V
[28Dec2025 23:05:24.309] [main/DEBUG] [net.minecraftforge.coremod.transformer.CoreModBaseTransformer/COREMOD]: Transforming m_143340_ with desc (Lnet/minecraft/core/BlockPos;)Z
[28Dec2025 23:05:24.310] [main/DEBUG] [net.minecraftforge.coremod.transformer.CoreModBaseTransformer/COREMOD]: Transforming net/minecraft/server/level/ServerLevel
[28Dec2025 23:05:24.311] [main/WARN] [mixin/]: Error loading class: net/minecraft/server/level/ServerLevel (java.lang.IllegalArgumentException: Unsupported class file major version 69)
[28Dec2025 23:05:24.311] [main/WARN] [mixin/]: @Mixin target net.minecraft.server.level.ServerLevel was not found majruszlibrary-common.mixins.json:MixinServerLevel
[28Dec2025 23:05:24.312] [main/DEBUG] [mixin/]: Preparing majruszlibrary-forge.mixins.json (4)
[28Dec2025 23:05:24.312] [main/DEBUG] [mixin/]: Preparing betterjungletemples.mixins.json (7)
[28Dec2025 23:05:24.313] [main/DEBUG] [mixin/]: Preparing betterjungletemples_forge.mixins.json (0)
[28Dec2025 23:05:24.313] [main/DEBUG] [mixin/]: Preparing elytraslot-integrations.mixins.json (4)
[28Dec2025 23:05:24.314] [main/DEBUG] [Elytra Slot/]: Loaded com.illusivesoulworks.elytraslot.platform.ForgeElytraPlatform@2f349170 for service interface com.illusivesoulworks.elytraslot.platform.services.IElytraPlatform
[28Dec2025 23:05:24.314] [main/DEBUG] [Elytra Slot/]: Loaded com.illusivesoulworks.elytraslot.platform.ForgePlatform@68fb6c1e for service interface com.illusivesoulworks.elytraslot.platform.services.IPlatform
[28Dec2025 23:05:24.315] [main/DEBUG] [Elytra Slot/]: Loaded com.illusivesoulworks.elytraslot.platform.ForgeClientPlatform@ab5954d for service interface com.illusivesoulworks.elytraslot.platform.services.IClientPlatform
[28Dec2025 23:05:24.315] [main/DEBUG] [Elytra Slot/]: Loaded com.illusivesoulworks.elytraslot.platform.ForgeLoadingPlatform@4a648b35 for service interface com.illusivesoulworks.elytraslot.platform.services.ILoadingPlatform
[28Dec2025 23:05:24.315] [main/DEBUG] [mixin/]: Preparing ftblibrary-common.mixins.json (5)
[28Dec2025 23:05:24.316] [main/DEBUG] [mixin/]: Preparing mutantmonsters.common.mixins.json (2)
[28Dec2025 23:05:24.317] [main/DEBUG] [mixin/]: Preparing attributefix.mixins.json (1)
[28Dec2025 23:05:24.317] [main/DEBUG] [mixin/]: Preparing pehkui.mixins.json (280)
[28Dec2025 23:05:24.320] [main/DEBUG] [net.minecraftforge.versions.mcp.MCPVersion/CORE]: MCP Version package package net.minecraftforge.versions.mcp, Minecraft, version 1.19.2 from cpw.mods.modlauncher.TransformingClassLoader@188ae8d2
[28Dec2025 23:05:24.320] [main/DEBUG] [net.minecraftforge.versions.mcp.MCPVersion/CORE]: Found MC version information 1.19.2
[28Dec2025 23:05:24.320] [main/DEBUG] [net.minecraftforge.versions.mcp.MCPVersion/CORE]: Found MCP version information 20220805.130853
[28Dec2025 23:05:24.345] [main/DEBUG] [net.minecraftforge.coremod.transformer.CoreModBaseTransformer/COREMOD]: Transforming m_6478_ with desc (Lnet/minecraft/world/entity/MoverType;Lnet/minecraft/world/phys/Vec3;)V
[28Dec2025 23:05:24.355] [main/DEBUG] [net.minecraftforge.coremod.transformer.CoreModBaseTransformer/COREMOD]: Transforming m_8119_ with desc ()V
[28Dec2025 23:05:24.362] [main/DEBUG] [net.minecraftforge.coremod.transformer.CoreModBaseTransformer/COREMOD]: Transforming m_8119_ with desc ()V
[28Dec2025 23:05:24.371] [main/DEBUG] [net.minecraftforge.coremod.transformer.CoreModBaseTransformer/COREMOD]: Transforming m_8793_ with desc (Ljava/util/function/BooleanSupplier;)V
[28Dec2025 23:05:24.372] [main/DEBUG] [net.minecraftforge.coremod.transformer.CoreModBaseTransformer/COREMOD]: Transforming m_143340_ with desc (Lnet/minecraft/core/BlockPos;)Z
[28Dec2025 23:05:24.372] [main/DEBUG] [net.minecraftforge.coremod.transformer.CoreModBaseTransformer/COREMOD]: Transforming net/minecraft/server/level/ServerLevel
[28Dec2025 23:05:24.374] [main/WARN] [mixin/]: Error loading class: net/minecraft/server/level/ServerLevel (java.lang.IllegalArgumentException: Unsupported class file major version 69)
[28Dec2025 23:05:24.374] [main/WARN] [mixin/]: @Mixin target net.minecraft.server.level.ServerLevel was not found pehkui.mixins.json:compat117plus.ServerWorldMixin
[28Dec2025 23:05:24.383] [main/DEBUG] [mixin/]: Preparing goblintraders.mixins.json (5)
[28Dec2025 23:05:24.384] [main/DEBUG] [mixin/]: Preparing caelus.mixins.json (4)
[28Dec2025 23:05:24.384] [main/DEBUG] [mixin/]: Preparing paxi.mixins.json (1)
[28Dec2025 23:05:24.385] [main/DEBUG] [mixin/]: Preparing paxi_forge.mixins.json (1)
[28Dec2025 23:05:24.385] [main/DEBUG] [mixin/]: Preparing fastasyncworldsave.mixins.json (1)
[28Dec2025 23:05:24.386] [main/DEBUG] [mixin/]: Preparing craterlib.mixins.json (13)
[28Dec2025 23:05:24.387] [main/DEBUG] [mixin/]: Preparing craterlib.forge.mixins.json (2)
[28Dec2025 23:05:24.387] [main/DEBUG] [mixin/]: Preparing starlight.mixins.json (13)
[28Dec2025 23:05:24.391] [main/DEBUG] [net.minecraftforge.coremod.transformer.CoreModBaseTransformer/COREMOD]: Transforming m_8793_ with desc (Ljava/util/function/BooleanSupplier;)V
[28Dec2025 23:05:24.391] [main/DEBUG] [net.minecraftforge.coremod.transformer.CoreModBaseTransformer/COREMOD]: Transforming m_143340_ with desc (Lnet/minecraft/core/BlockPos;)Z
[28Dec2025 23:05:24.391] [main/DEBUG] [net.minecraftforge.coremod.transformer.CoreModBaseTransformer/COREMOD]: Transforming net/minecraft/server/level/ServerLevel
[28Dec2025 23:05:24.392] [main/WARN] [mixin/]: Error loading class: net/minecraft/server/level/ServerLevel (java.lang.IllegalArgumentException: Unsupported class file major version 69)
[28Dec2025 23:05:24.392] [main/WARN] [mixin/]: @Mixin target net.minecraft.server.level.ServerLevel was not found starlight.mixins.json:common.world.ServerWorldMixin
[28Dec2025 23:05:24.392] [main/DEBUG] [mixin/]: Preparing corpsecurioscompat.mixins.json (1)
[28Dec2025 23:05:24.393] [main/DEBUG] [mixin/]: Preparing ars_nouveau.mixins.json (26)
[28Dec2025 23:05:24.396] [main/DEBUG] [net.minecraftforge.coremod.transformer.CoreModBaseTransformer/COREMOD]: Transforming m_5824_ with desc (Lnet/minecraft/server/level/ServerLevel;Lnet/minecraft/core/BlockPos;)V
[28Dec2025 23:05:24.404] [main/DEBUG] [mixin/]: Preparing crafttweaker.mixins.json (29)
[28Dec2025 23:05:24.408] [main/DEBUG] [net.minecraftforge.coremod.transformer.CoreModBaseTransformer/COREMOD]: Transforming net/minecraft/server/MinecraftServer
[28Dec2025 23:05:24.408] [main/DEBUG] [net.minecraftforge.coremod.transformer.CoreModBaseTransformer/COREMOD]: Transforming net/minecraft/server/MinecraftServer
[28Dec2025 23:05:24.408] [main/DEBUG] [net.minecraftforge.coremod.transformer.CoreModBaseTransformer/COREMOD]: Transforming net/minecraft/server/MinecraftServer
[28Dec2025 23:05:24.410] [main/WARN] [mixin/]: Error loading class: net/minecraft/server/MinecraftServer (java.lang.IllegalArgumentException: Unsupported class file major version 69)
[28Dec2025 23:05:24.410] [main/WARN] [mixin/]: @Mixin target net.minecraft.server.MinecraftServer was not found crafttweaker.mixins.json:common.access.server.AccessMinecraftServer
[28Dec2025 23:05:24.412] [main/DEBUG] [net.minecraftforge.coremod.transformer.CoreModBaseTransformer/COREMOD]: Transforming m_8793_ with desc (Ljava/util/function/BooleanSupplier;)V
[28Dec2025 23:05:24.413] [main/DEBUG] [net.minecraftforge.coremod.transformer.CoreModBaseTransformer/COREMOD]: Transforming m_143340_ with desc (Lnet/minecraft/core/BlockPos;)Z
[28Dec2025 23:05:24.413] [main/DEBUG] [net.minecraftforge.coremod.transformer.CoreModBaseTransformer/COREMOD]: Transforming net/minecraft/server/level/ServerLevel
[28Dec2025 23:05:24.414] [main/WARN] [mixin/]: Error loading class: net/minecraft/server/level/ServerLevel (java.lang.IllegalArgumentException: Unsupported class file major version 69)
[28Dec2025 23:05:24.414] [main/WARN] [mixin/]: @Mixin target net.minecraft.server.level.ServerLevel was not found crafttweaker.mixins.json:common.transform.world.level.MixinServerLevel
[28Dec2025 23:05:24.415] [main/DEBUG] [mixin/]: Preparing crafttweaker.forge.mixins.json (7)
[28Dec2025 23:05:24.415] [main/DEBUG] [mixin/]: Preparing memoryleakfix.mixins.json (7)
[28Dec2025 23:05:24.418] [main/DEBUG] [mixin/]: Preparing rubidium_extras.mixins.json (19)
[28Dec2025 23:05:24.418] [main/DEBUG] [mixin/]: Preparing terrablender.mixins.json (4)
[28Dec2025 23:05:24.421] [main/DEBUG] [mixin/]: Preparing terrablender_forge.mixins.json (1)
[28Dec2025 23:05:24.421] [main/DEBUG] [mixin/]: Preparing bettercombat.mixins.json (16)
[28Dec2025 23:05:24.423] [main/DEBUG] [mixin/]: Preparing mousetweaks.mixins.json (1)
[28Dec2025 23:05:24.423] [main/DEBUG] [mixin/]: Preparing necronomicon.forge.mixins.json (1)
[28Dec2025 23:05:24.423] [main/DEBUG] [mixin/]: Preparing itemproductionlib.mixins.json (10)
[28Dec2025 23:05:24.425] [main/WARN] [mixin/]: Error loading class: tfar/davespotioneering/blockentity/AdvancedBrewingStandBlockEntity (java.lang.ClassNotFoundException: tfar.davespotioneering.blockentity.AdvancedBrewingStandBlockEntity)
[28Dec2025 23:05:24.425] [main/WARN] [mixin/]: @Mixin target tfar.davespotioneering.blockentity.AdvancedBrewingStandBlockEntity was not found itemproductionlib.mixins.json:davespotioneering/AdvancedBrewingStandBlockEntityMixin
[28Dec2025 23:05:24.427] [main/WARN] [mixin/]: Error loading class: fuzs/visualworkbench/world/inventory/ModCraftingMenu (java.lang.ClassNotFoundException: fuzs.visualworkbench.world.inventory.ModCraftingMenu)
[28Dec2025 23:05:24.427] [main/WARN] [mixin/]: @Mixin target fuzs.visualworkbench.world.inventory.ModCraftingMenu was not found itemproductionlib.mixins.json:visualworkbench/ModCraftingMenuMixin
[28Dec2025 23:05:24.427] [main/DEBUG] [mixin/]: Preparing corgilib.mixins.json (7)
[28Dec2025 23:05:24.430] [main/DEBUG] [net.minecraftforge.coremod.transformer.CoreModBaseTransformer/COREMOD]: Transforming m_8793_ with desc (Ljava/util/function/BooleanSupplier;)V
[28Dec2025 23:05:24.430] [main/DEBUG] [net.minecraftforge.coremod.transformer.CoreModBaseTransformer/COREMOD]: Transforming m_143340_ with desc (Lnet/minecraft/core/BlockPos;)Z
[28Dec2025 23:05:24.430] [main/DEBUG] [net.minecraftforge.coremod.transformer.CoreModBaseTransformer/COREMOD]: Transforming net/minecraft/server/level/ServerLevel
[28Dec2025 23:05:24.432] [main/WARN] [mixin/]: Error loading class: net/minecraft/server/level/ServerLevel (java.lang.IllegalArgumentException: Unsupported class file major version 69)
[28Dec2025 23:05:24.432] [main/WARN] [mixin/]: @Mixin target net.minecraft.server.level.ServerLevel was not found corgilib.mixins.json:MixinServerLevel
[28Dec2025 23:05:24.433] [main/DEBUG] [mixin/]: Preparing corgilib.forge.mixins.json (0)
[28Dec2025 23:05:24.433] [main/DEBUG] [mixin/]: Preparing fastpaintings.mixins.json (4)
[28Dec2025 23:05:24.433] [main/DEBUG] [mixin/]: Preparing fastpaintings-forge.mixins.json (0)
[28Dec2025 23:05:24.433] [main/DEBUG] [mixin/]: Preparing aeroblender.mixins.json (8)
[28Dec2025 23:05:24.435] [main/DEBUG] [mixin/]: Preparing betterfpsdist.mixins.json (4)
[28Dec2025 23:05:24.435] [main/DEBUG] [mixin/]: Preparing brewinandchewin.mixins.json (1)
[28Dec2025 23:05:24.435] [main/DEBUG] [mixin/]: Preparing farmersrespite.mixins.json (1)
[28Dec2025 23:05:24.436] [main/DEBUG] [mixin/]: Preparing mixin.imdlib-whisperwoods.json (5)
[28Dec2025 23:05:24.437] [main/DEBUG] [mixin/]: Preparing whisperwoods.mixins.json (3)
[28Dec2025 23:05:24.437] [main/DEBUG] [mixin/]: Preparing whisperwoods-forge.mixins.json (1)
[28Dec2025 23:05:24.437] [main/DEBUG] [mixin/]: Preparing ecologics-common.mixins.json (3)
[28Dec2025 23:05:24.438] [main/DEBUG] [mixin/]: Preparing ecologics.mixins.json (2)
[28Dec2025 23:05:24.439] [main/DEBUG] [mixin/]: Preparing bocchium.mixins.json (2)
[28Dec2025 23:05:24.439] [main/DEBUG] [mixin/]: Preparing polymorph.mixins.json (8)
[28Dec2025 23:05:24.440] [main/DEBUG] [mixin/]: Preparing polymorph-integrations.forge.mixins.json (2)
[28Dec2025 23:05:24.440] [main/DEBUG] [mixin/]: Preparing entityculling.mixins.json (6)
[28Dec2025 23:05:24.440] [main/DEBUG] [mixin/]: Preparing canary.mixins.json (204)
[28Dec2025 23:05:24.453] [main/WARN] [Canary/]: Force-disabling mixin 'entity.collisions.suffocation.EntityMixin' as rule 'mixin.entity.collisions.suffocation' (added by user configuration) disables it and children
[28Dec2025 23:05:24.473] [main/DEBUG] [net.minecraftforge.coremod.transformer.CoreModBaseTransformer/COREMOD]: Transforming m_8793_ with desc (Ljava/util/function/BooleanSupplier;)V
[28Dec2025 23:05:24.474] [main/DEBUG] [net.minecraftforge.coremod.transformer.CoreModBaseTransformer/COREMOD]: Transforming m_143340_ with desc (Lnet/minecraft/core/BlockPos;)Z
[28Dec2025 23:05:24.474] [main/DEBUG] [net.minecraftforge.coremod.transformer.CoreModBaseTransformer/COREMOD]: Transforming net/minecraft/server/level/ServerLevel
[28Dec2025 23:05:24.476] [main/WARN] [mixin/]: Error loading class: net/minecraft/server/level/ServerLevel (java.lang.IllegalArgumentException: Unsupported class file major version 69)
[28Dec2025 23:05:24.476] [main/WARN] [mixin/]: @Mixin target net.minecraft.server.level.ServerLevel was not found canary.mixins.json:alloc.chunk_random.ServerLevelMixin
[28Dec2025 23:05:24.476] [main/DEBUG] [net.minecraftforge.coremod.transformer.CoreModBaseTransformer/COREMOD]: Transforming m_60181_ with desc (Lnet/minecraft/world/level/Level;Lnet/minecraft/core/BlockPos;Lnet/minecraft/core/Direction;Z)Z
[28Dec2025 23:05:24.511] [main/DEBUG] [net.minecraftforge.coremod.transformer.CoreModBaseTransformer/COREMOD]: Transforming m_8793_ with desc (Ljava/util/function/BooleanSupplier;)V
[28Dec2025 23:05:24.511] [main/DEBUG] [net.minecraftforge.coremod.transformer.CoreModBaseTransformer/COREMOD]: Transforming m_143340_ with desc (Lnet/minecraft/core/BlockPos;)Z
[28Dec2025 23:05:24.511] [main/DEBUG] [net.minecraftforge.coremod.transformer.CoreModBaseTransformer/COREMOD]: Transforming net/minecraft/server/level/ServerLevel
[28Dec2025 23:05:24.512] [main/WARN] [mixin/]: Error loading class: net/minecraft/server/level/ServerLevel (java.lang.IllegalArgumentException: Unsupported class file major version 69)
[28Dec2025 23:05:24.513] [main/WARN] [mixin/]: @Mixin target net.minecraft.server.level.ServerLevel was not found canary.mixins.json:chunk.replace_streams.ServerLevelMixin
[28Dec2025 23:05:24.517] [main/DEBUG] [net.minecraftforge.coremod.transformer.CoreModBaseTransformer/COREMOD]: Transforming m_8793_ with desc (Ljava/util/function/BooleanSupplier;)V
[28Dec2025 23:05:24.517] [main/DEBUG] [net.minecraftforge.coremod.transformer.CoreModBaseTransformer/COREMOD]: Transforming m_143340_ with desc (Lnet/minecraft/core/BlockPos;)Z
[28Dec2025 23:05:24.517] [main/DEBUG] [net.minecraftforge.coremod.transformer.CoreModBaseTransformer/COREMOD]: Transforming net/minecraft/server/level/ServerLevel
[28Dec2025 23:05:24.518] [main/WARN] [mixin/]: Error loading class: net/minecraft/server/level/ServerLevel (java.lang.IllegalArgumentException: Unsupported class file major version 69)
[28Dec2025 23:05:24.518] [main/WARN] [mixin/]: @Mixin target net.minecraft.server.level.ServerLevel was not found canary.mixins.json:entity.inactive_navigations.ServerLevelMixin
[28Dec2025 23:05:24.523] [main/DEBUG] [net.minecraftforge.coremod.transformer.CoreModBaseTransformer/COREMOD]: Transforming m_8793_ with desc (Ljava/util/function/BooleanSupplier;)V
[28Dec2025 23:05:24.523] [main/DEBUG] [net.minecraftforge.coremod.transformer.CoreModBaseTransformer/COREMOD]: Transforming m_143340_ with desc (Lnet/minecraft/core/BlockPos;)Z
[28Dec2025 23:05:24.523] [main/DEBUG] [net.minecraftforge.coremod.transformer.CoreModBaseTransformer/COREMOD]: Transforming net/minecraft/server/level/ServerLevel
[28Dec2025 23:05:24.524] [main/WARN] [mixin/]: Error loading class: net/minecraft/server/level/ServerLevel (java.lang.IllegalArgumentException: Unsupported class file major version 69)
[28Dec2025 23:05:24.525] [main/WARN] [mixin/]: @Mixin target net.minecraft.server.level.ServerLevel was not found canary.mixins.json:profiler.ServerLevelMixin
[28Dec2025 23:05:24.527] [main/DEBUG] [net.minecraftforge.coremod.transformer.CoreModBaseTransformer/COREMOD]: Transforming m_8793_ with desc (Ljava/util/function/BooleanSupplier;)V
[28Dec2025 23:05:24.527] [main/DEBUG] [net.minecraftforge.coremod.transformer.CoreModBaseTransformer/COREMOD]: Transforming m_143340_ with desc (Lnet/minecraft/core/BlockPos;)Z
[28Dec2025 23:05:24.527] [main/DEBUG] [net.minecraftforge.coremod.transformer.CoreModBaseTransformer/COREMOD]: Transforming net/minecraft/server/level/ServerLevel
[28Dec2025 23:05:24.528] [main/WARN] [mixin/]: Error loading class: net/minecraft/server/level/ServerLevel (java.lang.IllegalArgumentException: Unsupported class file major version 69)
[28Dec2025 23:05:24.529] [main/WARN] [mixin/]: @Mixin target net.minecraft.server.level.ServerLevel was not found canary.mixins.json:util.accessors.ServerLevelAccessor
[28Dec2025 23:05:24.532] [main/DEBUG] [net.minecraftforge.coremod.transformer.CoreModBaseTransformer/COREMOD]: Transforming m_8793_ with desc (Ljava/util/function/BooleanSupplier;)V
[28Dec2025 23:05:24.532] [main/DEBUG] [net.minecraftforge.coremod.transformer.CoreModBaseTransformer/COREMOD]: Transforming m_143340_ with desc (Lnet/minecraft/core/BlockPos;)Z
[28Dec2025 23:05:24.532] [main/DEBUG] [net.minecraftforge.coremod.transformer.CoreModBaseTransformer/COREMOD]: Transforming net/minecraft/server/level/ServerLevel
[28Dec2025 23:05:24.534] [main/WARN] [mixin/]: Error loading class: net/minecraft/server/level/ServerLevel (java.lang.IllegalArgumentException: Unsupported class file major version 69)
[28Dec2025 23:05:24.534] [main/WARN] [mixin/]: @Mixin target net.minecraft.server.level.ServerLevel was not found canary.mixins.json:world.block_entity_ticking.sleeping.ServerLevelMixin
[28Dec2025 23:05:24.535] [main/DEBUG] [mixin/]: Preparing immediatelyfast-forge.mixins.json (4)
[28Dec2025 23:05:24.535] [main/DEBUG] [mixin/]: Preparing immediatelyfast-common.mixins.json (36)
[28Dec2025 23:05:24.535] [main/DEBUG] [mixin/]: Preparing tlc.mixins.json (0)
[28Dec2025 23:05:24.535] [main/DEBUG] [mixin/]: Preparing lootr.mixins.json (7)
[28Dec2025 23:05:24.536] [main/DEBUG] [mixin/]: Preparing biomemusic.mixins.json (5)
[28Dec2025 23:05:24.536] [main/DEBUG] [mixin/]: Preparing puzzleslib.common.mixins.json (1)
[28Dec2025 23:05:24.536] [main/DEBUG] [mixin/]: Preparing puzzleslib.forge.mixins.json (7)
[28Dec2025 23:05:24.537] [main/DEBUG] [mixin/]: Preparing byg.mixins.json (104)
[28Dec2025 23:05:24.549] [main/DEBUG] [net.minecraftforge.coremod.transformer.CoreModBaseTransformer/COREMOD]: Transforming net/minecraft/server/MinecraftServer
[28Dec2025 23:05:24.550] [main/DEBUG] [net.minecraftforge.coremod.transformer.CoreModBaseTransformer/COREMOD]: Transforming net/minecraft/server/MinecraftServer
[28Dec2025 23:05:24.550] [main/DEBUG] [net.minecraftforge.coremod.transformer.CoreModBaseTransformer/COREMOD]: Transforming net/minecraft/server/MinecraftServer
[28Dec2025 23:05:24.551] [main/WARN] [mixin/]: Error loading class: net/minecraft/server/MinecraftServer (java.lang.IllegalArgumentException: Unsupported class file major version 69)
[28Dec2025 23:05:24.551] [main/WARN] [mixin/]: @Mixin target net.minecraft.server.MinecraftServer was not found byg.mixins.json:access.MinecraftServerAccess
[28Dec2025 23:05:24.554] [main/DEBUG] [net.minecraftforge.coremod.transformer.CoreModBaseTransformer/COREMOD]: Transforming m_6693_ with desc (Lnet/minecraft/world/level/Level;Lnet/minecraft/core/BlockPos;)I
[28Dec2025 23:05:24.564] [main/DEBUG] [net.minecraftforge.coremod.transformer.CoreModBaseTransformer/COREMOD]: Transforming net/minecraft/world/level/block/StairBlock
[28Dec2025 23:05:24.574] [main/DEBUG] [net.minecraftforge.coremod.transformer.CoreModBaseTransformer/COREMOD]: Transforming m_8793_ with desc (Ljava/util/function/BooleanSupplier;)V
[28Dec2025 23:05:24.574] [main/DEBUG] [net.minecraftforge.coremod.transformer.CoreModBaseTransformer/COREMOD]: Transforming m_143340_ with desc (Lnet/minecraft/core/BlockPos;)Z
[28Dec2025 23:05:24.574] [main/DEBUG] [net.minecraftforge.coremod.transformer.CoreModBaseTransformer/COREMOD]: Transforming net/minecraft/server/level/ServerLevel
[28Dec2025 23:05:24.575] [main/WARN] [mixin/]: Error loading class: net/minecraft/server/level/ServerLevel (java.lang.IllegalArgumentException: Unsupported class file major version 69)
[28Dec2025 23:05:24.576] [main/WARN] [mixin/]: @Mixin target net.minecraft.server.level.ServerLevel was not found byg.mixins.json:common.world.MixinServerLevel
[28Dec2025 23:05:24.577] [main/DEBUG] [net.minecraftforge.coremod.transformer.CoreModBaseTransformer/COREMOD]: Transforming net/minecraft/server/MinecraftServer
[28Dec2025 23:05:24.577] [main/DEBUG] [net.minecraftforge.coremod.transformer.CoreModBaseTransformer/COREMOD]: Transforming net/minecraft/server/MinecraftServer
[28Dec2025 23:05:24.578] [main/DEBUG] [net.minecraftforge.coremod.transformer.CoreModBaseTransformer/COREMOD]: Transforming net/minecraft/server/MinecraftServer
[28Dec2025 23:05:24.579] [main/WARN] [mixin/]: Error loading class: net/minecraft/server/MinecraftServer (java.lang.IllegalArgumentException: Unsupported class file major version 69)
[28Dec2025 23:05:24.579] [main/WARN] [mixin/]: @Mixin target net.minecraft.server.MinecraftServer was not found byg.mixins.json:server.MixinMinecraftServer
[28Dec2025 23:05:24.579] [main/DEBUG] [mixin/]: Preparing byg_forge.mixins.json (4)
[28Dec2025 23:05:24.579] [main/DEBUG] [mixin/]: Preparing chunksending.mixins.json (2)
[28Dec2025 23:05:24.579] [main/DEBUG] [mixin/]: Preparing aquamirae.mixins.json (1)
[28Dec2025 23:05:24.579] [main/DEBUG] [mixin/]: Preparing defaultoptions.mixins.json (4)
[28Dec2025 23:05:24.580] [main/DEBUG] [mixin/]: Preparing blue_skies.mixins.json (20)
[28Dec2025 23:05:24.581] [main/DEBUG] [mixin/]: Preparing mixins.transmog.common.json (6)
[28Dec2025 23:05:24.582] [main/DEBUG] [mixin/]: Preparing mixins.transmog.forge.json (0)
[28Dec2025 23:05:24.582] [main/DEBUG] [mixin/]: Preparing ars_additions.mixins.json (8)
[28Dec2025 23:05:24.586] [main/DEBUG] [mixin/]: Preparing recipeessentials.mixins.json (15)
[28Dec2025 23:05:24.590] [main/INFO] [com.cupboard.Cupboard/]: Loaded config for: recipeessentials.json
[28Dec2025 23:05:24.592] [main/DEBUG] [mixin/]: Preparing aether.mixins.json (53)
[28Dec2025 23:05:24.597] [main/DEBUG] [net.minecraftforge.coremod.transformer.CoreModBaseTransformer/COREMOD]: Transforming m_8793_ with desc (Ljava/util/function/BooleanSupplier;)V
[28Dec2025 23:05:24.597] [main/DEBUG] [net.minecraftforge.coremod.transformer.CoreModBaseTransformer/COREMOD]: Transforming m_143340_ with desc (Lnet/minecraft/core/BlockPos;)Z
[28Dec2025 23:05:24.597] [main/DEBUG] [net.minecraftforge.coremod.transformer.CoreModBaseTransformer/COREMOD]: Transforming net/minecraft/server/level/ServerLevel
[28Dec2025 23:05:24.599] [main/WARN] [mixin/]: Error loading class: net/minecraft/server/level/ServerLevel (java.lang.IllegalArgumentException: Unsupported class file major version 69)
[28Dec2025 23:05:24.599] [main/WARN] [mixin/]: @Mixin target net.minecraft.server.level.ServerLevel was not found aether.mixins.json:common.accessor.ServerLevelAccessor
[28Dec2025 23:05:24.600] [main/DEBUG] [mixin/]: Preparing galosphere.mixins.json (12)
[28Dec2025 23:05:24.601] [main/DEBUG] [mixin/]: Preparing betteroceanmonuments.mixins.json (5)
[28Dec2025 23:05:24.601] [main/DEBUG] [mixin/]: Preparing betteroceanmonuments_forge.mixins.json (0)
[28Dec2025 23:05:24.601] [main/DEBUG] [mixin/]: Preparing connectivity.mixins.json (19)
[28Dec2025 23:05:24.604] [main/DEBUG] [net.minecraftforge.coremod.transformer.CoreModBaseTransformer/COREMOD]: Transforming net/minecraft/network/protocol/game/ClientboundSectionBlocksUpdatePacket
[28Dec2025 23:05:24.607] [main/DEBUG] [net.minecraftforge.coremod.transformer.CoreModBaseTransformer/COREMOD]: Transforming net/minecraft/network/protocol/game/ClientboundSectionBlocksUpdatePacket
[28Dec2025 23:05:24.610] [main/DEBUG] [mixin/]: Preparing immersive_aircraft.mixins.json (15)
[28Dec2025 23:05:24.611] [main/DEBUG] [mixin/]: Preparing gpumemleakfix.mixins.json (1)
[28Dec2025 23:05:24.611] [main/DEBUG] [mixin/]: Preparing insanelib.mixins.json (0)
[28Dec2025 23:05:24.611] [main/DEBUG] [mixin/]: Preparing structureessentials.mixins.json (8)
[28Dec2025 23:05:24.613] [main/INFO] [com.cupboard.Cupboard/]: Loaded config for: structureessentials.json
[28Dec2025 23:05:24.614] [main/DEBUG] [mixin/]: Preparing controlling.mixins.json (5)
[28Dec2025 23:05:24.614] [main/DEBUG] [mixin/]: Preparing controlling.forge.mixins.json (0)
[28Dec2025 23:05:24.614] [main/DEBUG] [mixin/]: Preparing citadel.mixins.json (17)
[28Dec2025 23:05:24.616] [main/DEBUG] [net.minecraftforge.coremod.transformer.CoreModBaseTransformer/COREMOD]: Transforming net/minecraft/server/MinecraftServer
[28Dec2025 23:05:24.617] [main/DEBUG] [net.minecraftforge.coremod.transformer.CoreModBaseTransformer/COREMOD]: Transforming net/minecraft/server/MinecraftServer
[28Dec2025 23:05:24.617] [main/DEBUG] [net.minecraftforge.coremod.transformer.CoreModBaseTransformer/COREMOD]: Transforming net/minecraft/server/MinecraftServer
[28Dec2025 23:05:24.618] [main/WARN] [mixin/]: Error loading class: net/minecraft/server/MinecraftServer (java.lang.IllegalArgumentException: Unsupported class file major version 69)
[28Dec2025 23:05:24.618] [main/WARN] [mixin/]: @Mixin target net.minecraft.server.MinecraftServer was not found citadel.mixins.json:MinecraftServerMixin
[28Dec2025 23:05:24.619] [main/DEBUG] [net.minecraftforge.coremod.transformer.CoreModBaseTransformer/COREMOD]: Transforming m_8793_ with desc (Ljava/util/function/BooleanSupplier;)V
[28Dec2025 23:05:24.619] [main/DEBUG] [net.minecraftforge.coremod.transformer.CoreModBaseTransformer/COREMOD]: Transforming m_143340_ with desc (Lnet/minecraft/core/BlockPos;)Z
[28Dec2025 23:05:24.619] [main/DEBUG] [net.minecraftforge.coremod.transformer.CoreModBaseTransformer/COREMOD]: Transforming net/minecraft/server/level/ServerLevel
[28Dec2025 23:05:24.621] [main/WARN] [mixin/]: Error loading class: net/minecraft/server/level/ServerLevel (java.lang.IllegalArgumentException: Unsupported class file major version 69)
[28Dec2025 23:05:24.621] [main/WARN] [mixin/]: @Mixin target net.minecraft.server.level.ServerLevel was not found citadel.mixins.json:ServerLevelMixin
[28Dec2025 23:05:24.621] [main/DEBUG] [mixin/]: Preparing placebo.mixins.json (5)
[28Dec2025 23:05:24.621] [main/DEBUG] [mixin/]: Preparing prism.mixins.json (1)
[28Dec2025 23:05:24.621] [main/DEBUG] [mixin/]: Preparing lootintegrations.mixins.json (3)
[28Dec2025 23:05:24.622] [main/DEBUG] [mixin/]: Preparing item_obliterator.mixins.json (6)
[28Dec2025 23:05:24.622] [main/DEBUG] [mixin/]: Preparing bakery-common.mixins.json (1)
[28Dec2025 23:05:24.622] [main/DEBUG] [mixin/]: Preparing bakery.mixins.json (0)
[28Dec2025 23:05:24.622] [main/DEBUG] [mixin/]: Preparing bookshelf.common.mixins.json (19)
[28Dec2025 23:05:24.625] [main/DEBUG] [mixin/]: Preparing bookshelf.forge.mixins.json (1)
[28Dec2025 23:05:24.625] [main/DEBUG] [mixin/]: Preparing twigs.mixins.json (5)
[28Dec2025 23:05:24.626] [main/DEBUG] [mixin/]: Preparing relics.mixins.json (15)
[28Dec2025 23:05:24.628] [main/DEBUG] [mixin/]: Preparing progressivebosses.mixins.json (13)
[28Dec2025 23:05:24.630] [main/DEBUG] [mixin/]: Preparing takesapillage.mixins.json (3)
[28Dec2025 23:05:24.631] [main/DEBUG] [mixin/]: Preparing bygonenether.mixins.json (7)
[28Dec2025 23:05:24.632] [main/DEBUG] [mixin/]: Preparing carryon.mixins.json (5)
[28Dec2025 23:05:24.633] [main/DEBUG] [mixin/]: Preparing carryon.forge.mixins.json (0)
[28Dec2025 23:05:24.633] [main/DEBUG] [mixin/]: Preparing melody.mixins.json (3)
[28Dec2025 23:05:24.633] [main/DEBUG] [mixin/]: Preparing melody.forge.mixins.json (0)
[28Dec2025 23:05:24.633] [main/DEBUG] [mixin/]: Preparing dragonmounts.mixins.json (3)
[28Dec2025 23:05:24.633] [main/DEBUG] [mixin/]: Preparing dummmmmmy-common.mixins.json (2)
[28Dec2025 23:05:24.634] [main/DEBUG] [mixin/]: Preparing dummmmmmy.mixins.json (0)
[28Dec2025 23:05:24.634] [main/DEBUG] [mixin/]: Preparing konkrete.mixin.json (4)
[28Dec2025 23:05:24.634] [main/DEBUG] [mixin/]: Preparing farmersdelight.mixins.json (9)
[28Dec2025 23:05:24.635] [main/DEBUG] [mixin/]: Preparing getittogetherdrops.mixins.json (1)
[28Dec2025 23:05:24.635] [main/DEBUG] [mixin/]: Preparing endrem.mixins.json (1)
[28Dec2025 23:05:24.636] [main/DEBUG] [mixin/]: Preparing longnbtkiller.mixins.json (3)
[28Dec2025 23:05:24.637] [main/DEBUG] [mixin/]: Preparing lionfishapi.mixins.json (2)
[28Dec2025 23:05:24.637] [main/DEBUG] [mixin/]: Preparing cataclysm.mixins.json (28)
[28Dec2025 23:05:24.641] [main/DEBUG] [mixin/]: Preparing memorysettings.mixins.json (1)
[28Dec2025 23:05:24.641] [main/DEBUG] [mixin/]: Preparing patchouli_xplat.mixins.json (9)
[28Dec2025 23:05:24.642] [main/DEBUG] [mixin/]: Preparing origins_classes.mixins.json (26)
[28Dec2025 23:05:24.645] [main/WARN] [mixin/]: Error loading class: shadows/apotheosis/ench/table/ApothEnchantContainer (java.lang.ClassNotFoundException: shadows.apotheosis.ench.table.ApothEnchantContainer)
[28Dec2025 23:05:24.645] [main/WARN] [mixin/]: @Mixin target shadows.apotheosis.ench.table.ApothEnchantContainer was not found origins_classes.mixins.json:common.apotheosis.ApotheosisEnchantmentMenuMixin
[28Dec2025 23:05:24.646] [main/WARN] [mixin/]: Error loading class: se/mickelus/tetra/blocks/workbench/WorkbenchTile (java.lang.ClassNotFoundException: se.mickelus.tetra.blocks.workbench.WorkbenchTile)
[28Dec2025 23:05:24.647] [main/WARN] [mixin/]: @Mixin target se.mickelus.tetra.blocks.workbench.WorkbenchTile was not found origins_classes.mixins.json:common.tetra.WorkbenchTileMixin
[28Dec2025 23:05:24.647] [main/DEBUG] [mixin/]: Preparing forge-dramaticdoors_forge.mixins.json (14)
[28Dec2025 23:05:24.650] [main/DEBUG] [mixin/]: Preparing betterthirdperson.mixins.json (6)
[28Dec2025 23:05:24.650] [main/DEBUG] [mixin/]: Preparing ftbultimine-common.mixins.json (2)
[28Dec2025 23:05:24.650] [main/DEBUG] [mixin/]: Preparing nightconfigfixes.forge.mixins.json (2)
[28Dec2025 23:05:24.651] [main/DEBUG] [mixin/]: Preparing betterstrongholds.mixins.json (3)
[28Dec2025 23:05:24.651] [main/DEBUG] [mixin/]: Preparing betterstrongholds_forge.mixins.json (0)
[28Dec2025 23:05:24.651] [main/DEBUG] [mixin/]: Preparing architectury.mixins.json (8)
[28Dec2025 23:05:24.652] [main/DEBUG] [mixin/]: Preparing architectury-common.mixins.json (9)
[28Dec2025 23:05:24.653] [main/DEBUG] [net.minecraftforge.coremod.transformer.CoreModBaseTransformer/COREMOD]: Transforming net/minecraft/world/item/BucketItem
[28Dec2025 23:05:24.657] [main/DEBUG] [mixin/]: Preparing mixins.deeperdarker.json (5)
[28Dec2025 23:05:24.660] [main/WARN] [mixin/]: Error loading class: net/minecraft/client/renderer/entity/PhantomRenderer (java.lang.ClassNotFoundException: net.minecraft.client.renderer.entity.PhantomRenderer)
[28Dec2025 23:05:24.660] [main/WARN] [mixin/]: @Mixin target net.minecraft.client.renderer.entity.PhantomRenderer was not found mixins.deeperdarker.json:PhantomRendererMixin
[28Dec2025 23:05:24.661] [main/DEBUG] [mixin/]: Preparing cupboard.mixins.json (5)
[28Dec2025 23:05:24.663] [main/DEBUG] [net.minecraftforge.coremod.transformer.CoreModBaseTransformer/COREMOD]: Transforming m_8793_ with desc (Ljava/util/function/BooleanSupplier;)V
[28Dec2025 23:05:24.663] [main/DEBUG] [net.minecraftforge.coremod.transformer.CoreModBaseTransformer/COREMOD]: Transforming m_143340_ with desc (Lnet/minecraft/core/BlockPos;)Z
[28Dec2025 23:05:24.663] [main/DEBUG] [net.minecraftforge.coremod.transformer.CoreModBaseTransformer/COREMOD]: Transforming net/minecraft/server/level/ServerLevel
[28Dec2025 23:05:24.665] [main/WARN] [mixin/]: Error loading class: net/minecraft/server/level/ServerLevel (java.lang.IllegalArgumentException: Unsupported class file major version 69)
[28Dec2025 23:05:24.665] [main/WARN] [mixin/]: @Mixin target net.minecraft.server.level.ServerLevel was not found cupboard.mixins.json:ServerAddEntityMixin
[28Dec2025 23:05:24.666] [main/DEBUG] [mixin/]: Preparing smallships-common.mixins.json (14)
[28Dec2025 23:05:24.669] [main/DEBUG] [mixin/]: Preparing smallships-common-soft.mixins.json (1)
[28Dec2025 23:05:24.669] [main/DEBUG] [mixin/]: Preparing smallships.mixins.json (0)
[28Dec2025 23:05:24.669] [main/DEBUG] [mixin/]: Preparing letmedespawn.mixins.json (3)
[28Dec2025 23:05:24.671] [main/DEBUG] [net.minecraftforge.coremod.transformer.CoreModBaseTransformer/COREMOD]: Transforming net/minecraft/server/MinecraftServer
[28Dec2025 23:05:24.671] [main/DEBUG] [net.minecraftforge.coremod.transformer.CoreModBaseTransformer/COREMOD]: Transforming net/minecraft/server/MinecraftServer
[28Dec2025 23:05:24.671] [main/DEBUG] [net.minecraftforge.coremod.transformer.CoreModBaseTransformer/COREMOD]: Transforming net/minecraft/server/MinecraftServer
[28Dec2025 23:05:24.672] [main/WARN] [mixin/]: Error loading class: net/minecraft/server/MinecraftServer (java.lang.IllegalArgumentException: Unsupported class file major version 69)
[28Dec2025 23:05:24.672] [main/WARN] [mixin/]: @Mixin target net.minecraft.server.MinecraftServer was not found letmedespawn.mixins.json:MinecraftServerMixin
[28Dec2025 23:05:24.672] [main/DEBUG] [mixin/]: Preparing t_and_t.mixins.json (1)
[28Dec2025 23:05:24.672] [main/DEBUG] [mixin/]: Preparing toomanyglyphs.mixins.json (3)
[28Dec2025 23:05:24.674] [main/DEBUG] [mixin/]: Preparing yeetusexperimentus.mixins.json (3)
[28Dec2025 23:05:24.674] [main/DEBUG] [mixin/]: Preparing majruszsaccessories-common.mixins.json (2)
[28Dec2025 23:05:24.674] [main/DEBUG] [mixin/]: Preparing bhmenu.mixins.json (2)
[28Dec2025 23:05:24.674] [main/DEBUG] [mixin/]: Preparing rhino-common.mixins.json (8)
[28Dec2025 23:05:24.675] [main/DEBUG] [mixin/]: Preparing octolib.mixins.json (0)
[28Dec2025 23:05:24.675] [main/DEBUG] [mixin/]: Preparing itemfilters-common.mixins.json (1)
[28Dec2025 23:05:24.676] [main/DEBUG] [mixin/]: Preparing obscure_api.mixins.json (6)
[28Dec2025 23:05:24.676] [main/DEBUG] [mixin/]: Preparing waystones.mixins.json (3)
[28Dec2025 23:05:24.677] [main/DEBUG] [mixin/]: @Mixin target net/minecraft/world/level/levelgen/structure/pools/JigsawPlacement$Placer is public in waystones.mixins.json:JigsawPlacementPlacerMixin and should be specified in value
[28Dec2025 23:05:24.677] [main/DEBUG] [mixin/]: Preparing fantasyfurniture.mixins.json (1)
[28Dec2025 23:05:24.677] [main/DEBUG] [mixin/]: Preparing clumps.mixins.json (2)
[28Dec2025 23:05:24.677] [main/DEBUG] [mixin/]: Preparing comforts.mixins.json (1)
[28Dec2025 23:05:24.677] [main/DEBUG] [mixin/]: Preparing decorative_blocks.mixins.json (6)
[28Dec2025 23:05:24.678] [main/DEBUG] [mixin/]: Preparing enigmaticaddons.mixins.json (34)
[28Dec2025 23:05:24.691] [main/DEBUG] [mixin/]: Preparing myserveriscompatible.mixins.json (1)
[28Dec2025 23:05:24.691] [main/DEBUG] [mixin/]: Preparing lazydfu.mixins.json (1)
[28Dec2025 23:05:24.692] [main/DEBUG] [mixin/]: Preparing betterdeserttemples.mixins.json (8)
[28Dec2025 23:05:24.693] [main/DEBUG] [net.minecraftforge.coremod.transformer.CoreModBaseTransformer/COREMOD]: Transforming m_8793_ with desc (Ljava/util/function/BooleanSupplier;)V
[28Dec2025 23:05:24.694] [main/DEBUG] [net.minecraftforge.coremod.transformer.CoreModBaseTransformer/COREMOD]: Transforming m_143340_ with desc (Lnet/minecraft/core/BlockPos;)Z
[28Dec2025 23:05:24.694] [main/DEBUG] [net.minecraftforge.coremod.transformer.CoreModBaseTransformer/COREMOD]: Transforming net/minecraft/server/level/ServerLevel
[28Dec2025 23:05:24.695] [main/WARN] [mixin/]: Error loading class: net/minecraft/server/level/ServerLevel (java.lang.IllegalArgumentException: Unsupported class file major version 69)
[28Dec2025 23:05:24.695] [main/WARN] [mixin/]: @Mixin target net.minecraft.server.level.ServerLevel was not found betterdeserttemples.mixins.json:ServerLevelMixin
[28Dec2025 23:05:24.695] [main/DEBUG] [mixin/]: Preparing betterdeserttemples_forge.mixins.json (0)
[28Dec2025 23:05:24.695] [main/DEBUG] [mixin/]: Preparing mixins.bosses_of_mass_destruction.json (14)
[28Dec2025 23:05:24.698] [main/DEBUG] [net.minecraftforge.coremod.transformer.CoreModBaseTransformer/COREMOD]: Transforming m_8793_ with desc (Ljava/util/function/BooleanSupplier;)V
[28Dec2025 23:05:24.698] [main/DEBUG] [net.minecraftforge.coremod.transformer.CoreModBaseTransformer/COREMOD]: Transforming m_143340_ with desc (Lnet/minecraft/core/BlockPos;)Z
[28Dec2025 23:05:24.699] [main/DEBUG] [net.minecraftforge.coremod.transformer.CoreModBaseTransformer/COREMOD]: Transforming net/minecraft/server/level/ServerLevel
[28Dec2025 23:05:24.700] [main/WARN] [mixin/]: Error loading class: net/minecraft/server/level/ServerLevel (java.lang.IllegalArgumentException: Unsupported class file major version 69)
[28Dec2025 23:05:24.700] [main/WARN] [mixin/]: @Mixin target net.minecraft.server.level.ServerLevel was not found mixins.bosses_of_mass_destruction.json:ExplosionMixin
[28Dec2025 23:05:24.701] [main/DEBUG] [mixin/]: Preparing blueprint.mixins.json (31)
[28Dec2025 23:05:24.706] [main/DEBUG] [net.minecraftforge.coremod.transformer.CoreModBaseTransformer/COREMOD]: Transforming m_8793_ with desc (Ljava/util/function/BooleanSupplier;)V
[28Dec2025 23:05:24.706] [main/DEBUG] [net.minecraftforge.coremod.transformer.CoreModBaseTransformer/COREMOD]: Transforming m_143340_ with desc (Lnet/minecraft/core/BlockPos;)Z
[28Dec2025 23:05:24.706] [main/DEBUG] [net.minecraftforge.coremod.transformer.CoreModBaseTransformer/COREMOD]: Transforming net/minecraft/server/level/ServerLevel
[28Dec2025 23:05:24.708] [main/WARN] [mixin/]: Error loading class: net/minecraft/server/level/ServerLevel (java.lang.IllegalArgumentException: Unsupported class file major version 69)
[28Dec2025 23:05:24.708] [main/WARN] [mixin/]: @Mixin target net.minecraft.server.level.ServerLevel was not found blueprint.mixins.json:ServerLevelMixin
[28Dec2025 23:05:24.708] [main/DEBUG] [mixin/]: @Mixin target net/minecraft/world/level/levelgen/SurfaceRules$Context is public in blueprint.mixins.json:SurfaceRulesContextMixin and should be specified in value
[28Dec2025 23:05:24.708] [main/DEBUG] [mixin/]: Preparing azurelib.mixins.json (11)
[28Dec2025 23:05:24.709] [main/DEBUG] [mixin/]: Preparing ftbchunks-common.mixins.json (6)
[28Dec2025 23:05:24.710] [main/DEBUG] [mixin/]: Preparing travelerstitles.mixins.json (3)
[28Dec2025 23:05:24.710] [main/DEBUG] [mixin/]: Preparing travelerstitles_forge.mixins.json (1)
[28Dec2025 23:05:24.710] [main/DEBUG] [mixin/]: Preparing toofast.mixins.json (1)
[28Dec2025 23:05:24.710] [main/DEBUG] [mixin/]: Preparing simplyswords-common.mixins.json (0)
[28Dec2025 23:05:24.710] [main/DEBUG] [mixin/]: Preparing simplyswords.mixins.json (0)
[28Dec2025 23:05:24.710] [main/DEBUG] [mixin/]: Preparing moonlight-common.mixins.json (26)
[28Dec2025 23:05:24.715] [main/DEBUG] [mixin/]: Preparing moonlight.mixins.json (10)
[28Dec2025 23:05:24.717] [main/DEBUG] [mixin/]: Preparing cull-less-leaves.mixins.json (4)
[28Dec2025 23:05:24.717] [main/DEBUG] [mixin/]: Preparing forbidden_arcanus.mixins.json (12)
[28Dec2025 23:05:24.718] [main/DEBUG] [mixin/]: Preparing nethersdelight.mixins.json (4)
[28Dec2025 23:05:24.720] [main/DEBUG] [mixin/]: Preparing smoothboot.mixins.json (5)
[28Dec2025 23:05:24.720] [main/DEBUG] [mixin/]: Preparing skilltree.mixins.json (28)
[28Dec2025 23:05:24.725] [main/WARN] [mixin/]: Error loading class: fuzs/easymagic/world/inventory/ModEnchantmentMenu (java.lang.ClassNotFoundException: fuzs.easymagic.world.inventory.ModEnchantmentMenu)
[28Dec2025 23:05:24.725] [main/WARN] [mixin/]: @Mixin target fuzs.easymagic.world.inventory.ModEnchantmentMenu was not found skilltree.mixins.json:easymagic/ModEnchantmentMenuMixin
[28Dec2025 23:05:24.726] [main/DEBUG] [mixin/]: Preparing atmospheric.mixins.json (11)
[28Dec2025 23:05:24.729] [main/DEBUG] [net.minecraftforge.coremod.transformer.CoreModBaseTransformer/COREMOD]: Transforming m_8793_ with desc (Ljava/util/function/BooleanSupplier;)V
[28Dec2025 23:05:24.729] [main/DEBUG] [net.minecraftforge.coremod.transformer.CoreModBaseTransformer/COREMOD]: Transforming m_143340_ with desc (Lnet/minecraft/core/BlockPos;)Z
[28Dec2025 23:05:24.729] [main/DEBUG] [net.minecraftforge.coremod.transformer.CoreModBaseTransformer/COREMOD]: Transforming net/minecraft/server/level/ServerLevel
[28Dec2025 23:05:24.730] [main/WARN] [mixin/]: Error loading class: net/minecraft/server/level/ServerLevel (java.lang.IllegalArgumentException: Unsupported class file major version 69)
[28Dec2025 23:05:24.730] [main/WARN] [mixin/]: @Mixin target net.minecraft.server.level.ServerLevel was not found atmospheric.mixins.json:ServerLevelMixin
[28Dec2025 23:05:24.731] [main/DEBUG] [mixin/]: @Mixin target net/minecraft/world/item/SwordItem is public in atmospheric.mixins.json:SwordItemMixin and should be specified in value
[28Dec2025 23:05:24.731] [main/DEBUG] [mixin/]: @Mixin target net/minecraft/world/item/ShearsItem is public in atmospheric.mixins.json:SwordItemMixin and should be specified in value
[28Dec2025 23:05:24.731] [main/DEBUG] [mixin/]: Preparing iceberg.mixins.json (6)
[28Dec2025 23:05:24.731] [main/DEBUG] [mixin/]: Preparing brutalbosses.mixins.json (9)
[28Dec2025 23:05:24.733] [main/DEBUG] [mixin/]: Preparing quark.mixins.json (106)
[28Dec2025 23:05:24.741] [main/DEBUG] [net.minecraftforge.coremod.transformer.CoreModBaseTransformer/COREMOD]: Transforming net/minecraft/world/entity/npc/VillagerTrades$EnchantBookForEmeralds
[28Dec2025 23:05:24.762] [main/INFO] [net.minecraftforge.coremod.CoreMod.apotheosis/COREMODLOG]: Replaced 1 calls to Enchantment#getMaxLevel() in net/minecraft/world/entity/npc/VillagerTrades$EnchantBookForEmeralds
[28Dec2025 23:05:24.762] [main/INFO] [net.minecraftforge.coremod.CoreMod.apotheosis/COREMODLOG]: Replaced 1 calls to Enchantment#isTreasureOnly() in net/minecraft/world/entity/npc/VillagerTrades$EnchantBookForEmeralds
[28Dec2025 23:05:24.763] [main/INFO] [net.minecraftforge.coremod.CoreMod.apotheosis/COREMODLOG]: Replaced 1 calls to Enchantment#isTradeable() in net/minecraft/world/entity/npc/VillagerTrades$EnchantBookForEmeralds
[28Dec2025 23:05:24.763] [main/DEBUG] [net.minecraftforge.coremod.transformer.CoreModBaseTransformer/COREMOD]: Transforming net/minecraft/world/item/EnchantedBookItem
[28Dec2025 23:05:24.769] [main/INFO] [net.minecraftforge.coremod.CoreMod.apotheosis/COREMODLOG]: Replaced 2 calls to Enchantment#getMaxLevel() in net/minecraft/world/item/EnchantedBookItem
[28Dec2025 23:05:24.770] [main/DEBUG] [net.minecraftforge.coremod.transformer.CoreModBaseTransformer/COREMOD]: Transforming net/minecraft/world/level/storage/loot/functions/EnchantRandomlyFunction
[28Dec2025 23:05:24.776] [main/INFO] [net.minecraftforge.coremod.CoreMod.apotheosis/COREMODLOG]: Replaced 1 calls to Enchantment#getMaxLevel() in net/minecraft/world/level/storage/loot/functions/EnchantRandomlyFunction
[28Dec2025 23:05:24.777] [main/INFO] [net.minecraftforge.coremod.CoreMod.apotheosis/COREMODLOG]: Replaced 1 calls to Enchantment#isDiscoverable() in net/minecraft/world/level/storage/loot/functions/EnchantRandomlyFunction
[28Dec2025 23:05:24.784] [main/DEBUG] [mixin/]: Preparing quark_integrations.mixins.json (1)
[28Dec2025 23:05:24.785] [main/DEBUG] [mixin/]: Preparing ars_elemental.mixins.json (15)
[28Dec2025 23:05:24.792] [main/DEBUG] [net.minecraftforge.coremod.transformer.CoreModBaseTransformer/COREMOD]: Transforming m_8793_ with desc (Ljava/util/function/BooleanSupplier;)V
[28Dec2025 23:05:24.792] [main/DEBUG] [net.minecraftforge.coremod.transformer.CoreModBaseTransformer/COREMOD]: Transforming m_143340_ with desc (Lnet/minecraft/core/BlockPos;)Z
[28Dec2025 23:05:24.793] [main/DEBUG] [net.minecraftforge.coremod.transformer.CoreModBaseTransformer/COREMOD]: Transforming net/minecraft/server/level/ServerLevel
[28Dec2025 23:05:24.794] [main/WARN] [mixin/]: Error loading class: net/minecraft/server/level/ServerLevel (java.lang.IllegalArgumentException: Unsupported class file major version 69)
[28Dec2025 23:05:24.795] [main/WARN] [mixin/]: @Mixin target net.minecraft.server.level.ServerLevel was not found ars_elemental.mixins.json:ServerLevelMixin
[28Dec2025 23:05:24.795] [main/DEBUG] [mixin/]: Preparing immersive_paintings.mixin.json (0)
[28Dec2025 23:05:24.795] [main/DEBUG] [mixin/]: Preparing mixins.irons_spellbooks.json (21)
[28Dec2025 23:05:24.797] [main/DEBUG] [net.minecraftforge.coremod.transformer.CoreModBaseTransformer/COREMOD]: Transforming m_78204_ with desc (Lcom/mojang/serialization/Dynamic;Lcom/mojang/datafixers/DataFixer;I)Lcom/mojang/datafixers/util/Pair;
[28Dec2025 23:05:24.801] [main/DEBUG] [mixin/]: Preparing doespotatotick.mixins.json (3)
[28Dec2025 23:05:24.802] [main/DEBUG] [mixin/]: Preparing ferritecore.predicates.mixin.json (3)
[28Dec2025 23:05:24.802] [main/DEBUG] [mixin/]: Preparing ferritecore.fastmap.mixin.json (1)
[28Dec2025 23:05:24.803] [main/DEBUG] [mixin/]: Preparing ferritecore.mrl.mixin.json (2)
[28Dec2025 23:05:24.803] [main/DEBUG] [mixin/]: Preparing ferritecore.dedupmultipart.mixin.json (2)
[28Dec2025 23:05:24.803] [main/DEBUG] [mixin/]: Preparing ferritecore.blockstatecache.mixin.json (8)
[28Dec2025 23:05:24.805] [main/DEBUG] [mixin/]: @Mixin target net/minecraft/world/level/block/state/BlockBehaviour$BlockStateBase$Cache is public in ferritecore.blockstatecache.mixin.json:BlockStateCacheMixin and should be specified in value
[28Dec2025 23:05:24.805] [main/DEBUG] [mixin/]: Preparing ferritecore.dedupbakedquad.mixin.json (2)
[28Dec2025 23:05:24.805] [main/DEBUG] [mixin/]: Preparing ferritecore.threaddetec.mixin.json (1)
[28Dec2025 23:05:24.805] [main/DEBUG] [mixin/]: Preparing apexcore.mixins.json (2)
[28Dec2025 23:05:24.805] [main/DEBUG] [mixin/]: Preparing majruszsenchantments-common.mixins.json (4)
[28Dec2025 23:05:24.806] [main/DEBUG] [mixin/]: Preparing forge-badoptimizations.mixins-common.json (24)
[28Dec2025 23:05:24.806] [main/DEBUG] [mixin/]: Preparing forge-badoptimizations.mixins-forge.json (1)
[28Dec2025 23:05:24.806] [main/DEBUG] [mixin/]: Preparing packetfixer.v1_18.forge.mixins.json (13)
[28Dec2025 23:05:24.808] [main/DEBUG] [mixin/]: Preparing packetfixer.v1_19.forge.mixins.json (13)
[28Dec2025 23:05:24.811] [main/DEBUG] [mixin/]: Preparing packetfixer.v1_19_3.forge.mixins.json (13)
[28Dec2025 23:05:24.812] [main/DEBUG] [mixin/]: Preparing packetfixer.v1_19_4.forge.mixins.json (13)
[28Dec2025 23:05:24.814] [main/DEBUG] [mixin/]: Preparing packetfixer.v1_20_2.forge.mixins.json (15)
[28Dec2025 23:05:24.815] [main/DEBUG] [mixin/]: Preparing valhelsia_core.mixins.json (11)
[28Dec2025 23:05:24.816] [main/DEBUG] [mixin/]: Preparing overflowingbars.common.mixins.json (1)
[28Dec2025 23:05:24.817] [main/DEBUG] [mixin/]: Preparing mixinextras.init.mixins.json (0)
[28Dec2025 23:05:24.817] [main/DEBUG] [mixin/]: Preparing mixinsquared.init.mixins.json (0)
[28Dec2025 23:05:24.817] [main/DEBUG] [mixin/]: Preparing enigmaticlegacy.mixins.json (33)
[28Dec2025 23:05:24.820] [main/WARN] [mixin/]: Error loading class: net/darkhax/darkutils/features/charms/CharmEffects (java.lang.ClassNotFoundException: net.darkhax.darkutils.features.charms.CharmEffects)
[28Dec2025 23:05:24.821] [main/DEBUG] [mixin/]: Skipping virtual target net.darkhax.darkutils.features.charms.CharmEffects for enigmaticlegacy.mixins.json:MixinCharmEffects
[28Dec2025 23:05:24.821] [main/WARN] [mixin/]: Error loading class: com/brandon3055/csg/ModEventHandler (java.lang.ClassNotFoundException: com.brandon3055.csg.ModEventHandler)
[28Dec2025 23:05:24.822] [main/DEBUG] [mixin/]: Skipping virtual target com.brandon3055.csg.ModEventHandler for enigmaticlegacy.mixins.json:MixinStarterGear
[28Dec2025 23:05:24.826] [main/INFO] [memoryleakfix/]: [MemoryLeakFix] Will be applying 2 memory leak fixes!
[28Dec2025 23:05:24.826] [main/INFO] [memoryleakfix/]: [MemoryLeakFix] Currently enabled memory leak fixes: [entityMemoriesLeak, biomeTemperatureLeak]
[28Dec2025 23:05:24.843] [main/DEBUG] [mixin/]: Inner class dev/latvian/mods/kubejs/core/mixin/common/GameRulesMixin$1 in dev/latvian/mods/kubejs/core/mixin/common/GameRulesMixin on net/minecraft/world/level/GameRules gets unique name net/minecraft/world/level/GameRules$Anonymous$11823a53bfd2419e9c5dfc8db6106e79
[28Dec2025 23:05:24.845] [main/WARN] [mixin/]: Error loading class: java/lang/invoke/MethodHandles$Lookup (java.lang.IllegalArgumentException: Unsupported class file major version 69)
[28Dec2025 23:05:24.845] [main/WARN] [mixin/]: Error loading class: java/lang/invoke/MethodHandles$Lookup (java.lang.IllegalArgumentException: Unsupported class file major version 69)
[28Dec2025 23:05:24.847] [main/WARN] [mixin/]: Error loading class: java/lang/invoke/MethodHandles$Lookup (java.lang.IllegalArgumentException: Unsupported class file major version 69)
[28Dec2025 23:05:24.847] [main/WARN] [mixin/]: Error loading class: java/lang/invoke/MethodHandles$Lookup (java.lang.IllegalArgumentException: Unsupported class file major version 69)
[28Dec2025 23:05:24.850] [main/WARN] [mixin/]: Error loading class: java/lang/invoke/MethodHandles$Lookup (java.lang.IllegalArgumentException: Unsupported class file major version 69)
[28Dec2025 23:05:24.850] [main/WARN] [mixin/]: Error loading class: java/lang/invoke/MethodHandles$Lookup (java.lang.IllegalArgumentException: Unsupported class file major version 69)
[28Dec2025 23:05:24.851] [main/WARN] [mixin/]: Error loading class: java/lang/invoke/MethodHandles$Lookup (java.lang.IllegalArgumentException: Unsupported class file major version 69)
[28Dec2025 23:05:24.851] [main/WARN] [mixin/]: Error loading class: java/lang/invoke/MethodHandles$Lookup (java.lang.IllegalArgumentException: Unsupported class file major version 69)
[28Dec2025 23:05:24.853] [main/WARN] [mixin/]: Error loading class: java/lang/invoke/MethodHandles$Lookup (java.lang.IllegalArgumentException: Unsupported class file major version 69)
[28Dec2025 23:05:24.854] [main/WARN] [mixin/]: Error loading class: java/lang/invoke/MethodHandles$Lookup (java.lang.IllegalArgumentException: Unsupported class file major version 69)
[28Dec2025 23:05:24.854] [main/WARN] [mixin/]: Error loading class: java/lang/invoke/MethodHandles$Lookup (java.lang.IllegalArgumentException: Unsupported class file major version 69)
[28Dec2025 23:05:24.855] [main/WARN] [mixin/]: Error loading class: java/util/Map$Entry (java.lang.IllegalArgumentException: Unsupported class file major version 69)
[28Dec2025 23:05:24.855] [main/WARN] [mixin/]: Error loading class: java/lang/invoke/MethodHandles$Lookup (java.lang.IllegalArgumentException: Unsupported class file major version 69)
[28Dec2025 23:05:24.856] [main/WARN] [mixin/]: Error loading class: java/lang/invoke/MethodHandles$Lookup (java.lang.IllegalArgumentException: Unsupported class file major version 69)
[28Dec2025 23:05:24.856] [main/WARN] [mixin/]: Error loading class: java/lang/invoke/MethodHandles$Lookup (java.lang.IllegalArgumentException: Unsupported class file major version 69)
[28Dec2025 23:05:24.857] [main/WARN] [mixin/]: Error loading class: java/lang/invoke/MethodHandles$Lookup (java.lang.IllegalArgumentException: Unsupported class file major version 69)
[28Dec2025 23:05:24.858] [main/WARN] [mixin/]: Error loading class: java/lang/invoke/MethodHandles$Lookup (java.lang.IllegalArgumentException: Unsupported class file major version 69)
[28Dec2025 23:05:24.859] [main/WARN] [mixin/]: Error loading class: java/lang/invoke/MethodHandles$Lookup (java.lang.IllegalArgumentException: Unsupported class file major version 69)
[28Dec2025 23:05:24.860] [main/WARN] [mixin/]: Error loading class: java/lang/invoke/MethodHandles$Lookup (java.lang.IllegalArgumentException: Unsupported class file major version 69)
[28Dec2025 23:05:24.861] [main/WARN] [mixin/]: Error loading class: java/lang/invoke/MethodHandles$Lookup (java.lang.IllegalArgumentException: Unsupported class file major version 69)
[28Dec2025 23:05:24.861] [main/WARN] [mixin/]: Error loading class: java/lang/invoke/MethodHandles$Lookup (java.lang.IllegalArgumentException: Unsupported class file major version 69)
[28Dec2025 23:05:24.862] [main/DEBUG] [net.minecraftforge.coremod.transformer.CoreModBaseTransformer/COREMOD]: Transforming m_78311_ with desc ()V
[28Dec2025 23:05:24.865] [main/DEBUG] [net.minecraftforge.coremod.transformer.CoreModBaseTransformer/COREMOD]: Transforming m_78311_ with desc ()V
[28Dec2025 23:05:24.870] [main/WARN] [mixin/]: Error loading class: java/util/Map$Entry (java.lang.IllegalArgumentException: Unsupported class file major version 69)
[28Dec2025 23:05:24.871] [main/WARN] [mixin/]: Error loading class: java/lang/invoke/MethodHandles$Lookup (java.lang.IllegalArgumentException: Unsupported class file major version 69)
[28Dec2025 23:05:24.871] [main/WARN] [mixin/]: Error loading class: java/lang/invoke/MethodHandles$Lookup (java.lang.IllegalArgumentException: Unsupported class file major version 69)
[28Dec2025 23:05:24.871] [main/WARN] [mixin/]: Error loading class: java/lang/invoke/MethodHandles$Lookup (java.lang.IllegalArgumentException: Unsupported class file major version 69)
[28Dec2025 23:05:24.872] [main/WARN] [mixin/]: Error loading class: java/lang/invoke/MethodHandles$Lookup (java.lang.IllegalArgumentException: Unsupported class file major version 69)
[28Dec2025 23:05:24.872] [main/WARN] [mixin/]: Error loading class: java/lang/invoke/MethodHandles$Lookup (java.lang.IllegalArgumentException: Unsupported class file major version 69)
[28Dec2025 23:05:24.873] [main/WARN] [mixin/]: Error loading class: java/lang/invoke/MethodHandles$Lookup (java.lang.IllegalArgumentException: Unsupported class file major version 69)
[28Dec2025 23:05:24.873] [main/WARN] [mixin/]: Error loading class: java/lang/invoke/MethodHandles$Lookup (java.lang.IllegalArgumentException: Unsupported class file major version 69)
[28Dec2025 23:05:24.874] [main/WARN] [mixin/]: Error loading class: java/lang/invoke/MethodHandles$Lookup (java.lang.IllegalArgumentException: Unsupported class file major version 69)
[28Dec2025 23:05:24.874] [main/WARN] [mixin/]: Error loading class: java/lang/invoke/MethodHandles$Lookup (java.lang.IllegalArgumentException: Unsupported class file major version 69)
[28Dec2025 23:05:24.875] [main/WARN] [mixin/]: Error loading class: java/lang/invoke/MethodHandles$Lookup (java.lang.IllegalArgumentException: Unsupported class file major version 69)
[28Dec2025 23:05:24.875] [main/WARN] [mixin/]: Error loading class: java/lang/invoke/MethodHandles$Lookup (java.lang.IllegalArgumentException: Unsupported class file major version 69)
[28Dec2025 23:05:24.877] [main/WARN] [mixin/]: Error loading class: java/lang/invoke/MethodHandles$Lookup (java.lang.IllegalArgumentException: Unsupported class file major version 69)
[28Dec2025 23:05:24.878] [main/WARN] [mixin/]: Error loading class: java/lang/invoke/MethodHandles$Lookup (java.lang.IllegalArgumentException: Unsupported class file major version 69)
[28Dec2025 23:05:24.879] [main/WARN] [mixin/]: Error loading class: java/lang/invoke/MethodHandles$Lookup (java.lang.IllegalArgumentException: Unsupported class file major version 69)
[28Dec2025 23:05:24.880] [main/WARN] [mixin/]: Error loading class: java/lang/invoke/MethodHandles$Lookup (java.lang.IllegalArgumentException: Unsupported class file major version 69)
[28Dec2025 23:05:24.880] [main/WARN] [mixin/]: Error loading class: java/lang/invoke/MethodHandles$Lookup (java.lang.IllegalArgumentException: Unsupported class file major version 69)
[28Dec2025 23:05:24.881] [main/WARN] [mixin/]: Error loading class: java/util/Map$Entry (java.lang.IllegalArgumentException: Unsupported class file major version 69)
[28Dec2025 23:05:24.881] [main/WARN] [mixin/]: Error loading class: java/lang/invoke/MethodHandles$Lookup (java.lang.IllegalArgumentException: Unsupported class file major version 69)
[28Dec2025 23:05:24.884] [main/WARN] [mixin/]: Error loading class: java/lang/invoke/MethodHandles$Lookup (java.lang.IllegalArgumentException: Unsupported class file major version 69)
[28Dec2025 23:05:24.885] [main/WARN] [mixin/]: Error loading class: java/lang/invoke/MethodHandles$Lookup (java.lang.IllegalArgumentException: Unsupported class file major version 69)
[28Dec2025 23:05:24.885] [main/DEBUG] [mixin/]: Inner class immersive_armors/mixin/MobEntityMixin$1 in immersive_armors/mixin/MobEntityMixin on net/minecraft/world/entity/Mob gets unique name net/minecraft/world/entity/Mob$Anonymous$03425a69bf454d8a8af3f7326d49bc4b
[28Dec2025 23:05:24.887] [main/WARN] [mixin/]: Error loading class: java/lang/invoke/MethodHandles$Lookup (java.lang.IllegalArgumentException: Unsupported class file major version 69)
[28Dec2025 23:05:24.887] [main/WARN] [mixin/]: Error loading class: java/lang/invoke/MethodHandles$Lookup (java.lang.IllegalArgumentException: Unsupported class file major version 69)
[28Dec2025 23:05:24.892] [main/WARN] [mixin/]: Error loading class: java/lang/invoke/MethodHandles$Lookup (java.lang.IllegalArgumentException: Unsupported class file major version 69)
[28Dec2025 23:05:24.897] [main/WARN] [mixin/]: Error loading class: java/lang/invoke/MethodHandles$Lookup (java.lang.IllegalArgumentException: Unsupported class file major version 69)
[28Dec2025 23:05:24.898] [main/WARN] [mixin/]: Error loading class: java/lang/invoke/MethodHandles$Lookup (java.lang.IllegalArgumentException: Unsupported class file major version 69)
[28Dec2025 23:05:24.899] [main/WARN] [mixin/]: Error loading class: java/lang/invoke/MethodHandles$Lookup (java.lang.IllegalArgumentException: Unsupported class file major version 69)
[28Dec2025 23:05:24.900] [main/WARN] [mixin/]: Error loading class: java/lang/invoke/MethodHandles$Lookup (java.lang.IllegalArgumentException: Unsupported class file major version 69)
[28Dec2025 23:05:24.900] [main/WARN] [mixin/]: Error loading class: java/lang/invoke/MethodHandles$Lookup (java.lang.IllegalArgumentException: Unsupported class file major version 69)
[28Dec2025 23:05:24.901] [main/WARN] [mixin/]: Error loading class: java/lang/invoke/MethodHandles$Lookup (java.lang.IllegalArgumentException: Unsupported class file major version 69)
[28Dec2025 23:05:24.903] [main/WARN] [mixin/]: Error loading class: java/lang/invoke/MethodHandles$Lookup (java.lang.IllegalArgumentException: Unsupported class file major version 69)
[28Dec2025 23:05:24.904] [main/WARN] [mixin/]: Error loading class: java/lang/invoke/MethodHandles$Lookup (java.lang.IllegalArgumentException: Unsupported class file major version 69)
[28Dec2025 23:05:24.904] [main/WARN] [mixin/]: Error loading class: java/lang/invoke/MethodHandles$Lookup (java.lang.IllegalArgumentException: Unsupported class file major version 69)
[28Dec2025 23:05:24.907] [main/WARN] [mixin/]: Error loading class: java/lang/invoke/MethodHandles$Lookup (java.lang.IllegalArgumentException: Unsupported class file major version 69)
[28Dec2025 23:05:24.907] [main/WARN] [mixin/]: Error loading class: java/lang/invoke/MethodHandles$Lookup (java.lang.IllegalArgumentException: Unsupported class file major version 69)
[28Dec2025 23:05:24.913] [main/WARN] [mixin/]: Error loading class: java/lang/invoke/MethodHandles$Lookup (java.lang.IllegalArgumentException: Unsupported class file major version 69)
[28Dec2025 23:05:24.915] [main/WARN] [mixin/]: Error loading class: java/lang/invoke/MethodHandles$Lookup (java.lang.IllegalArgumentException: Unsupported class file major version 69)
[28Dec2025 23:05:24.915] [main/WARN] [mixin/]: Error loading class: java/lang/invoke/MethodHandles$Lookup (java.lang.IllegalArgumentException: Unsupported class file major version 69)
[28Dec2025 23:05:24.916] [main/WARN] [mixin/]: Error loading class: java/lang/invoke/MethodHandles$Lookup (java.lang.IllegalArgumentException: Unsupported class file major version 69)
[28Dec2025 23:05:24.916] [main/WARN] [mixin/]: Error loading class: java/lang/invoke/MethodHandles$Lookup (java.lang.IllegalArgumentException: Unsupported class file major version 69)
[28Dec2025 23:05:24.917] [main/WARN] [mixin/]: Error loading class: java/lang/invoke/MethodHandles$Lookup (java.lang.IllegalArgumentException: Unsupported class file major version 69)
[28Dec2025 23:05:24.918] [main/WARN] [mixin/]: Error loading class: java/lang/invoke/MethodHandles$Lookup (java.lang.IllegalArgumentException: Unsupported class file major version 69)
[28Dec2025 23:05:24.919] [main/WARN] [mixin/]: Error loading class: java/lang/invoke/MethodHandles$Lookup (java.lang.IllegalArgumentException: Unsupported class file major version 69)
[28Dec2025 23:05:24.922] [main/WARN] [mixin/]: Error loading class: java/lang/invoke/MethodHandles$Lookup (java.lang.IllegalArgumentException: Unsupported class file major version 69)
[28Dec2025 23:05:24.924] [main/DEBUG] [mixin/]: Inner class com/majruszlibrary/mixin/MixinEntity$Config in com/majruszlibrary/mixin/MixinEntity on net/minecraft/world/entity/Entity gets unique name net/minecraft/world/entity/Entity$Config$b3351194dab14e02ac99046428a23e47
[28Dec2025 23:05:24.925] [main/WARN] [mixin/]: Error loading class: java/lang/invoke/MethodHandles$Lookup (java.lang.IllegalArgumentException: Unsupported class file major version 69)
[28Dec2025 23:05:24.926] [main/WARN] [mixin/]: Error loading class: java/lang/invoke/MethodHandles$Lookup (java.lang.IllegalArgumentException: Unsupported class file major version 69)
[28Dec2025 23:05:24.926] [main/WARN] [mixin/]: Error loading class: java/lang/invoke/MethodHandles$Lookup (java.lang.IllegalArgumentException: Unsupported class file major version 69)
[28Dec2025 23:05:24.928] [main/WARN] [mixin/]: Error loading class: java/util/Map$Entry (java.lang.IllegalArgumentException: Unsupported class file major version 69)
[28Dec2025 23:05:24.929] [main/WARN] [mixin/]: Error loading class: java/lang/invoke/MethodHandles$Lookup (java.lang.IllegalArgumentException: Unsupported class file major version 69)
[28Dec2025 23:05:24.929] [main/WARN] [mixin/]: Error loading class: java/lang/invoke/MethodHandles$Lookup (java.lang.IllegalArgumentException: Unsupported class file major version 69)
[28Dec2025 23:05:24.929] [main/WARN] [mixin/]: Error loading class: java/lang/invoke/MethodHandles$Lookup (java.lang.IllegalArgumentException: Unsupported class file major version 69)
[28Dec2025 23:05:24.931] [main/WARN] [mixin/]: Error loading class: java/lang/invoke/MethodHandles$Lookup (java.lang.IllegalArgumentException: Unsupported class file major version 69)
[28Dec2025 23:05:24.932] [main/WARN] [mixin/]: Error loading class: java/lang/invoke/MethodHandles$Lookup (java.lang.IllegalArgumentException: Unsupported class file major version 69)
[28Dec2025 23:05:24.932] [main/WARN] [mixin/]: Error loading class: java/lang/invoke/MethodHandles$Lookup (java.lang.IllegalArgumentException: Unsupported class file major version 69)
[28Dec2025 23:05:24.936] [main/WARN] [mixin/]: Error loading class: java/util/Map$Entry (java.lang.IllegalArgumentException: Unsupported class file major version 69)
[28Dec2025 23:05:24.936] [main/WARN] [mixin/]: Error loading class: java/lang/invoke/MethodHandles$Lookup (java.lang.IllegalArgumentException: Unsupported class file major version 69)
[28Dec2025 23:05:24.937] [main/WARN] [mixin/]: Error loading class: java/lang/invoke/MethodHandles$Lookup (java.lang.IllegalArgumentException: Unsupported class file major version 69)
[28Dec2025 23:05:24.937] [main/WARN] [mixin/]: Error loading class: java/lang/invoke/MethodHandles$Lookup (java.lang.IllegalArgumentException: Unsupported class file major version 69)
[28Dec2025 23:05:24.938] [main/WARN] [mixin/]: Error loading class: java/lang/invoke/MethodHandles$Lookup (java.lang.IllegalArgumentException: Unsupported class file major version 69)
[28Dec2025 23:05:24.939] [main/WARN] [mixin/]: Error loading class: java/lang/invoke/MethodHandles$Lookup (java.lang.IllegalArgumentException: Unsupported class file major version 69)
[28Dec2025 23:05:24.940] [main/WARN] [mixin/]: Error loading class: java/lang/invoke/MethodHandles$Lookup (java.lang.IllegalArgumentException: Unsupported class file major version 69)
[28Dec2025 23:05:24.940] [main/WARN] [mixin/]: Error loading class: java/util/Map$Entry (java.lang.IllegalArgumentException: Unsupported class file major version 69)
[28Dec2025 23:05:24.941] [main/WARN] [mixin/]: Error loading class: java/lang/invoke/MethodHandles$Lookup (java.lang.IllegalArgumentException: Unsupported class file major version 69)
[28Dec2025 23:05:24.941] [main/WARN] [mixin/]: Error loading class: java/lang/invoke/MethodHandles$Lookup (java.lang.IllegalArgumentException: Unsupported class file major version 69)
[28Dec2025 23:05:24.942] [main/WARN] [mixin/]: Error loading class: java/lang/invoke/MethodHandles$Lookup (java.lang.IllegalArgumentException: Unsupported class file major version 69)
[28Dec2025 23:05:24.943] [main/WARN] [mixin/]: Error loading class: java/lang/invoke/MethodHandles$Lookup (java.lang.IllegalArgumentException: Unsupported class file major version 69)
[28Dec2025 23:05:24.943] [main/WARN] [mixin/]: Error loading class: java/lang/invoke/MethodHandles$Lookup (java.lang.IllegalArgumentException: Unsupported class file major version 69)
[28Dec2025 23:05:24.944] [main/WARN] [mixin/]: Error loading class: java/lang/invoke/MethodHandles$Lookup (java.lang.IllegalArgumentException: Unsupported class file major version 69)
[28Dec2025 23:05:24.945] [main/WARN] [mixin/]: Error loading class: java/lang/invoke/MethodHandles$Lookup (java.lang.IllegalArgumentException: Unsupported class file major version 69)
[28Dec2025 23:05:24.945] [main/WARN] [mixin/]: Error loading class: java/lang/invoke/MethodHandles$Lookup (java.lang.IllegalArgumentException: Unsupported class file major version 69)
[28Dec2025 23:05:24.946] [main/WARN] [mixin/]: Error loading class: java/lang/invoke/MethodHandles$Lookup (java.lang.IllegalArgumentException: Unsupported class file major version 69)
[28Dec2025 23:05:24.947] [main/WARN] [mixin/]: Error loading class: java/lang/invoke/MethodHandles$Lookup (java.lang.IllegalArgumentException: Unsupported class file major version 69)
[28Dec2025 23:05:24.947] [main/WARN] [mixin/]: Error loading class: java/lang/invoke/MethodHandles$Lookup (java.lang.IllegalArgumentException: Unsupported class file major version 69)
[28Dec2025 23:05:24.948] [main/WARN] [mixin/]: Error loading class: java/lang/invoke/MethodHandles$Lookup (java.lang.IllegalArgumentException: Unsupported class file major version 69)
[28Dec2025 23:05:24.948] [main/WARN] [mixin/]: Error loading class: java/util/Map$Entry (java.lang.IllegalArgumentException: Unsupported class file major version 69)
[28Dec2025 23:05:24.949] [main/WARN] [mixin/]: Error loading class: java/lang/invoke/MethodHandles$Lookup (java.lang.IllegalArgumentException: Unsupported class file major version 69)
[28Dec2025 23:05:24.949] [main/WARN] [mixin/]: Error loading class: java/lang/invoke/MethodHandles$Lookup (java.lang.IllegalArgumentException: Unsupported class file major version 69)
[28Dec2025 23:05:24.949] [main/DEBUG] [mixin/]: Inner class com/abdelaziz/canary/mixin/ai/poi/SectionStorageMixin$1 in com/abdelaziz/canary/mixin/ai/poi/SectionStorageMixin on net/minecraft/world/level/chunk/storage/SectionStorage gets unique name net/minecraft/world/level/chunk/storage/SectionStorage$Anonymous$d237105bfd774efc86d178ea4b087e39
[28Dec2025 23:05:24.949] [main/WARN] [mixin/]: Error loading class: java/lang/invoke/MethodHandles$Lookup (java.lang.IllegalArgumentException: Unsupported class file major version 69)
[28Dec2025 23:05:24.950] [main/WARN] [mixin/]: Error loading class: java/lang/invoke/MethodHandles$Lookup (java.lang.IllegalArgumentException: Unsupported class file major version 69)
[28Dec2025 23:05:24.950] [main/WARN] [mixin/]: Error loading class: java/lang/invoke/MethodHandles$Lookup (java.lang.IllegalArgumentException: Unsupported class file major version 69)
[28Dec2025 23:05:24.951] [main/WARN] [mixin/]: Error loading class: java/util/Map$Entry (java.lang.IllegalArgumentException: Unsupported class file major version 69)
[28Dec2025 23:05:24.953] [main/WARN] [mixin/]: Error loading class: java/lang/invoke/MethodHandles$Lookup (java.lang.IllegalArgumentException: Unsupported class file major version 69)
[28Dec2025 23:05:24.953] [main/WARN] [mixin/]: Error loading class: java/util/Map$Entry (java.lang.IllegalArgumentException: Unsupported class file major version 69)
[28Dec2025 23:05:24.955] [main/WARN] [mixin/]: Error loading class: java/lang/invoke/MethodHandles$Lookup (java.lang.IllegalArgumentException: Unsupported class file major version 69)
[28Dec2025 23:05:24.955] [main/DEBUG] [mixin/]: Inner class com/abdelaziz/canary/mixin/chunk/palette/PalettedContainerMixin$1 in com/abdelaziz/canary/mixin/chunk/palette/PalettedContainerMixin on net/minecraft/world/level/chunk/PalettedContainer$Strategy gets unique name net/minecraft/world/level/chunk/PalettedContainer$Strategy$Anonymous$6bc89c013b7f4069900d3624edee5ef3
[28Dec2025 23:05:24.955] [main/DEBUG] [mixin/]: Inner class com/abdelaziz/canary/mixin/chunk/palette/PalettedContainerMixin$2 in com/abdelaziz/canary/mixin/chunk/palette/PalettedContainerMixin on net/minecraft/world/level/chunk/PalettedContainer$Strategy gets unique name net/minecraft/world/level/chunk/PalettedContainer$Strategy$Anonymous$2de20f5b57b649e4a5ce0869d90c2128
[28Dec2025 23:05:24.956] [main/WARN] [mixin/]: Error loading class: java/lang/invoke/MethodHandles$Lookup (java.lang.IllegalArgumentException: Unsupported class file major version 69)
[28Dec2025 23:05:24.956] [main/WARN] [mixin/]: Error loading class: java/util/Map$Entry (java.lang.IllegalArgumentException: Unsupported class file major version 69)
[28Dec2025 23:05:24.957] [main/WARN] [mixin/]: Error loading class: java/lang/invoke/MethodHandles$Lookup (java.lang.IllegalArgumentException: Unsupported class file major version 69)
[28Dec2025 23:05:24.958] [main/WARN] [mixin/]: Error loading class: java/lang/invoke/MethodHandles$Lookup (java.lang.IllegalArgumentException: Unsupported class file major version 69)
[28Dec2025 23:05:24.958] [main/WARN] [mixin/]: Error loading class: java/lang/invoke/MethodHandles$Lookup (java.lang.IllegalArgumentException: Unsupported class file major version 69)
[28Dec2025 23:05:24.958] [main/WARN] [mixin/]: Error loading class: java/lang/invoke/MethodHandles$Lookup (java.lang.IllegalArgumentException: Unsupported class file major version 69)
[28Dec2025 23:05:24.958] [main/WARN] [mixin/]: Error loading class: java/lang/invoke/MethodHandles$Lookup (java.lang.IllegalArgumentException: Unsupported class file major version 69)
[28Dec2025 23:05:24.959] [main/WARN] [mixin/]: Error loading class: java/lang/invoke/MethodHandles$Lookup (java.lang.IllegalArgumentException: Unsupported class file major version 69)
[28Dec2025 23:05:24.959] [main/WARN] [mixin/]: Error loading class: java/lang/invoke/MethodHandles$Lookup (java.lang.IllegalArgumentException: Unsupported class file major version 69)
[28Dec2025 23:05:24.959] [main/WARN] [mixin/]: Error loading class: java/lang/invoke/MethodHandles$Lookup (java.lang.IllegalArgumentException: Unsupported class file major version 69)
[28Dec2025 23:05:24.960] [main/WARN] [mixin/]: Error loading class: java/lang/invoke/MethodHandles$Lookup (java.lang.IllegalArgumentException: Unsupported class file major version 69)
[28Dec2025 23:05:24.962] [main/WARN] [mixin/]: Error loading class: java/lang/invoke/MethodHandles$Lookup (java.lang.IllegalArgumentException: Unsupported class file major version 69)
[28Dec2025 23:05:24.963] [main/WARN] [mixin/]: Error loading class: java/lang/invoke/MethodHandles$Lookup (java.lang.IllegalArgumentException: Unsupported class file major version 69)
[28Dec2025 23:05:24.967] [main/WARN] [mixin/]: Error loading class: java/lang/invoke/MethodHandles$Lookup (java.lang.IllegalArgumentException: Unsupported class file major version 69)
[28Dec2025 23:05:24.968] [main/WARN] [mixin/]: Error loading class: java/lang/invoke/MethodHandles$Lookup (java.lang.IllegalArgumentException: Unsupported class file major version 69)
[28Dec2025 23:05:24.968] [main/DEBUG] [mixin/]: Inner class potionstudios/byg/mixin/common/entity/MixinZombie$1 in potionstudios/byg/mixin/common/entity/MixinZombie on net/minecraft/world/entity/monster/Zombie gets unique name net/minecraft/world/entity/monster/Zombie$Anonymous$5ea81d063b594026900d2da9c9e5637b
[28Dec2025 23:05:24.969] [main/WARN] [mixin/]: Error loading class: java/lang/invoke/MethodHandles$Lookup (java.lang.IllegalArgumentException: Unsupported class file major version 69)
[28Dec2025 23:05:24.969] [main/WARN] [mixin/]: Error loading class: java/util/Map$Entry (java.lang.IllegalArgumentException: Unsupported class file major version 69)
[28Dec2025 23:05:24.969] [main/WARN] [mixin/]: Error loading class: java/lang/invoke/MethodHandles$Lookup (java.lang.IllegalArgumentException: Unsupported class file major version 69)
[28Dec2025 23:05:24.970] [main/WARN] [mixin/]: Error loading class: java/lang/invoke/MethodHandles$Lookup (java.lang.IllegalArgumentException: Unsupported class file major version 69)
[28Dec2025 23:05:24.970] [main/WARN] [mixin/]: Error loading class: java/lang/invoke/MethodHandles$Lookup (java.lang.IllegalArgumentException: Unsupported class file major version 69)
[28Dec2025 23:05:24.971] [main/WARN] [mixin/]: Error loading class: java/lang/invoke/MethodHandles$Lookup (java.lang.IllegalArgumentException: Unsupported class file major version 69)
[28Dec2025 23:05:24.971] [main/WARN] [mixin/]: Error loading class: java/util/Map$Entry (java.lang.IllegalArgumentException: Unsupported class file major version 69)
[28Dec2025 23:05:24.971] [main/WARN] [mixin/]: Error loading class: java/lang/invoke/MethodHandles$Lookup (java.lang.IllegalArgumentException: Unsupported class file major version 69)
[28Dec2025 23:05:24.973] [main/WARN] [mixin/]: Error loading class: java/lang/invoke/MethodHandles$Lookup (java.lang.IllegalArgumentException: Unsupported class file major version 69)
[28Dec2025 23:05:24.974] [main/WARN] [mixin/]: Error loading class: java/lang/invoke/MethodHandles$Lookup (java.lang.IllegalArgumentException: Unsupported class file major version 69)
[28Dec2025 23:05:24.976] [main/WARN] [mixin/]: Error loading class: java/lang/invoke/MethodHandles$Lookup (java.lang.IllegalArgumentException: Unsupported class file major version 69)
[28Dec2025 23:05:24.976] [main/WARN] [mixin/]: Error loading class: java/lang/invoke/MethodHandles$Lookup (java.lang.IllegalArgumentException: Unsupported class file major version 69)
[28Dec2025 23:05:24.977] [main/WARN] [mixin/]: Error loading class: java/lang/invoke/MethodHandles$Lookup (java.lang.IllegalArgumentException: Unsupported class file major version 69)
[28Dec2025 23:05:24.977] [main/WARN] [mixin/]: Error loading class: java/lang/invoke/MethodHandles$Lookup (java.lang.IllegalArgumentException: Unsupported class file major version 69)
[28Dec2025 23:05:24.977] [main/WARN] [mixin/]: Error loading class: java/lang/invoke/MethodHandles$Lookup (java.lang.IllegalArgumentException: Unsupported class file major version 69)
[28Dec2025 23:05:24.977] [main/WARN] [mixin/]: Error loading class: java/lang/invoke/MethodHandles$Lookup (java.lang.IllegalArgumentException: Unsupported class file major version 69)
[28Dec2025 23:05:24.978] [main/WARN] [mixin/]: Error loading class: java/lang/invoke/MethodHandles$Lookup (java.lang.IllegalArgumentException: Unsupported class file major version 69)
[28Dec2025 23:05:24.978] [main/WARN] [mixin/]: Error loading class: java/lang/invoke/MethodHandles$Lookup (java.lang.IllegalArgumentException: Unsupported class file major version 69)
[28Dec2025 23:05:24.978] [main/DEBUG] [mixin/]: Inner class com/connectivity/mixin/AdvancedPacketErrorLogging$2 in com/connectivity/mixin/AdvancedPacketErrorLogging on net/minecraft/network/Connection gets unique name net/minecraft/network/Connection$Anonymous$4c8858730e934f9a9e0f17d2e0bfff09
[28Dec2025 23:05:24.978] [main/DEBUG] [mixin/]: Inner class com/connectivity/mixin/AdvancedPacketErrorLogging$1 in com/connectivity/mixin/AdvancedPacketErrorLogging on net/minecraft/network/Connection gets unique name net/minecraft/network/Connection$Anonymous$e1862575a95d40e892c7dea894e8c071
[28Dec2025 23:05:24.979] [main/WARN] [mixin/]: Error loading class: java/lang/invoke/MethodHandles$Lookup (java.lang.IllegalArgumentException: Unsupported class file major version 69)
[28Dec2025 23:05:24.979] [main/WARN] [mixin/]: Error loading class: java/lang/invoke/MethodHandles$Lookup (java.lang.IllegalArgumentException: Unsupported class file major version 69)
[28Dec2025 23:05:24.979] [main/WARN] [mixin/]: Error loading class: java/lang/invoke/MethodHandles$Lookup (java.lang.IllegalArgumentException: Unsupported class file major version 69)
[28Dec2025 23:05:24.980] [main/WARN] [mixin/]: Error loading class: java/lang/invoke/MethodHandles$Lookup (java.lang.IllegalArgumentException: Unsupported class file major version 69)
[28Dec2025 23:05:24.980] [main/WARN] [mixin/]: Error loading class: java/lang/invoke/MethodHandles$Lookup (java.lang.IllegalArgumentException: Unsupported class file major version 69)
[28Dec2025 23:05:24.980] [main/WARN] [mixin/]: Error loading class: java/lang/invoke/MethodHandles$Lookup (java.lang.IllegalArgumentException: Unsupported class file major version 69)
[28Dec2025 23:05:24.981] [main/WARN] [mixin/]: Error loading class: java/lang/invoke/MethodHandles$Lookup (java.lang.IllegalArgumentException: Unsupported class file major version 69)
[28Dec2025 23:05:24.981] [main/WARN] [mixin/]: Error loading class: java/lang/invoke/MethodHandles$Lookup (java.lang.IllegalArgumentException: Unsupported class file major version 69)
[28Dec2025 23:05:24.982] [main/WARN] [mixin/]: Error loading class: java/lang/invoke/MethodHandles$Lookup (java.lang.IllegalArgumentException: Unsupported class file major version 69)
[28Dec2025 23:05:24.982] [main/WARN] [mixin/]: Error loading class: java/lang/invoke/MethodHandles$Lookup (java.lang.IllegalArgumentException: Unsupported class file major version 69)
[28Dec2025 23:05:24.983] [main/WARN] [mixin/]: Error loading class: java/lang/invoke/MethodHandles$Lookup (java.lang.IllegalArgumentException: Unsupported class file major version 69)
[28Dec2025 23:05:24.983] [main/WARN] [mixin/]: Error loading class: java/lang/invoke/MethodHandles$Lookup (java.lang.IllegalArgumentException: Unsupported class file major version 69)
[28Dec2025 23:05:24.983] [main/WARN] [mixin/]: Error loading class: java/lang/invoke/MethodHandles$Lookup (java.lang.IllegalArgumentException: Unsupported class file major version 69)
[28Dec2025 23:05:24.984] [main/WARN] [mixin/]: Error loading class: java/lang/invoke/MethodHandles$Lookup (java.lang.IllegalArgumentException: Unsupported class file major version 69)
[28Dec2025 23:05:24.984] [main/WARN] [mixin/]: Error loading class: java/util/Map$Entry (java.lang.IllegalArgumentException: Unsupported class file major version 69)
[28Dec2025 23:05:24.984] [main/WARN] [mixin/]: Error loading class: java/lang/invoke/MethodHandles$Lookup (java.lang.IllegalArgumentException: Unsupported class file major version 69)
[28Dec2025 23:05:24.985] [main/WARN] [mixin/]: Error loading class: java/lang/invoke/MethodHandles$Lookup (java.lang.IllegalArgumentException: Unsupported class file major version 69)
[28Dec2025 23:05:24.985] [main/WARN] [mixin/]: Error loading class: java/util/Map$Entry (java.lang.IllegalArgumentException: Unsupported class file major version 69)
[28Dec2025 23:05:24.985] [main/WARN] [mixin/]: Error loading class: java/lang/invoke/MethodHandles$Lookup (java.lang.IllegalArgumentException: Unsupported class file major version 69)
[28Dec2025 23:05:24.985] [main/WARN] [mixin/]: Error loading class: java/util/Map$Entry (java.lang.IllegalArgumentException: Unsupported class file major version 69)
[28Dec2025 23:05:24.986] [main/WARN] [mixin/]: Error loading class: java/lang/invoke/MethodHandles$Lookup (java.lang.IllegalArgumentException: Unsupported class file major version 69)
[28Dec2025 23:05:24.986] [main/WARN] [mixin/]: Error loading class: java/lang/invoke/MethodHandles$Lookup (java.lang.IllegalArgumentException: Unsupported class file major version 69)
[28Dec2025 23:05:24.987] [main/WARN] [mixin/]: Error loading class: java/lang/invoke/MethodHandles$Lookup (java.lang.IllegalArgumentException: Unsupported class file major version 69)
[28Dec2025 23:05:24.987] [main/WARN] [mixin/]: Error loading class: java/lang/invoke/MethodHandles$Lookup (java.lang.IllegalArgumentException: Unsupported class file major version 69)
[28Dec2025 23:05:24.989] [main/WARN] [mixin/]: Error loading class: java/lang/invoke/MethodHandles$Lookup (java.lang.IllegalArgumentException: Unsupported class file major version 69)
[28Dec2025 23:05:24.989] [main/WARN] [mixin/]: Error loading class: java/lang/invoke/MethodHandles$Lookup (java.lang.IllegalArgumentException: Unsupported class file major version 69)
[28Dec2025 23:05:24.989] [main/WARN] [mixin/]: Error loading class: java/lang/invoke/MethodHandles$Lookup (java.lang.IllegalArgumentException: Unsupported class file major version 69)
[28Dec2025 23:05:24.990] [main/DEBUG] [mixin/]: Inner class com/plr/longnbtkiller/mixin/MixinCompoundTag$1 in com/plr/longnbtkiller/mixin/MixinCompoundTag on net/minecraft/nbt/CompoundTag gets unique name net/minecraft/nbt/CompoundTag$Anonymous$181c57c91e0547b9ab78af75cce6788d
[28Dec2025 23:05:24.990] [main/DEBUG] [mixin/]: Inner class com/plr/longnbtkiller/mixin/MixinListTag$1 in com/plr/longnbtkiller/mixin/MixinListTag on net/minecraft/nbt/ListTag gets unique name net/minecraft/nbt/ListTag$Anonymous$12017696f6bd4f66ba66f5012b3f4db4
[28Dec2025 23:05:24.991] [main/WARN] [mixin/]: Error loading class: java/lang/invoke/MethodHandles$Lookup (java.lang.IllegalArgumentException: Unsupported class file major version 69)
[28Dec2025 23:05:24.991] [main/WARN] [mixin/]: Error loading class: java/lang/invoke/MethodHandles$Lookup (java.lang.IllegalArgumentException: Unsupported class file major version 69)
[28Dec2025 23:05:24.992] [main/WARN] [mixin/]: Error loading class: java/lang/invoke/MethodHandles$Lookup (java.lang.IllegalArgumentException: Unsupported class file major version 69)
[28Dec2025 23:05:24.992] [main/WARN] [mixin/]: Error loading class: java/lang/invoke/MethodHandles$Lookup (java.lang.IllegalArgumentException: Unsupported class file major version 69)
[28Dec2025 23:05:24.993] [main/WARN] [mixin/]: Error loading class: java/lang/invoke/MethodHandles$Lookup (java.lang.IllegalArgumentException: Unsupported class file major version 69)
[28Dec2025 23:05:24.994] [main/WARN] [mixin/]: Error loading class: java/lang/invoke/MethodHandles$Lookup (java.lang.IllegalArgumentException: Unsupported class file major version 69)
[28Dec2025 23:05:24.994] [main/WARN] [mixin/]: Error loading class: java/lang/invoke/MethodHandles$Lookup (java.lang.IllegalArgumentException: Unsupported class file major version 69)
[28Dec2025 23:05:24.995] [main/WARN] [mixin/]: Error loading class: java/lang/invoke/MethodHandles$Lookup (java.lang.IllegalArgumentException: Unsupported class file major version 69)
[28Dec2025 23:05:24.995] [main/WARN] [mixin/]: Error loading class: java/lang/invoke/MethodHandles$Lookup (java.lang.IllegalArgumentException: Unsupported class file major version 69)
[28Dec2025 23:05:24.996] [main/WARN] [mixin/]: Error loading class: java/lang/invoke/MethodHandles$Lookup (java.lang.IllegalArgumentException: Unsupported class file major version 69)
[28Dec2025 23:05:24.996] [main/WARN] [mixin/]: Error loading class: java/lang/invoke/MethodHandles$Lookup (java.lang.IllegalArgumentException: Unsupported class file major version 69)
[28Dec2025 23:05:24.997] [main/WARN] [mixin/]: Error loading class: java/lang/invoke/MethodHandles$Lookup (java.lang.IllegalArgumentException: Unsupported class file major version 69)
[28Dec2025 23:05:24.997] [main/WARN] [mixin/]: Error loading class: java/lang/invoke/MethodHandles$Lookup (java.lang.IllegalArgumentException: Unsupported class file major version 69)
[28Dec2025 23:05:24.999] [main/WARN] [mixin/]: Error loading class: java/lang/invoke/MethodHandles$Lookup (java.lang.IllegalArgumentException: Unsupported class file major version 69)
[28Dec2025 23:05:24.999] [main/WARN] [mixin/]: Error loading class: java/lang/invoke/MethodHandles$Lookup (java.lang.IllegalArgumentException: Unsupported class file major version 69)
[28Dec2025 23:05:25.001] [main/WARN] [mixin/]: Error loading class: java/util/Map$Entry (java.lang.IllegalArgumentException: Unsupported class file major version 69)
[28Dec2025 23:05:25.001] [main/WARN] [mixin/]: Error loading class: java/lang/invoke/MethodHandles$Lookup (java.lang.IllegalArgumentException: Unsupported class file major version 69)
[28Dec2025 23:05:25.003] [main/WARN] [mixin/]: Error loading class: java/lang/invoke/MethodHandles$Lookup (java.lang.IllegalArgumentException: Unsupported class file major version 69)
[28Dec2025 23:05:25.003] [main/WARN] [mixin/]: Error loading class: java/lang/invoke/MethodHandles$Lookup (java.lang.IllegalArgumentException: Unsupported class file major version 69)
[28Dec2025 23:05:25.003] [main/WARN] [mixin/]: Error loading class: java/lang/invoke/MethodHandles$Lookup (java.lang.IllegalArgumentException: Unsupported class file major version 69)
[28Dec2025 23:05:25.003] [main/WARN] [mixin/]: Error loading class: java/lang/invoke/MethodHandles$Lookup (java.lang.IllegalArgumentException: Unsupported class file major version 69)
[28Dec2025 23:05:25.004] [main/WARN] [mixin/]: Error loading class: java/lang/invoke/MethodHandles$Lookup (java.lang.IllegalArgumentException: Unsupported class file major version 69)
[28Dec2025 23:05:25.004] [main/WARN] [mixin/]: Error loading class: java/lang/invoke/MethodHandles$Lookup (java.lang.IllegalArgumentException: Unsupported class file major version 69)
[28Dec2025 23:05:25.006] [main/WARN] [mixin/]: Error loading class: java/lang/invoke/MethodHandles$Lookup (java.lang.IllegalArgumentException: Unsupported class file major version 69)
[28Dec2025 23:05:25.007] [main/WARN] [mixin/]: Error loading class: java/lang/invoke/MethodHandles$Lookup (java.lang.IllegalArgumentException: Unsupported class file major version 69)
[28Dec2025 23:05:25.007] [main/WARN] [mixin/]: Error loading class: java/lang/invoke/MethodHandles$Lookup (java.lang.IllegalArgumentException: Unsupported class file major version 69)
[28Dec2025 23:05:25.008] [main/WARN] [mixin/]: Error loading class: java/util/Map$Entry (java.lang.IllegalArgumentException: Unsupported class file major version 69)
[28Dec2025 23:05:25.008] [main/WARN] [mixin/]: Error loading class: java/util/Map$Entry (java.lang.IllegalArgumentException: Unsupported class file major version 69)
[28Dec2025 23:05:25.009] [main/WARN] [mixin/]: Error loading class: java/lang/invoke/MethodHandles$Lookup (java.lang.IllegalArgumentException: Unsupported class file major version 69)
[28Dec2025 23:05:25.009] [main/WARN] [mixin/]: Error loading class: java/lang/invoke/MethodHandles$Lookup (java.lang.IllegalArgumentException: Unsupported class file major version 69)
[28Dec2025 23:05:25.010] [main/WARN] [mixin/]: Error loading class: java/lang/invoke/MethodHandles$Lookup (java.lang.IllegalArgumentException: Unsupported class file major version 69)
[28Dec2025 23:05:25.010] [main/WARN] [mixin/]: Error loading class: java/util/Map$Entry (java.lang.IllegalArgumentException: Unsupported class file major version 69)
[28Dec2025 23:05:25.011] [main/WARN] [mixin/]: Error loading class: java/lang/invoke/MethodHandles$Lookup (java.lang.IllegalArgumentException: Unsupported class file major version 69)
[28Dec2025 23:05:25.011] [main/WARN] [mixin/]: Error loading class: java/util/concurrent/ForkJoinPool$ForkJoinWorkerThreadFactory (java.lang.IllegalArgumentException: Unsupported class file major version 69)
[28Dec2025 23:05:25.012] [main/WARN] [mixin/]: Error loading class: java/lang/invoke/MethodHandles$Lookup (java.lang.IllegalArgumentException: Unsupported class file major version 69)
[28Dec2025 23:05:25.012] [main/WARN] [mixin/]: Error loading class: java/util/concurrent/ForkJoinPool$ForkJoinWorkerThreadFactory (java.lang.IllegalArgumentException: Unsupported class file major version 69)
[28Dec2025 23:05:25.012] [main/WARN] [mixin/]: Error loading class: java/lang/Thread$UncaughtExceptionHandler (java.lang.IllegalArgumentException: Unsupported class file major version 69)
[28Dec2025 23:05:25.012] [main/WARN] [mixin/]: Error loading class: java/lang/invoke/MethodHandles$Lookup (java.lang.IllegalArgumentException: Unsupported class file major version 69)
[28Dec2025 23:05:25.013] [main/WARN] [mixin/]: Error loading class: java/lang/invoke/MethodHandles$Lookup (java.lang.IllegalArgumentException: Unsupported class file major version 69)
[28Dec2025 23:05:25.013] [main/WARN] [mixin/]: Error loading class: java/lang/invoke/MethodHandles$Lookup (java.lang.IllegalArgumentException: Unsupported class file major version 69)
[28Dec2025 23:05:25.014] [main/WARN] [mixin/]: Error loading class: java/lang/invoke/MethodHandles$Lookup (java.lang.IllegalArgumentException: Unsupported class file major version 69)
[28Dec2025 23:05:25.014] [main/WARN] [mixin/]: Error loading class: java/lang/invoke/MethodHandles$Lookup (java.lang.IllegalArgumentException: Unsupported class file major version 69)
[28Dec2025 23:05:25.014] [main/WARN] [mixin/]: Error loading class: java/lang/invoke/MethodHandles$Lookup (java.lang.IllegalArgumentException: Unsupported class file major version 69)
[28Dec2025 23:05:25.016] [main/WARN] [mixin/]: Error loading class: java/lang/invoke/MethodHandles$Lookup (java.lang.IllegalArgumentException: Unsupported class file major version 69)
[28Dec2025 23:05:25.018] [main/WARN] [mixin/]: Error loading class: java/lang/invoke/MethodHandles$Lookup (java.lang.IllegalArgumentException: Unsupported class file major version 69)
[28Dec2025 23:05:25.019] [main/WARN] [mixin/]: Error loading class: java/lang/invoke/MethodHandles$Lookup (java.lang.IllegalArgumentException: Unsupported class file major version 69)
[28Dec2025 23:05:25.020] [main/WARN] [mixin/]: Error loading class: java/lang/invoke/MethodHandles$Lookup (java.lang.IllegalArgumentException: Unsupported class file major version 69)
[28Dec2025 23:05:25.020] [main/WARN] [mixin/]: Error loading class: java/lang/invoke/MethodHandles$Lookup (java.lang.IllegalArgumentException: Unsupported class file major version 69)
[28Dec2025 23:05:25.021] [main/DEBUG] [mixin/]: Inner class io/redspace/ironsspellbooks/mixin/SmithingMenuMixin$1 in io/redspace/ironsspellbooks/mixin/SmithingMenuMixin on net/minecraft/world/inventory/SmithingMenu gets unique name net/minecraft/world/inventory/SmithingMenu$Anonymous$444d7c96037a403ca40c9d56d4a70e6b
[28Dec2025 23:05:25.021] [main/WARN] [mixin/]: Error loading class: java/lang/invoke/MethodHandles$Lookup (java.lang.IllegalArgumentException: Unsupported class file major version 69)
[28Dec2025 23:05:25.022] [main/WARN] [mixin/]: Error loading class: java/lang/invoke/MethodHandles$Lookup (java.lang.IllegalArgumentException: Unsupported class file major version 69)
[28Dec2025 23:05:25.023] [main/WARN] [mixin/]: Error loading class: java/lang/invoke/MethodHandles$Lookup (java.lang.IllegalArgumentException: Unsupported class file major version 69)
[28Dec2025 23:05:25.023] [main/WARN] [mixin/]: Error loading class: java/util/Map$Entry (java.lang.IllegalArgumentException: Unsupported class file major version 69)
[28Dec2025 23:05:25.023] [main/WARN] [mixin/]: Error loading class: java/lang/invoke/MethodHandles$Lookup (java.lang.IllegalArgumentException: Unsupported class file major version 69)
[28Dec2025 23:05:25.023] [main/WARN] [mixin/]: Error loading class: java/lang/invoke/MethodHandles$Lookup (java.lang.IllegalArgumentException: Unsupported class file major version 69)
[28Dec2025 23:05:25.023] [main/WARN] [mixin/]: Error loading class: java/lang/invoke/MethodHandles$Lookup (java.lang.IllegalArgumentException: Unsupported class file major version 69)
[28Dec2025 23:05:25.024] [main/WARN] [mixin/]: Error loading class: java/lang/invoke/MethodHandles$Lookup (java.lang.IllegalArgumentException: Unsupported class file major version 69)
[28Dec2025 23:05:25.024] [main/WARN] [mixin/]: Error loading class: java/lang/invoke/MethodHandles$Lookup (java.lang.IllegalArgumentException: Unsupported class file major version 69)
[28Dec2025 23:05:25.024] [main/WARN] [mixin/]: Error loading class: java/lang/invoke/MethodHandles$Lookup (java.lang.IllegalArgumentException: Unsupported class file major version 69)
[28Dec2025 23:05:25.025] [main/DEBUG] [mixin/]: Prepared 1689 mixins in 2.052 sec (1.2ms avg) (0ms load, 0ms transform, 0ms plugin)
[28Dec2025 23:05:25.027] [main/INFO] [MixinExtras|Service/]: Initializing MixinExtras via com.llamalad7.mixinextras.service.MixinExtrasServiceImpl(version=0.5.0-rc.3).
[28Dec2025 23:05:25.028] [main/WARN] [MixinExtras|Service/]: Found problematic active MixinExtras instance at ca.fxco.memoryleakfix.mixinextras (version 0.2.0-beta.6)
[28Dec2025 23:05:25.028] [main/WARN] [MixinExtras|Service/]: Versions from 0.2.0-beta.1 to 0.2.0-beta.9 have limited support and it is strongly recommended to update.
[28Dec2025 23:05:25.029] [main/DEBUG] [mixin/]: Registering new injector for @SugarWrapper with com.llamalad7.mixinextras.sugar.impl.SugarWrapperInjectionInfo
[28Dec2025 23:05:25.029] [main/DEBUG] [mixin/]: Registering new injector for @FactoryRedirectWrapper with com.llamalad7.mixinextras.wrapper.factory.FactoryRedirectWrapperInjectionInfo
[28Dec2025 23:05:25.029] [main/DEBUG] [mixin/]: Registering new injector for @ExpressionInjectorWrapper with com.llamalad7.mixinextras.expression.impl.wrapper.ExpressionInjectorWrapperInjectionInfo
[28Dec2025 23:05:25.036] [main/DEBUG] [mixin/]: Mixing server.MainMixin from smoothboot.mixins.json into net.minecraft.server.Main
[28Dec2025 23:05:25.040] [main/WARN] [mixin/]: Error loading class: java/lang/Thread (java.lang.IllegalArgumentException: Unsupported class file major version 69)
